Unicode,Caractere,Nome,Origem
U+0020, ,SPACE,DejaVu Serif: base vetorial licenciada
U+0021,!,EXCLAMATION MARK,DejaVu Serif: base vetorial licenciada
U+0022,"""",QUOTATION MARK,DejaVu Serif: base vetorial licenciada
U+0023,#,NUMBER SIGN,DejaVu Serif: base vetorial licenciada
U+0024,$,DOLLAR SIGN,DejaVu Serif: base vetorial licenciada
U+0025,%,PERCENT SIGN,DejaVu Serif: base vetorial licenciada
U+0026,&,AMPERSAND,DejaVu Serif: base vetorial licenciada
U+0027,',APOSTROPHE,DejaVu Serif: base vetorial licenciada
U+0028,(,LEFT PARENTHESIS,DejaVu Serif: base vetorial licenciada
U+0029,),RIGHT PARENTHESIS,DejaVu Serif: base vetorial licenciada
U+002A,*,ASTERISK,DejaVu Serif: base vetorial licenciada
U+002B,+,PLUS SIGN,DejaVu Serif: base vetorial licenciada
U+002C,",",COMMA,DejaVu Serif: base vetorial licenciada
U+002D,-,HYPHEN-MINUS,DejaVu Serif: base vetorial licenciada
U+002E,.,FULL STOP,DejaVu Serif: base vetorial licenciada
U+002F,/,SOLIDUS,DejaVu Serif: base vetorial licenciada
U+0030,0,DIGIT ZERO,DejaVu Serif: base vetorial licenciada
U+0031,1,DIGIT ONE,DejaVu Serif: base vetorial licenciada
U+0032,2,DIGIT TWO,DejaVu Serif: base vetorial licenciada
U+0033,3,DIGIT THREE,DejaVu Serif: base vetorial licenciada
U+0034,4,DIGIT FOUR,DejaVu Serif: base vetorial licenciada
U+0035,5,DIGIT FIVE,DejaVu Serif: base vetorial licenciada
U+0036,6,DIGIT SIX,DejaVu Serif: base vetorial licenciada
U+0037,7,DIGIT SEVEN,DejaVu Serif: base vetorial licenciada
U+0038,8,DIGIT EIGHT,DejaVu Serif: base vetorial licenciada
U+0039,9,DIGIT NINE,DejaVu Serif: base vetorial licenciada
U+003A,:,COLON,DejaVu Serif: base vetorial licenciada
U+003B,;,SEMICOLON,DejaVu Serif: base vetorial licenciada
U+003C,<,LESS-THAN SIGN,DejaVu Serif: base vetorial licenciada
U+003D,=,EQUALS SIGN,DejaVu Serif: base vetorial licenciada
U+003E,>,GREATER-THAN SIGN,DejaVu Serif: base vetorial licenciada
U+003F,?,QUESTION MARK,DejaVu Serif: base vetorial licenciada
U+0040,@,COMMERCIAL AT,DejaVu Serif: base vetorial licenciada
U+0041,A,LATIN CAPITAL LETTER A,Peregrini: contorno aprovado suavizado e ajustado às métricas
U+0042,B,LATIN CAPITAL LETTER B,Peregrini: contorno aprovado suavizado e ajustado às métricas
U+0043,C,LATIN CAPITAL LETTER C,Peregrini: contorno aprovado suavizado e ajustado às métricas
U+0044,D,LATIN CAPITAL LETTER D,DejaVu Serif: base vetorial licenciada
U+0045,E,LATIN CAPITAL LETTER E,Peregrini: contorno aprovado suavizado e ajustado às métricas
U+0046,F,LATIN CAPITAL LETTER F,DejaVu Serif: base vetorial licenciada
U+0047,G,LATIN CAPITAL LETTER G,DejaVu Serif: base vetorial licenciada
U+0048,H,LATIN CAPITAL LETTER H,Peregrini: contorno aprovado suavizado e ajustado às métricas
U+0049,I,LATIN CAPITAL LETTER I,DejaVu Serif: base vetorial licenciada
U+004A,J,LATIN CAPITAL LETTER J,DejaVu Serif: base vetorial licenciada
U+004B,K,LATIN CAPITAL LETTER K,Peregrini: contorno aprovado suavizado e ajustado às métricas
U+004C,L,LATIN CAPITAL LETTER L,DejaVu Serif: base vetorial licenciada
U+004D,M,LATIN CAPITAL LETTER M,Peregrini: contorno aprovado suavizado e ajustado às métricas
U+004E,N,LATIN CAPITAL LETTER N,Peregrini: contorno aprovado suavizado e ajustado às métricas
U+004F,O,LATIN CAPITAL LETTER O,Peregrini: contorno aprovado suavizado e ajustado às métricas
U+0050,P,LATIN CAPITAL LETTER P,Peregrini: contorno aprovado suavizado e ajustado às métricas
U+0051,Q,LATIN CAPITAL LETTER Q,DejaVu Serif: base vetorial licenciada
U+0052,R,LATIN CAPITAL LETTER R,Peregrini: contorno aprovado suavizado e ajustado às métricas
U+0053,S,LATIN CAPITAL LETTER S,DejaVu Serif: base vetorial licenciada
U+0054,T,LATIN CAPITAL LETTER T,Peregrini: contorno aprovado suavizado e ajustado às métricas
U+0055,U,LATIN CAPITAL LETTER U,DejaVu Serif: base vetorial licenciada
U+0056,V,LATIN CAPITAL LETTER V,Peregrini: contorno aprovado suavizado e ajustado às métricas
U+0057,W,LATIN CAPITAL LETTER W,DejaVu Serif: base vetorial licenciada
U+0058,X,LATIN CAPITAL LETTER X,Peregrini: contorno aprovado suavizado e ajustado às métricas
U+0059,Y,LATIN CAPITAL LETTER Y,Peregrini: contorno aprovado suavizado e ajustado às métricas
U+005A,Z,LATIN CAPITAL LETTER Z,DejaVu Serif: base vetorial licenciada
U+005B,[,LEFT SQUARE BRACKET,DejaVu Serif: base vetorial licenciada
U+005C,\,REVERSE SOLIDUS,DejaVu Serif: base vetorial licenciada
U+005D,],RIGHT SQUARE BRACKET,DejaVu Serif: base vetorial licenciada
U+005E,^,CIRCUMFLEX ACCENT,DejaVu Serif: base vetorial licenciada
U+005F,_,LOW LINE,DejaVu Serif: base vetorial licenciada
U+0060,`,GRAVE ACCENT,DejaVu Serif: base vetorial licenciada
U+0061,a,LATIN SMALL LETTER A,Peregrini: contorno aprovado suavizado e ajustado às métricas
U+0062,b,LATIN SMALL LETTER B,Peregrini: contorno aprovado suavizado e ajustado às métricas
U+0063,c,LATIN SMALL LETTER C,Peregrini: contorno aprovado suavizado e ajustado às métricas
U+0064,d,LATIN SMALL LETTER D,DejaVu Serif: base vetorial licenciada
U+0065,e,LATIN SMALL LETTER E,Peregrini: contorno aprovado suavizado e ajustado às métricas
U+0066,f,LATIN SMALL LETTER F,DejaVu Serif: base vetorial licenciada
U+0067,g,LATIN SMALL LETTER G,DejaVu Serif: base vetorial licenciada
U+0068,h,LATIN SMALL LETTER H,Peregrini: contorno aprovado suavizado e ajustado às métricas
U+0069,i,LATIN SMALL LETTER I,DejaVu Serif: base vetorial licenciada
U+006A,j,LATIN SMALL LETTER J,DejaVu Serif: base vetorial licenciada
U+006B,k,LATIN SMALL LETTER K,Peregrini: contorno aprovado suavizado e ajustado às métricas
U+006C,l,LATIN SMALL LETTER L,DejaVu Serif: base vetorial licenciada
U+006D,m,LATIN SMALL LETTER M,Peregrini: contorno aprovado suavizado e ajustado às métricas
U+006E,n,LATIN SMALL LETTER N,Peregrini: contorno aprovado suavizado e ajustado às métricas
U+006F,o,LATIN SMALL LETTER O,Peregrini: contorno aprovado suavizado e ajustado às métricas
U+0070,p,LATIN SMALL LETTER P,Peregrini: contorno aprovado suavizado e ajustado às métricas
U+0071,q,LATIN SMALL LETTER Q,DejaVu Serif: base vetorial licenciada
U+0072,r,LATIN SMALL LETTER R,Peregrini: contorno aprovado suavizado e ajustado às métricas
U+0073,s,LATIN SMALL LETTER S,DejaVu Serif: base vetorial licenciada
U+0074,t,LATIN SMALL LETTER T,Peregrini: contorno aprovado suavizado e ajustado às métricas
U+0075,u,LATIN SMALL LETTER U,DejaVu Serif: base vetorial licenciada
U+0076,v,LATIN SMALL LETTER V,Peregrini: contorno aprovado suavizado e ajustado às métricas
U+0077,w,LATIN SMALL LETTER W,DejaVu Serif: base vetorial licenciada
U+0078,x,LATIN SMALL LETTER X,Peregrini: contorno aprovado suavizado e ajustado às métricas
U+0079,y,LATIN SMALL LETTER Y,Peregrini: contorno aprovado suavizado e ajustado às métricas
U+007A,z,LATIN SMALL LETTER Z,DejaVu Serif: base vetorial licenciada
U+007B,{,LEFT CURLY BRACKET,DejaVu Serif: base vetorial licenciada
U+007C,|,VERTICAL LINE,DejaVu Serif: base vetorial licenciada
U+007D,},RIGHT CURLY BRACKET,DejaVu Serif: base vetorial licenciada
U+007E,~,TILDE,DejaVu Serif: base vetorial licenciada
U+00A0, ,NO-BREAK SPACE,DejaVu Serif: base vetorial licenciada
U+00A1,¡,INVERTED EXCLAMATION MARK,DejaVu Serif: base vetorial licenciada
U+00A2,¢,CENT SIGN,DejaVu Serif: base vetorial licenciada
U+00A3,£,POUND SIGN,DejaVu Serif: base vetorial licenciada
U+00A4,¤,CURRENCY SIGN,DejaVu Serif: base vetorial licenciada
U+00A5,¥,YEN SIGN,DejaVu Serif: base vetorial licenciada
U+00A6,¦,BROKEN BAR,DejaVu Serif: base vetorial licenciada
U+00A7,§,SECTION SIGN,DejaVu Serif: base vetorial licenciada
U+00A8,¨,DIAERESIS,DejaVu Serif: base vetorial licenciada
U+00A9,©,COPYRIGHT SIGN,DejaVu Serif: base vetorial licenciada
U+00AA,ª,FEMININE ORDINAL INDICATOR,DejaVu Serif: base vetorial licenciada
U+00AB,«,LEFT-POINTING DOUBLE ANGLE QUOTATION MARK,DejaVu Serif: base vetorial licenciada
U+00AC,¬,NOT SIGN,DejaVu Serif: base vetorial licenciada
U+00AD,­,SOFT HYPHEN,DejaVu Serif: base vetorial licenciada
U+00AE,®,REGISTERED SIGN,DejaVu Serif: base vetorial licenciada
U+00AF,¯,MACRON,DejaVu Serif: base vetorial licenciada
U+00B0,°,DEGREE SIGN,DejaVu Serif: base vetorial licenciada
U+00B1,±,PLUS-MINUS SIGN,DejaVu Serif: base vetorial licenciada
U+00B2,²,SUPERSCRIPT TWO,DejaVu Serif: base vetorial licenciada
U+00B3,³,SUPERSCRIPT THREE,DejaVu Serif: base vetorial licenciada
U+00B4,´,ACUTE ACCENT,DejaVu Serif: base vetorial licenciada
U+00B5,µ,MICRO SIGN,DejaVu Serif: base vetorial licenciada
U+00B6,¶,PILCROW SIGN,DejaVu Serif: base vetorial licenciada
U+00B7,·,MIDDLE DOT,DejaVu Serif: base vetorial licenciada
U+00B8,¸,CEDILLA,DejaVu Serif: base vetorial licenciada
U+00B9,¹,SUPERSCRIPT ONE,DejaVu Serif: base vetorial licenciada
U+00BA,º,MASCULINE ORDINAL INDICATOR,DejaVu Serif: base vetorial licenciada
U+00BB,»,RIGHT-POINTING DOUBLE ANGLE QUOTATION MARK,DejaVu Serif: base vetorial licenciada
U+00BC,¼,VULGAR FRACTION ONE QUARTER,DejaVu Serif: base vetorial licenciada
U+00BD,½,VULGAR FRACTION ONE HALF,DejaVu Serif: base vetorial licenciada
U+00BE,¾,VULGAR FRACTION THREE QUARTERS,DejaVu Serif: base vetorial licenciada
U+00BF,¿,INVERTED QUESTION MARK,DejaVu Serif: base vetorial licenciada
U+00C0,À,LATIN CAPITAL LETTER A WITH GRAVE,DejaVu Serif: base vetorial licenciada
U+00C1,Á,LATIN CAPITAL LETTER A WITH ACUTE,DejaVu Serif: base vetorial licenciada
U+00C2,Â,LATIN CAPITAL LETTER A WITH CIRCUMFLEX,DejaVu Serif: base vetorial licenciada
U+00C3,Ã,LATIN CAPITAL LETTER A WITH TILDE,DejaVu Serif: base vetorial licenciada
U+00C4,Ä,LATIN CAPITAL LETTER A WITH DIAERESIS,DejaVu Serif: base vetorial licenciada
U+00C5,Å,LATIN CAPITAL LETTER A WITH RING ABOVE,DejaVu Serif: base vetorial licenciada
U+00C6,Æ,LATIN CAPITAL LETTER AE,DejaVu Serif: base vetorial licenciada
U+00C7,Ç,LATIN CAPITAL LETTER C WITH CEDILLA,DejaVu Serif: base vetorial licenciada
U+00C8,È,LATIN CAPITAL LETTER E WITH GRAVE,DejaVu Serif: base vetorial licenciada
U+00C9,É,LATIN CAPITAL LETTER E WITH ACUTE,DejaVu Serif: base vetorial licenciada
U+00CA,Ê,LATIN CAPITAL LETTER E WITH CIRCUMFLEX,DejaVu Serif: base vetorial licenciada
U+00CB,Ë,LATIN CAPITAL LETTER E WITH DIAERESIS,DejaVu Serif: base vetorial licenciada
U+00CC,Ì,LATIN CAPITAL LETTER I WITH GRAVE,DejaVu Serif: base vetorial licenciada
U+00CD,Í,LATIN CAPITAL LETTER I WITH ACUTE,DejaVu Serif: base vetorial licenciada
U+00CE,Î,LATIN CAPITAL LETTER I WITH CIRCUMFLEX,DejaVu Serif: base vetorial licenciada
U+00CF,Ï,LATIN CAPITAL LETTER I WITH DIAERESIS,DejaVu Serif: base vetorial licenciada
U+00D0,Ð,LATIN CAPITAL LETTER ETH,DejaVu Serif: base vetorial licenciada
U+00D1,Ñ,LATIN CAPITAL LETTER N WITH TILDE,DejaVu Serif: base vetorial licenciada
U+00D2,Ò,LATIN CAPITAL LETTER O WITH GRAVE,DejaVu Serif: base vetorial licenciada
U+00D3,Ó,LATIN CAPITAL LETTER O WITH ACUTE,DejaVu Serif: base vetorial licenciada
U+00D4,Ô,LATIN CAPITAL LETTER O WITH CIRCUMFLEX,DejaVu Serif: base vetorial licenciada
U+00D5,Õ,LATIN CAPITAL LETTER O WITH TILDE,DejaVu Serif: base vetorial licenciada
U+00D6,Ö,LATIN CAPITAL LETTER O WITH DIAERESIS,DejaVu Serif: base vetorial licenciada
U+00D7,×,MULTIPLICATION SIGN,DejaVu Serif: base vetorial licenciada
U+00D8,Ø,LATIN CAPITAL LETTER O WITH STROKE,DejaVu Serif: base vetorial licenciada
U+00D9,Ù,LATIN CAPITAL LETTER U WITH GRAVE,DejaVu Serif: base vetorial licenciada
U+00DA,Ú,LATIN CAPITAL LETTER U WITH ACUTE,DejaVu Serif: base vetorial licenciada
U+00DB,Û,LATIN CAPITAL LETTER U WITH CIRCUMFLEX,DejaVu Serif: base vetorial licenciada
U+00DC,Ü,LATIN CAPITAL LETTER U WITH DIAERESIS,DejaVu Serif: base vetorial licenciada
U+00DD,Ý,LATIN CAPITAL LETTER Y WITH ACUTE,DejaVu Serif: base vetorial licenciada
U+00DE,Þ,LATIN CAPITAL LETTER THORN,DejaVu Serif: base vetorial licenciada
U+00DF,ß,LATIN SMALL LETTER SHARP S,DejaVu Serif: base vetorial licenciada
U+00E0,à,LATIN SMALL LETTER A WITH GRAVE,DejaVu Serif: base vetorial licenciada
U+00E1,á,LATIN SMALL LETTER A WITH ACUTE,DejaVu Serif: base vetorial licenciada
U+00E2,â,LATIN SMALL LETTER A WITH CIRCUMFLEX,DejaVu Serif: base vetorial licenciada
U+00E3,ã,LATIN SMALL LETTER A WITH TILDE,DejaVu Serif: base vetorial licenciada
U+00E4,ä,LATIN SMALL LETTER A WITH DIAERESIS,DejaVu Serif: base vetorial licenciada
U+00E5,å,LATIN SMALL LETTER A WITH RING ABOVE,DejaVu Serif: base vetorial licenciada
U+00E6,æ,LATIN SMALL LETTER AE,DejaVu Serif: base vetorial licenciada
U+00E7,ç,LATIN SMALL LETTER C WITH CEDILLA,DejaVu Serif: base vetorial licenciada
U+00E8,è,LATIN SMALL LETTER E WITH GRAVE,DejaVu Serif: base vetorial licenciada
U+00E9,é,LATIN SMALL LETTER E WITH ACUTE,DejaVu Serif: base vetorial licenciada
U+00EA,ê,LATIN SMALL LETTER E WITH CIRCUMFLEX,DejaVu Serif: base vetorial licenciada
U+00EB,ë,LATIN SMALL LETTER E WITH DIAERESIS,DejaVu Serif: base vetorial licenciada
U+00EC,ì,LATIN SMALL LETTER I WITH GRAVE,DejaVu Serif: base vetorial licenciada
U+00ED,í,LATIN SMALL LETTER I WITH ACUTE,DejaVu Serif: base vetorial licenciada
U+00EE,î,LATIN SMALL LETTER I WITH CIRCUMFLEX,DejaVu Serif: base vetorial licenciada
U+00EF,ï,LATIN SMALL LETTER I WITH DIAERESIS,DejaVu Serif: base vetorial licenciada
U+00F0,ð,LATIN SMALL LETTER ETH,DejaVu Serif: base vetorial licenciada
U+00F1,ñ,LATIN SMALL LETTER N WITH TILDE,DejaVu Serif: base vetorial licenciada
U+00F2,ò,LATIN SMALL LETTER O WITH GRAVE,DejaVu Serif: base vetorial licenciada
U+00F3,ó,LATIN SMALL LETTER O WITH ACUTE,DejaVu Serif: base vetorial licenciada
U+00F4,ô,LATIN SMALL LETTER O WITH CIRCUMFLEX,DejaVu Serif: base vetorial licenciada
U+00F5,õ,LATIN SMALL LETTER O WITH TILDE,DejaVu Serif: base vetorial licenciada
U+00F6,ö,LATIN SMALL LETTER O WITH DIAERESIS,DejaVu Serif: base vetorial licenciada
U+00F7,÷,DIVISION SIGN,DejaVu Serif: base vetorial licenciada
U+00F8,ø,LATIN SMALL LETTER O WITH STROKE,DejaVu Serif: base vetorial licenciada
U+00F9,ù,LATIN SMALL LETTER U WITH GRAVE,DejaVu Serif: base vetorial licenciada
U+00FA,ú,LATIN SMALL LETTER U WITH ACUTE,DejaVu Serif: base vetorial licenciada
U+00FB,û,LATIN SMALL LETTER U WITH CIRCUMFLEX,DejaVu Serif: base vetorial licenciada
U+00FC,ü,LATIN SMALL LETTER U WITH DIAERESIS,DejaVu Serif: base vetorial licenciada
U+00FD,ý,LATIN SMALL LETTER Y WITH ACUTE,DejaVu Serif: base vetorial licenciada
U+00FE,þ,LATIN SMALL LETTER THORN,DejaVu Serif: base vetorial licenciada
U+00FF,ÿ,LATIN SMALL LETTER Y WITH DIAERESIS,DejaVu Serif: base vetorial licenciada
U+0100,Ā,LATIN CAPITAL LETTER A WITH MACRON,DejaVu Serif: base vetorial licenciada
U+0101,ā,LATIN SMALL LETTER A WITH MACRON,DejaVu Serif: base vetorial licenciada
U+0102,Ă,LATIN CAPITAL LETTER A WITH BREVE,DejaVu Serif: base vetorial licenciada
U+0103,ă,LATIN SMALL LETTER A WITH BREVE,DejaVu Serif: base vetorial licenciada
U+0104,Ą,LATIN CAPITAL LETTER A WITH OGONEK,DejaVu Serif: base vetorial licenciada
U+0105,ą,LATIN SMALL LETTER A WITH OGONEK,DejaVu Serif: base vetorial licenciada
U+0106,Ć,LATIN CAPITAL LETTER C WITH ACUTE,DejaVu Serif: base vetorial licenciada
U+0107,ć,LATIN SMALL LETTER C WITH ACUTE,DejaVu Serif: base vetorial licenciada
U+0108,Ĉ,LATIN CAPITAL LETTER C WITH CIRCUMFLEX,DejaVu Serif: base vetorial licenciada
U+0109,ĉ,LATIN SMALL LETTER C WITH CIRCUMFLEX,DejaVu Serif: base vetorial licenciada
U+010A,Ċ,LATIN CAPITAL LETTER C WITH DOT ABOVE,DejaVu Serif: base vetorial licenciada
U+010B,ċ,LATIN SMALL LETTER C WITH DOT ABOVE,DejaVu Serif: base vetorial licenciada
U+010C,Č,LATIN CAPITAL LETTER C WITH CARON,DejaVu Serif: base vetorial licenciada
U+010D,č,LATIN SMALL LETTER C WITH CARON,DejaVu Serif: base vetorial licenciada
U+010E,Ď,LATIN CAPITAL LETTER D WITH CARON,DejaVu Serif: base vetorial licenciada
U+010F,ď,LATIN SMALL LETTER D WITH CARON,DejaVu Serif: base vetorial licenciada
U+0110,Đ,LATIN CAPITAL LETTER D WITH STROKE,DejaVu Serif: base vetorial licenciada
U+0111,đ,LATIN SMALL LETTER D WITH STROKE,DejaVu Serif: base vetorial licenciada
U+0112,Ē,LATIN CAPITAL LETTER E WITH MACRON,DejaVu Serif: base vetorial licenciada
U+0113,ē,LATIN SMALL LETTER E WITH MACRON,DejaVu Serif: base vetorial licenciada
U+0114,Ĕ,LATIN CAPITAL LETTER E WITH BREVE,DejaVu Serif: base vetorial licenciada
U+0115,ĕ,LATIN SMALL LETTER E WITH BREVE,DejaVu Serif: base vetorial licenciada
U+0116,Ė,LATIN CAPITAL LETTER E WITH DOT ABOVE,DejaVu Serif: base vetorial licenciada
U+0117,ė,LATIN SMALL LETTER E WITH DOT ABOVE,DejaVu Serif: base vetorial licenciada
U+0118,Ę,LATIN CAPITAL LETTER E WITH OGONEK,DejaVu Serif: base vetorial licenciada
U+0119,ę,LATIN SMALL LETTER E WITH OGONEK,DejaVu Serif: base vetorial licenciada
U+011A,Ě,LATIN CAPITAL LETTER E WITH CARON,DejaVu Serif: base vetorial licenciada
U+011B,ě,LATIN SMALL LETTER E WITH CARON,DejaVu Serif: base vetorial licenciada
U+011C,Ĝ,LATIN CAPITAL LETTER G WITH CIRCUMFLEX,DejaVu Serif: base vetorial licenciada
U+011D,ĝ,LATIN SMALL LETTER G WITH CIRCUMFLEX,DejaVu Serif: base vetorial licenciada
U+011E,Ğ,LATIN CAPITAL LETTER G WITH BREVE,DejaVu Serif: base vetorial licenciada
U+011F,ğ,LATIN SMALL LETTER G WITH BREVE,DejaVu Serif: base vetorial licenciada
U+0120,Ġ,LATIN CAPITAL LETTER G WITH DOT ABOVE,DejaVu Serif: base vetorial licenciada
U+0121,ġ,LATIN SMALL LETTER G WITH DOT ABOVE,DejaVu Serif: base vetorial licenciada
U+0122,Ģ,LATIN CAPITAL LETTER G WITH CEDILLA,DejaVu Serif: base vetorial licenciada
U+0123,ģ,LATIN SMALL LETTER G WITH CEDILLA,DejaVu Serif: base vetorial licenciada
U+0124,Ĥ,LATIN CAPITAL LETTER H WITH CIRCUMFLEX,DejaVu Serif: base vetorial licenciada
U+0125,ĥ,LATIN SMALL LETTER H WITH CIRCUMFLEX,DejaVu Serif: base vetorial licenciada
U+0126,Ħ,LATIN CAPITAL LETTER H WITH STROKE,DejaVu Serif: base vetorial licenciada
U+0127,ħ,LATIN SMALL LETTER H WITH STROKE,DejaVu Serif: base vetorial licenciada
U+0128,Ĩ,LATIN CAPITAL LETTER I WITH TILDE,DejaVu Serif: base vetorial licenciada
U+0129,ĩ,LATIN SMALL LETTER I WITH TILDE,DejaVu Serif: base vetorial licenciada
U+012A,Ī,LATIN CAPITAL LETTER I WITH MACRON,DejaVu Serif: base vetorial licenciada
U+012B,ī,LATIN SMALL LETTER I WITH MACRON,DejaVu Serif: base vetorial licenciada
U+012C,Ĭ,LATIN CAPITAL LETTER I WITH BREVE,DejaVu Serif: base vetorial licenciada
U+012D,ĭ,LATIN SMALL LETTER I WITH BREVE,DejaVu Serif: base vetorial licenciada
U+012E,Į,LATIN CAPITAL LETTER I WITH OGONEK,DejaVu Serif: base vetorial licenciada
U+012F,į,LATIN SMALL LETTER I WITH OGONEK,DejaVu Serif: base vetorial licenciada
U+0130,İ,LATIN CAPITAL LETTER I WITH DOT ABOVE,DejaVu Serif: base vetorial licenciada
U+0131,ı,LATIN SMALL LETTER DOTLESS I,DejaVu Serif: base vetorial licenciada
U+0132,Ĳ,LATIN CAPITAL LIGATURE IJ,DejaVu Serif: base vetorial licenciada
U+0133,ĳ,LATIN SMALL LIGATURE IJ,DejaVu Serif: base vetorial licenciada
U+0134,Ĵ,LATIN CAPITAL LETTER J WITH CIRCUMFLEX,DejaVu Serif: base vetorial licenciada
U+0135,ĵ,LATIN SMALL LETTER J WITH CIRCUMFLEX,DejaVu Serif: base vetorial licenciada
U+0136,Ķ,LATIN CAPITAL LETTER K WITH CEDILLA,DejaVu Serif: base vetorial licenciada
U+0137,ķ,LATIN SMALL LETTER K WITH CEDILLA,DejaVu Serif: base vetorial licenciada
U+0138,ĸ,LATIN SMALL LETTER KRA,DejaVu Serif: base vetorial licenciada
U+0139,Ĺ,LATIN CAPITAL LETTER L WITH ACUTE,DejaVu Serif: base vetorial licenciada
U+013A,ĺ,LATIN SMALL LETTER L WITH ACUTE,DejaVu Serif: base vetorial licenciada
U+013B,Ļ,LATIN CAPITAL LETTER L WITH CEDILLA,DejaVu Serif: base vetorial licenciada
U+013C,ļ,LATIN SMALL LETTER L WITH CEDILLA,DejaVu Serif: base vetorial licenciada
U+013D,Ľ,LATIN CAPITAL LETTER L WITH CARON,DejaVu Serif: base vetorial licenciada
U+013E,ľ,LATIN SMALL LETTER L WITH CARON,DejaVu Serif: base vetorial licenciada
U+013F,Ŀ,LATIN CAPITAL LETTER L WITH MIDDLE DOT,DejaVu Serif: base vetorial licenciada
U+0140,ŀ,LATIN SMALL LETTER L WITH MIDDLE DOT,DejaVu Serif: base vetorial licenciada
U+0141,Ł,LATIN CAPITAL LETTER L WITH STROKE,DejaVu Serif: base vetorial licenciada
U+0142,ł,LATIN SMALL LETTER L WITH STROKE,DejaVu Serif: base vetorial licenciada
U+0143,Ń,LATIN CAPITAL LETTER N WITH ACUTE,DejaVu Serif: base vetorial licenciada
U+0144,ń,LATIN SMALL LETTER N WITH ACUTE,DejaVu Serif: base vetorial licenciada
U+0145,Ņ,LATIN CAPITAL LETTER N WITH CEDILLA,DejaVu Serif: base vetorial licenciada
U+0146,ņ,LATIN SMALL LETTER N WITH CEDILLA,DejaVu Serif: base vetorial licenciada
U+0147,Ň,LATIN CAPITAL LETTER N WITH CARON,DejaVu Serif: base vetorial licenciada
U+0148,ň,LATIN SMALL LETTER N WITH CARON,DejaVu Serif: base vetorial licenciada
U+0149,ŉ,LATIN SMALL LETTER N PRECEDED BY APOSTROPHE,DejaVu Serif: base vetorial licenciada
U+014A,Ŋ,LATIN CAPITAL LETTER ENG,DejaVu Serif: base vetorial licenciada
U+014B,ŋ,LATIN SMALL LETTER ENG,DejaVu Serif: base vetorial licenciada
U+014C,Ō,LATIN CAPITAL LETTER O WITH MACRON,DejaVu Serif: base vetorial licenciada
U+014D,ō,LATIN SMALL LETTER O WITH MACRON,DejaVu Serif: base vetorial licenciada
U+014E,Ŏ,LATIN CAPITAL LETTER O WITH BREVE,DejaVu Serif: base vetorial licenciada
U+014F,ŏ,LATIN SMALL LETTER O WITH BREVE,DejaVu Serif: base vetorial licenciada
U+0150,Ő,LATIN CAPITAL LETTER O WITH DOUBLE ACUTE,DejaVu Serif: base vetorial licenciada
U+0151,ő,LATIN SMALL LETTER O WITH DOUBLE ACUTE,DejaVu Serif: base vetorial licenciada
U+0152,Œ,LATIN CAPITAL LIGATURE OE,DejaVu Serif: base vetorial licenciada
U+0153,œ,LATIN SMALL LIGATURE OE,DejaVu Serif: base vetorial licenciada
U+0154,Ŕ,LATIN CAPITAL LETTER R WITH ACUTE,DejaVu Serif: base vetorial licenciada
U+0155,ŕ,LATIN SMALL LETTER R WITH ACUTE,DejaVu Serif: base vetorial licenciada
U+0156,Ŗ,LATIN CAPITAL LETTER R WITH CEDILLA,DejaVu Serif: base vetorial licenciada
U+0157,ŗ,LATIN SMALL LETTER R WITH CEDILLA,DejaVu Serif: base vetorial licenciada
U+0158,Ř,LATIN CAPITAL LETTER R WITH CARON,DejaVu Serif: base vetorial licenciada
U+0159,ř,LATIN SMALL LETTER R WITH CARON,DejaVu Serif: base vetorial licenciada
U+015A,Ś,LATIN CAPITAL LETTER S WITH ACUTE,DejaVu Serif: base vetorial licenciada
U+015B,ś,LATIN SMALL LETTER S WITH ACUTE,DejaVu Serif: base vetorial licenciada
U+015C,Ŝ,LATIN CAPITAL LETTER S WITH CIRCUMFLEX,DejaVu Serif: base vetorial licenciada
U+015D,ŝ,LATIN SMALL LETTER S WITH CIRCUMFLEX,DejaVu Serif: base vetorial licenciada
U+015E,Ş,LATIN CAPITAL LETTER S WITH CEDILLA,DejaVu Serif: base vetorial licenciada
U+015F,ş,LATIN SMALL LETTER S WITH CEDILLA,DejaVu Serif: base vetorial licenciada
U+0160,Š,LATIN CAPITAL LETTER S WITH CARON,DejaVu Serif: base vetorial licenciada
U+0161,š,LATIN SMALL LETTER S WITH CARON,DejaVu Serif: base vetorial licenciada
U+0162,Ţ,LATIN CAPITAL LETTER T WITH CEDILLA,DejaVu Serif: base vetorial licenciada
U+0163,ţ,LATIN SMALL LETTER T WITH CEDILLA,DejaVu Serif: base vetorial licenciada
U+0164,Ť,LATIN CAPITAL LETTER T WITH CARON,DejaVu Serif: base vetorial licenciada
U+0165,ť,LATIN SMALL LETTER T WITH CARON,DejaVu Serif: base vetorial licenciada
U+0166,Ŧ,LATIN CAPITAL LETTER T WITH STROKE,DejaVu Serif: base vetorial licenciada
U+0167,ŧ,LATIN SMALL LETTER T WITH STROKE,DejaVu Serif: base vetorial licenciada
U+0168,Ũ,LATIN CAPITAL LETTER U WITH TILDE,DejaVu Serif: base vetorial licenciada
U+0169,ũ,LATIN SMALL LETTER U WITH TILDE,DejaVu Serif: base vetorial licenciada
U+016A,Ū,LATIN CAPITAL LETTER U WITH MACRON,DejaVu Serif: base vetorial licenciada
U+016B,ū,LATIN SMALL LETTER U WITH MACRON,DejaVu Serif: base vetorial licenciada
U+016C,Ŭ,LATIN CAPITAL LETTER U WITH BREVE,DejaVu Serif: base vetorial licenciada
U+016D,ŭ,LATIN SMALL LETTER U WITH BREVE,DejaVu Serif: base vetorial licenciada
U+016E,Ů,LATIN CAPITAL LETTER U WITH RING ABOVE,DejaVu Serif: base vetorial licenciada
U+016F,ů,LATIN SMALL LETTER U WITH RING ABOVE,DejaVu Serif: base vetorial licenciada
U+0170,Ű,LATIN CAPITAL LETTER U WITH DOUBLE ACUTE,DejaVu Serif: base vetorial licenciada
U+0171,ű,LATIN SMALL LETTER U WITH DOUBLE ACUTE,DejaVu Serif: base vetorial licenciada
U+0172,Ų,LATIN CAPITAL LETTER U WITH OGONEK,DejaVu Serif: base vetorial licenciada
U+0173,ų,LATIN SMALL LETTER U WITH OGONEK,DejaVu Serif: base vetorial licenciada
U+0174,Ŵ,LATIN CAPITAL LETTER W WITH CIRCUMFLEX,DejaVu Serif: base vetorial licenciada
U+0175,ŵ,LATIN SMALL LETTER W WITH CIRCUMFLEX,DejaVu Serif: base vetorial licenciada
U+0176,Ŷ,LATIN CAPITAL LETTER Y WITH CIRCUMFLEX,DejaVu Serif: base vetorial licenciada
U+0177,ŷ,LATIN SMALL LETTER Y WITH CIRCUMFLEX,DejaVu Serif: base vetorial licenciada
U+0178,Ÿ,LATIN CAPITAL LETTER Y WITH DIAERESIS,DejaVu Serif: base vetorial licenciada
U+0179,Ź,LATIN CAPITAL LETTER Z WITH ACUTE,DejaVu Serif: base vetorial licenciada
U+017A,ź,LATIN SMALL LETTER Z WITH ACUTE,DejaVu Serif: base vetorial licenciada
U+017B,Ż,LATIN CAPITAL LETTER Z WITH DOT ABOVE,DejaVu Serif: base vetorial licenciada
U+017C,ż,LATIN SMALL LETTER Z WITH DOT ABOVE,DejaVu Serif: base vetorial licenciada
U+017D,Ž,LATIN CAPITAL LETTER Z WITH CARON,DejaVu Serif: base vetorial licenciada
U+017E,ž,LATIN SMALL LETTER Z WITH CARON,DejaVu Serif: base vetorial licenciada
U+017F,ſ,LATIN SMALL LETTER LONG S,DejaVu Serif: base vetorial licenciada
U+0180,ƀ,LATIN SMALL LETTER B WITH STROKE,DejaVu Serif: base vetorial licenciada
U+0181,Ɓ,LATIN CAPITAL LETTER B WITH HOOK,DejaVu Serif: base vetorial licenciada
U+0182,Ƃ,LATIN CAPITAL LETTER B WITH TOPBAR,DejaVu Serif: base vetorial licenciada
U+0183,ƃ,LATIN SMALL LETTER B WITH TOPBAR,DejaVu Serif: base vetorial licenciada
U+0184,Ƅ,LATIN CAPITAL LETTER TONE SIX,DejaVu Serif: base vetorial licenciada
U+0185,ƅ,LATIN SMALL LETTER TONE SIX,DejaVu Serif: base vetorial licenciada
U+0186,Ɔ,LATIN CAPITAL LETTER OPEN O,DejaVu Serif: base vetorial licenciada
U+0187,Ƈ,LATIN CAPITAL LETTER C WITH HOOK,DejaVu Serif: base vetorial licenciada
U+0188,ƈ,LATIN SMALL LETTER C WITH HOOK,DejaVu Serif: base vetorial licenciada
U+0189,Ɖ,LATIN CAPITAL LETTER AFRICAN D,DejaVu Serif: base vetorial licenciada
U+018A,Ɗ,LATIN CAPITAL LETTER D WITH HOOK,DejaVu Serif: base vetorial licenciada
U+018B,Ƌ,LATIN CAPITAL LETTER D WITH TOPBAR,DejaVu Serif: base vetorial licenciada
U+018C,ƌ,LATIN SMALL LETTER D WITH TOPBAR,DejaVu Serif: base vetorial licenciada
U+018D,ƍ,LATIN SMALL LETTER TURNED DELTA,DejaVu Serif: base vetorial licenciada
U+018E,Ǝ,LATIN CAPITAL LETTER REVERSED E,DejaVu Serif: base vetorial licenciada
U+018F,Ə,LATIN CAPITAL LETTER SCHWA,DejaVu Serif: base vetorial licenciada
U+0190,Ɛ,LATIN CAPITAL LETTER OPEN E,DejaVu Serif: base vetorial licenciada
U+0191,Ƒ,LATIN CAPITAL LETTER F WITH HOOK,DejaVu Serif: base vetorial licenciada
U+0192,ƒ,LATIN SMALL LETTER F WITH HOOK,DejaVu Serif: base vetorial licenciada
U+0193,Ɠ,LATIN CAPITAL LETTER G WITH HOOK,DejaVu Serif: base vetorial licenciada
U+0194,Ɣ,LATIN CAPITAL LETTER GAMMA,DejaVu Serif: base vetorial licenciada
U+0195,ƕ,LATIN SMALL LETTER HV,DejaVu Serif: base vetorial licenciada
U+0196,Ɩ,LATIN CAPITAL LETTER IOTA,DejaVu Serif: base vetorial licenciada
U+0197,Ɨ,LATIN CAPITAL LETTER I WITH STROKE,DejaVu Serif: base vetorial licenciada
U+0198,Ƙ,LATIN CAPITAL LETTER K WITH HOOK,DejaVu Serif: base vetorial licenciada
U+0199,ƙ,LATIN SMALL LETTER K WITH HOOK,DejaVu Serif: base vetorial licenciada
U+019A,ƚ,LATIN SMALL LETTER L WITH BAR,DejaVu Serif: base vetorial licenciada
U+019B,ƛ,LATIN SMALL LETTER LAMBDA WITH STROKE,DejaVu Serif: base vetorial licenciada
U+019C,Ɯ,LATIN CAPITAL LETTER TURNED M,DejaVu Serif: base vetorial licenciada
U+019D,Ɲ,LATIN CAPITAL LETTER N WITH LEFT HOOK,DejaVu Serif: base vetorial licenciada
U+019E,ƞ,LATIN SMALL LETTER N WITH LONG RIGHT LEG,DejaVu Serif: base vetorial licenciada
U+019F,Ɵ,LATIN CAPITAL LETTER O WITH MIDDLE TILDE,DejaVu Serif: base vetorial licenciada
U+01A0,Ơ,LATIN CAPITAL LETTER O WITH HORN,DejaVu Serif: base vetorial licenciada
U+01A1,ơ,LATIN SMALL LETTER O WITH HORN,DejaVu Serif: base vetorial licenciada
U+01A2,Ƣ,LATIN CAPITAL LETTER OI,DejaVu Serif: base vetorial licenciada
U+01A3,ƣ,LATIN SMALL LETTER OI,DejaVu Serif: base vetorial licenciada
U+01A4,Ƥ,LATIN CAPITAL LETTER P WITH HOOK,DejaVu Serif: base vetorial licenciada
U+01A5,ƥ,LATIN SMALL LETTER P WITH HOOK,DejaVu Serif: base vetorial licenciada
U+01A6,Ʀ,LATIN LETTER YR,DejaVu Serif: base vetorial licenciada
U+01A7,Ƨ,LATIN CAPITAL LETTER TONE TWO,DejaVu Serif: base vetorial licenciada
U+01A8,ƨ,LATIN SMALL LETTER TONE TWO,DejaVu Serif: base vetorial licenciada
U+01A9,Ʃ,LATIN CAPITAL LETTER ESH,DejaVu Serif: base vetorial licenciada
U+01AA,ƪ,LATIN LETTER REVERSED ESH LOOP,DejaVu Serif: base vetorial licenciada
U+01AB,ƫ,LATIN SMALL LETTER T WITH PALATAL HOOK,DejaVu Serif: base vetorial licenciada
U+01AC,Ƭ,LATIN CAPITAL LETTER T WITH HOOK,DejaVu Serif: base vetorial licenciada
U+01AD,ƭ,LATIN SMALL LETTER T WITH HOOK,DejaVu Serif: base vetorial licenciada
U+01AE,Ʈ,LATIN CAPITAL LETTER T WITH RETROFLEX HOOK,DejaVu Serif: base vetorial licenciada
U+01AF,Ư,LATIN CAPITAL LETTER U WITH HORN,DejaVu Serif: base vetorial licenciada
U+01B0,ư,LATIN SMALL LETTER U WITH HORN,DejaVu Serif: base vetorial licenciada
U+01B1,Ʊ,LATIN CAPITAL LETTER UPSILON,DejaVu Serif: base vetorial licenciada
U+01B2,Ʋ,LATIN CAPITAL LETTER V WITH HOOK,DejaVu Serif: base vetorial licenciada
U+01B3,Ƴ,LATIN CAPITAL LETTER Y WITH HOOK,DejaVu Serif: base vetorial licenciada
U+01B4,ƴ,LATIN SMALL LETTER Y WITH HOOK,DejaVu Serif: base vetorial licenciada
U+01B5,Ƶ,LATIN CAPITAL LETTER Z WITH STROKE,DejaVu Serif: base vetorial licenciada
U+01B6,ƶ,LATIN SMALL LETTER Z WITH STROKE,DejaVu Serif: base vetorial licenciada
U+01B7,Ʒ,LATIN CAPITAL LETTER EZH,DejaVu Serif: base vetorial licenciada
U+01B8,Ƹ,LATIN CAPITAL LETTER EZH REVERSED,DejaVu Serif: base vetorial licenciada
U+01B9,ƹ,LATIN SMALL LETTER EZH REVERSED,DejaVu Serif: base vetorial licenciada
U+01BA,ƺ,LATIN SMALL LETTER EZH WITH TAIL,DejaVu Serif: base vetorial licenciada
U+01BB,ƻ,LATIN LETTER TWO WITH STROKE,DejaVu Serif: base vetorial licenciada
U+01BC,Ƽ,LATIN CAPITAL LETTER TONE FIVE,DejaVu Serif: base vetorial licenciada
U+01BD,ƽ,LATIN SMALL LETTER TONE FIVE,DejaVu Serif: base vetorial licenciada
U+01BE,ƾ,LATIN LETTER INVERTED GLOTTAL STOP WITH STROKE,DejaVu Serif: base vetorial licenciada
U+01BF,ƿ,LATIN LETTER WYNN,DejaVu Serif: base vetorial licenciada
U+01C0,ǀ,LATIN LETTER DENTAL CLICK,DejaVu Serif: base vetorial licenciada
U+01C1,ǁ,LATIN LETTER LATERAL CLICK,DejaVu Serif: base vetorial licenciada
U+01C2,ǂ,LATIN LETTER ALVEOLAR CLICK,DejaVu Serif: base vetorial licenciada
U+01C3,ǃ,LATIN LETTER RETROFLEX CLICK,DejaVu Serif: base vetorial licenciada
U+01C4,Ǆ,LATIN CAPITAL LETTER DZ WITH CARON,DejaVu Serif: base vetorial licenciada
U+01C5,ǅ,LATIN CAPITAL LETTER D WITH SMALL LETTER Z WITH CARON,DejaVu Serif: base vetorial licenciada
U+01C6,ǆ,LATIN SMALL LETTER DZ WITH CARON,DejaVu Serif: base vetorial licenciada
U+01C7,Ǉ,LATIN CAPITAL LETTER LJ,DejaVu Serif: base vetorial licenciada
U+01C8,ǈ,LATIN CAPITAL LETTER L WITH SMALL LETTER J,DejaVu Serif: base vetorial licenciada
U+01C9,ǉ,LATIN SMALL LETTER LJ,DejaVu Serif: base vetorial licenciada
U+01CA,Ǌ,LATIN CAPITAL LETTER NJ,DejaVu Serif: base vetorial licenciada
U+01CB,ǋ,LATIN CAPITAL LETTER N WITH SMALL LETTER J,DejaVu Serif: base vetorial licenciada
U+01CC,ǌ,LATIN SMALL LETTER NJ,DejaVu Serif: base vetorial licenciada
U+01CD,Ǎ,LATIN CAPITAL LETTER A WITH CARON,DejaVu Serif: base vetorial licenciada
U+01CE,ǎ,LATIN SMALL LETTER A WITH CARON,DejaVu Serif: base vetorial licenciada
U+01CF,Ǐ,LATIN CAPITAL LETTER I WITH CARON,DejaVu Serif: base vetorial licenciada
U+01D0,ǐ,LATIN SMALL LETTER I WITH CARON,DejaVu Serif: base vetorial licenciada
U+01D1,Ǒ,LATIN CAPITAL LETTER O WITH CARON,DejaVu Serif: base vetorial licenciada
U+01D2,ǒ,LATIN SMALL LETTER O WITH CARON,DejaVu Serif: base vetorial licenciada
U+01D3,Ǔ,LATIN CAPITAL LETTER U WITH CARON,DejaVu Serif: base vetorial licenciada
U+01D4,ǔ,LATIN SMALL LETTER U WITH CARON,DejaVu Serif: base vetorial licenciada
U+01D5,Ǖ,LATIN CAPITAL LETTER U WITH DIAERESIS AND MACRON,DejaVu Serif: base vetorial licenciada
U+01D6,ǖ,LATIN SMALL LETTER U WITH DIAERESIS AND MACRON,DejaVu Serif: base vetorial licenciada
U+01D7,Ǘ,LATIN CAPITAL LETTER U WITH DIAERESIS AND ACUTE,DejaVu Serif: base vetorial licenciada
U+01D8,ǘ,LATIN SMALL LETTER U WITH DIAERESIS AND ACUTE,DejaVu Serif: base vetorial licenciada
U+01D9,Ǚ,LATIN CAPITAL LETTER U WITH DIAERESIS AND CARON,DejaVu Serif: base vetorial licenciada
U+01DA,ǚ,LATIN SMALL LETTER U WITH DIAERESIS AND CARON,DejaVu Serif: base vetorial licenciada
U+01DB,Ǜ,LATIN CAPITAL LETTER U WITH DIAERESIS AND GRAVE,DejaVu Serif: base vetorial licenciada
U+01DC,ǜ,LATIN SMALL LETTER U WITH DIAERESIS AND GRAVE,DejaVu Serif: base vetorial licenciada
U+01DD,ǝ,LATIN SMALL LETTER TURNED E,DejaVu Serif: base vetorial licenciada
U+01DE,Ǟ,LATIN CAPITAL LETTER A WITH DIAERESIS AND MACRON,DejaVu Serif: base vetorial licenciada
U+01DF,ǟ,LATIN SMALL LETTER A WITH DIAERESIS AND MACRON,DejaVu Serif: base vetorial licenciada
U+01E0,Ǡ,LATIN CAPITAL LETTER A WITH DOT ABOVE AND MACRON,DejaVu Serif: base vetorial licenciada
U+01E1,ǡ,LATIN SMALL LETTER A WITH DOT ABOVE AND MACRON,DejaVu Serif: base vetorial licenciada
U+01E2,Ǣ,LATIN CAPITAL LETTER AE WITH MACRON,DejaVu Serif: base vetorial licenciada
U+01E3,ǣ,LATIN SMALL LETTER AE WITH MACRON,DejaVu Serif: base vetorial licenciada
U+01E4,Ǥ,LATIN CAPITAL LETTER G WITH STROKE,DejaVu Serif: base vetorial licenciada
U+01E5,ǥ,LATIN SMALL LETTER G WITH STROKE,DejaVu Serif: base vetorial licenciada
U+01E6,Ǧ,LATIN CAPITAL LETTER G WITH CARON,DejaVu Serif: base vetorial licenciada
U+01E7,ǧ,LATIN SMALL LETTER G WITH CARON,DejaVu Serif: base vetorial licenciada
U+01E8,Ǩ,LATIN CAPITAL LETTER K WITH CARON,DejaVu Serif: base vetorial licenciada
U+01E9,ǩ,LATIN SMALL LETTER K WITH CARON,DejaVu Serif: base vetorial licenciada
U+01EA,Ǫ,LATIN CAPITAL LETTER O WITH OGONEK,DejaVu Serif: base vetorial licenciada
U+01EB,ǫ,LATIN SMALL LETTER O WITH OGONEK,DejaVu Serif: base vetorial licenciada
U+01EC,Ǭ,LATIN CAPITAL LETTER O WITH OGONEK AND MACRON,DejaVu Serif: base vetorial licenciada
U+01ED,ǭ,LATIN SMALL LETTER O WITH OGONEK AND MACRON,DejaVu Serif: base vetorial licenciada
U+01EE,Ǯ,LATIN CAPITAL LETTER EZH WITH CARON,DejaVu Serif: base vetorial licenciada
U+01EF,ǯ,LATIN SMALL LETTER EZH WITH CARON,DejaVu Serif: base vetorial licenciada
U+01F0,ǰ,LATIN SMALL LETTER J WITH CARON,DejaVu Serif: base vetorial licenciada
U+01F1,Ǳ,LATIN CAPITAL LETTER DZ,DejaVu Serif: base vetorial licenciada
U+01F2,ǲ,LATIN CAPITAL LETTER D WITH SMALL LETTER Z,DejaVu Serif: base vetorial licenciada
U+01F3,ǳ,LATIN SMALL LETTER DZ,DejaVu Serif: base vetorial licenciada
U+01F4,Ǵ,LATIN CAPITAL LETTER G WITH ACUTE,DejaVu Serif: base vetorial licenciada
U+01F5,ǵ,LATIN SMALL LETTER G WITH ACUTE,DejaVu Serif: base vetorial licenciada
U+01F6,Ƕ,LATIN CAPITAL LETTER HWAIR,DejaVu Serif: base vetorial licenciada
U+01F7,Ƿ,LATIN CAPITAL LETTER WYNN,DejaVu Serif: base vetorial licenciada
U+01F8,Ǹ,LATIN CAPITAL LETTER N WITH GRAVE,DejaVu Serif: base vetorial licenciada
U+01F9,ǹ,LATIN SMALL LETTER N WITH GRAVE,DejaVu Serif: base vetorial licenciada
U+01FA,Ǻ,LATIN CAPITAL LETTER A WITH RING ABOVE AND ACUTE,DejaVu Serif: base vetorial licenciada
U+01FB,ǻ,LATIN SMALL LETTER A WITH RING ABOVE AND ACUTE,DejaVu Serif: base vetorial licenciada
U+01FC,Ǽ,LATIN CAPITAL LETTER AE WITH ACUTE,DejaVu Serif: base vetorial licenciada
U+01FD,ǽ,LATIN SMALL LETTER AE WITH ACUTE,DejaVu Serif: base vetorial licenciada
U+01FE,Ǿ,LATIN CAPITAL LETTER O WITH STROKE AND ACUTE,DejaVu Serif: base vetorial licenciada
U+01FF,ǿ,LATIN SMALL LETTER O WITH STROKE AND ACUTE,DejaVu Serif: base vetorial licenciada
U+0200,Ȁ,LATIN CAPITAL LETTER A WITH DOUBLE GRAVE,DejaVu Serif: base vetorial licenciada
U+0201,ȁ,LATIN SMALL LETTER A WITH DOUBLE GRAVE,DejaVu Serif: base vetorial licenciada
U+0202,Ȃ,LATIN CAPITAL LETTER A WITH INVERTED BREVE,DejaVu Serif: base vetorial licenciada
U+0203,ȃ,LATIN SMALL LETTER A WITH INVERTED BREVE,DejaVu Serif: base vetorial licenciada
U+0204,Ȅ,LATIN CAPITAL LETTER E WITH DOUBLE GRAVE,DejaVu Serif: base vetorial licenciada
U+0205,ȅ,LATIN SMALL LETTER E WITH DOUBLE GRAVE,DejaVu Serif: base vetorial licenciada
U+0206,Ȇ,LATIN CAPITAL LETTER E WITH INVERTED BREVE,DejaVu Serif: base vetorial licenciada
U+0207,ȇ,LATIN SMALL LETTER E WITH INVERTED BREVE,DejaVu Serif: base vetorial licenciada
U+0208,Ȉ,LATIN CAPITAL LETTER I WITH DOUBLE GRAVE,DejaVu Serif: base vetorial licenciada
U+0209,ȉ,LATIN SMALL LETTER I WITH DOUBLE GRAVE,DejaVu Serif: base vetorial licenciada
U+020A,Ȋ,LATIN CAPITAL LETTER I WITH INVERTED BREVE,DejaVu Serif: base vetorial licenciada
U+020B,ȋ,LATIN SMALL LETTER I WITH INVERTED BREVE,DejaVu Serif: base vetorial licenciada
U+020C,Ȍ,LATIN CAPITAL LETTER O WITH DOUBLE GRAVE,DejaVu Serif: base vetorial licenciada
U+020D,ȍ,LATIN SMALL LETTER O WITH DOUBLE GRAVE,DejaVu Serif: base vetorial licenciada
U+020E,Ȏ,LATIN CAPITAL LETTER O WITH INVERTED BREVE,DejaVu Serif: base vetorial licenciada
U+020F,ȏ,LATIN SMALL LETTER O WITH INVERTED BREVE,DejaVu Serif: base vetorial licenciada
U+0210,Ȑ,LATIN CAPITAL LETTER R WITH DOUBLE GRAVE,DejaVu Serif: base vetorial licenciada
U+0211,ȑ,LATIN SMALL LETTER R WITH DOUBLE GRAVE,DejaVu Serif: base vetorial licenciada
U+0212,Ȓ,LATIN CAPITAL LETTER R WITH INVERTED BREVE,DejaVu Serif: base vetorial licenciada
U+0213,ȓ,LATIN SMALL LETTER R WITH INVERTED BREVE,DejaVu Serif: base vetorial licenciada
U+0214,Ȕ,LATIN CAPITAL LETTER U WITH DOUBLE GRAVE,DejaVu Serif: base vetorial licenciada
U+0215,ȕ,LATIN SMALL LETTER U WITH DOUBLE GRAVE,DejaVu Serif: base vetorial licenciada
U+0216,Ȗ,LATIN CAPITAL LETTER U WITH INVERTED BREVE,DejaVu Serif: base vetorial licenciada
U+0217,ȗ,LATIN SMALL LETTER U WITH INVERTED BREVE,DejaVu Serif: base vetorial licenciada
U+0218,Ș,LATIN CAPITAL LETTER S WITH COMMA BELOW,DejaVu Serif: base vetorial licenciada
U+0219,ș,LATIN SMALL LETTER S WITH COMMA BELOW,DejaVu Serif: base vetorial licenciada
U+021A,Ț,LATIN CAPITAL LETTER T WITH COMMA BELOW,DejaVu Serif: base vetorial licenciada
U+021B,ț,LATIN SMALL LETTER T WITH COMMA BELOW,DejaVu Serif: base vetorial licenciada
U+021C,Ȝ,LATIN CAPITAL LETTER YOGH,DejaVu Serif: base vetorial licenciada
U+021D,ȝ,LATIN SMALL LETTER YOGH,DejaVu Serif: base vetorial licenciada
U+021E,Ȟ,LATIN CAPITAL LETTER H WITH CARON,DejaVu Serif: base vetorial licenciada
U+021F,ȟ,LATIN SMALL LETTER H WITH CARON,DejaVu Serif: base vetorial licenciada
U+0220,Ƞ,LATIN CAPITAL LETTER N WITH LONG RIGHT LEG,DejaVu Serif: base vetorial licenciada
U+0221,ȡ,LATIN SMALL LETTER D WITH CURL,DejaVu Serif: base vetorial licenciada
U+0222,Ȣ,LATIN CAPITAL LETTER OU,DejaVu Serif: base vetorial licenciada
U+0223,ȣ,LATIN SMALL LETTER OU,DejaVu Serif: base vetorial licenciada
U+0224,Ȥ,LATIN CAPITAL LETTER Z WITH HOOK,DejaVu Serif: base vetorial licenciada
U+0225,ȥ,LATIN SMALL LETTER Z WITH HOOK,DejaVu Serif: base vetorial licenciada
U+0226,Ȧ,LATIN CAPITAL LETTER A WITH DOT ABOVE,DejaVu Serif: base vetorial licenciada
U+0227,ȧ,LATIN SMALL LETTER A WITH DOT ABOVE,DejaVu Serif: base vetorial licenciada
U+0228,Ȩ,LATIN CAPITAL LETTER E WITH CEDILLA,DejaVu Serif: base vetorial licenciada
U+0229,ȩ,LATIN SMALL LETTER E WITH CEDILLA,DejaVu Serif: base vetorial licenciada
U+022A,Ȫ,LATIN CAPITAL LETTER O WITH DIAERESIS AND MACRON,DejaVu Serif: base vetorial licenciada
U+022B,ȫ,LATIN SMALL LETTER O WITH DIAERESIS AND MACRON,DejaVu Serif: base vetorial licenciada
U+022C,Ȭ,LATIN CAPITAL LETTER O WITH TILDE AND MACRON,DejaVu Serif: base vetorial licenciada
U+022D,ȭ,LATIN SMALL LETTER O WITH TILDE AND MACRON,DejaVu Serif: base vetorial licenciada
U+022E,Ȯ,LATIN CAPITAL LETTER O WITH DOT ABOVE,DejaVu Serif: base vetorial licenciada
U+022F,ȯ,LATIN SMALL LETTER O WITH DOT ABOVE,DejaVu Serif: base vetorial licenciada
U+0230,Ȱ,LATIN CAPITAL LETTER O WITH DOT ABOVE AND MACRON,DejaVu Serif: base vetorial licenciada
U+0231,ȱ,LATIN SMALL LETTER O WITH DOT ABOVE AND MACRON,DejaVu Serif: base vetorial licenciada
U+0232,Ȳ,LATIN CAPITAL LETTER Y WITH MACRON,DejaVu Serif: base vetorial licenciada
U+0233,ȳ,LATIN SMALL LETTER Y WITH MACRON,DejaVu Serif: base vetorial licenciada
U+0234,ȴ,LATIN SMALL LETTER L WITH CURL,DejaVu Serif: base vetorial licenciada
U+0235,ȵ,LATIN SMALL LETTER N WITH CURL,DejaVu Serif: base vetorial licenciada
U+0236,ȶ,LATIN SMALL LETTER T WITH CURL,DejaVu Serif: base vetorial licenciada
U+0237,ȷ,LATIN SMALL LETTER DOTLESS J,DejaVu Serif: base vetorial licenciada
U+0238,ȸ,LATIN SMALL LETTER DB DIGRAPH,DejaVu Serif: base vetorial licenciada
U+0239,ȹ,LATIN SMALL LETTER QP DIGRAPH,DejaVu Serif: base vetorial licenciada
U+023A,Ⱥ,LATIN CAPITAL LETTER A WITH STROKE,DejaVu Serif: base vetorial licenciada
U+023B,Ȼ,LATIN CAPITAL LETTER C WITH STROKE,DejaVu Serif: base vetorial licenciada
U+023C,ȼ,LATIN SMALL LETTER C WITH STROKE,DejaVu Serif: base vetorial licenciada
U+023D,Ƚ,LATIN CAPITAL LETTER L WITH BAR,DejaVu Serif: base vetorial licenciada
U+023E,Ⱦ,LATIN CAPITAL LETTER T WITH DIAGONAL STROKE,DejaVu Serif: base vetorial licenciada
U+023F,ȿ,LATIN SMALL LETTER S WITH SWASH TAIL,DejaVu Serif: base vetorial licenciada
U+0240,ɀ,LATIN SMALL LETTER Z WITH SWASH TAIL,DejaVu Serif: base vetorial licenciada
U+0241,Ɂ,LATIN CAPITAL LETTER GLOTTAL STOP,DejaVu Serif: base vetorial licenciada
U+0242,ɂ,LATIN SMALL LETTER GLOTTAL STOP,DejaVu Serif: base vetorial licenciada
U+0243,Ƀ,LATIN CAPITAL LETTER B WITH STROKE,DejaVu Serif: base vetorial licenciada
U+0244,Ʉ,LATIN CAPITAL LETTER U BAR,DejaVu Serif: base vetorial licenciada
U+0245,Ʌ,LATIN CAPITAL LETTER TURNED V,DejaVu Serif: base vetorial licenciada
U+0246,Ɇ,LATIN CAPITAL LETTER E WITH STROKE,DejaVu Serif: base vetorial licenciada
U+0247,ɇ,LATIN SMALL LETTER E WITH STROKE,DejaVu Serif: base vetorial licenciada
U+0248,Ɉ,LATIN CAPITAL LETTER J WITH STROKE,DejaVu Serif: base vetorial licenciada
U+0249,ɉ,LATIN SMALL LETTER J WITH STROKE,DejaVu Serif: base vetorial licenciada
U+024A,Ɋ,LATIN CAPITAL LETTER SMALL Q WITH HOOK TAIL,DejaVu Serif: base vetorial licenciada
U+024B,ɋ,LATIN SMALL LETTER Q WITH HOOK TAIL,DejaVu Serif: base vetorial licenciada
U+024C,Ɍ,LATIN CAPITAL LETTER R WITH STROKE,DejaVu Serif: base vetorial licenciada
U+024D,ɍ,LATIN SMALL LETTER R WITH STROKE,DejaVu Serif: base vetorial licenciada
U+024E,Ɏ,LATIN CAPITAL LETTER Y WITH STROKE,DejaVu Serif: base vetorial licenciada
U+024F,ɏ,LATIN SMALL LETTER Y WITH STROKE,DejaVu Serif: base vetorial licenciada
U+0250,ɐ,LATIN SMALL LETTER TURNED A,DejaVu Serif: base vetorial licenciada
U+0251,ɑ,LATIN SMALL LETTER ALPHA,DejaVu Serif: base vetorial licenciada
U+0252,ɒ,LATIN SMALL LETTER TURNED ALPHA,DejaVu Serif: base vetorial licenciada
U+0253,ɓ,LATIN SMALL LETTER B WITH HOOK,DejaVu Serif: base vetorial licenciada
U+0254,ɔ,LATIN SMALL LETTER OPEN O,DejaVu Serif: base vetorial licenciada
U+0255,ɕ,LATIN SMALL LETTER C WITH CURL,DejaVu Serif: base vetorial licenciada
U+0256,ɖ,LATIN SMALL LETTER D WITH TAIL,DejaVu Serif: base vetorial licenciada
U+0257,ɗ,LATIN SMALL LETTER D WITH HOOK,DejaVu Serif: base vetorial licenciada
U+0258,ɘ,LATIN SMALL LETTER REVERSED E,DejaVu Serif: base vetorial licenciada
U+0259,ə,LATIN SMALL LETTER SCHWA,DejaVu Serif: base vetorial licenciada
U+025A,ɚ,LATIN SMALL LETTER SCHWA WITH HOOK,DejaVu Serif: base vetorial licenciada
U+025B,ɛ,LATIN SMALL LETTER OPEN E,DejaVu Serif: base vetorial licenciada
U+025C,ɜ,LATIN SMALL LETTER REVERSED OPEN E,DejaVu Serif: base vetorial licenciada
U+025D,ɝ,LATIN SMALL LETTER REVERSED OPEN E WITH HOOK,DejaVu Serif: base vetorial licenciada
U+025E,ɞ,LATIN SMALL LETTER CLOSED REVERSED OPEN E,DejaVu Serif: base vetorial licenciada
U+025F,ɟ,LATIN SMALL LETTER DOTLESS J WITH STROKE,DejaVu Serif: base vetorial licenciada
U+0260,ɠ,LATIN SMALL LETTER G WITH HOOK,DejaVu Serif: base vetorial licenciada
U+0261,ɡ,LATIN SMALL LETTER SCRIPT G,DejaVu Serif: base vetorial licenciada
U+0262,ɢ,LATIN LETTER SMALL CAPITAL G,DejaVu Serif: base vetorial licenciada
U+0263,ɣ,LATIN SMALL LETTER GAMMA,DejaVu Serif: base vetorial licenciada
U+0264,ɤ,LATIN SMALL LETTER RAMS HORN,DejaVu Serif: base vetorial licenciada
U+0265,ɥ,LATIN SMALL LETTER TURNED H,DejaVu Serif: base vetorial licenciada
U+0266,ɦ,LATIN SMALL LETTER H WITH HOOK,DejaVu Serif: base vetorial licenciada
U+0267,ɧ,LATIN SMALL LETTER HENG WITH HOOK,DejaVu Serif: base vetorial licenciada
U+0268,ɨ,LATIN SMALL LETTER I WITH STROKE,DejaVu Serif: base vetorial licenciada
U+0269,ɩ,LATIN SMALL LETTER IOTA,DejaVu Serif: base vetorial licenciada
U+026A,ɪ,LATIN LETTER SMALL CAPITAL I,DejaVu Serif: base vetorial licenciada
U+026B,ɫ,LATIN SMALL LETTER L WITH MIDDLE TILDE,DejaVu Serif: base vetorial licenciada
U+026C,ɬ,LATIN SMALL LETTER L WITH BELT,DejaVu Serif: base vetorial licenciada
U+026D,ɭ,LATIN SMALL LETTER L WITH RETROFLEX HOOK,DejaVu Serif: base vetorial licenciada
U+026E,ɮ,LATIN SMALL LETTER LEZH,DejaVu Serif: base vetorial licenciada
U+026F,ɯ,LATIN SMALL LETTER TURNED M,DejaVu Serif: base vetorial licenciada
U+0270,ɰ,LATIN SMALL LETTER TURNED M WITH LONG LEG,DejaVu Serif: base vetorial licenciada
U+0271,ɱ,LATIN SMALL LETTER M WITH HOOK,DejaVu Serif: base vetorial licenciada
U+0272,ɲ,LATIN SMALL LETTER N WITH LEFT HOOK,DejaVu Serif: base vetorial licenciada
U+0273,ɳ,LATIN SMALL LETTER N WITH RETROFLEX HOOK,DejaVu Serif: base vetorial licenciada
U+0274,ɴ,LATIN LETTER SMALL CAPITAL N,DejaVu Serif: base vetorial licenciada
U+0275,ɵ,LATIN SMALL LETTER BARRED O,DejaVu Serif: base vetorial licenciada
U+0276,ɶ,LATIN LETTER SMALL CAPITAL OE,DejaVu Serif: base vetorial licenciada
U+0277,ɷ,LATIN SMALL LETTER CLOSED OMEGA,DejaVu Serif: base vetorial licenciada
U+0278,ɸ,LATIN SMALL LETTER PHI,DejaVu Serif: base vetorial licenciada
U+0279,ɹ,LATIN SMALL LETTER TURNED R,DejaVu Serif: base vetorial licenciada
U+027A,ɺ,LATIN SMALL LETTER TURNED R WITH LONG LEG,DejaVu Serif: base vetorial licenciada
U+027B,ɻ,LATIN SMALL LETTER TURNED R WITH HOOK,DejaVu Serif: base vetorial licenciada
U+027C,ɼ,LATIN SMALL LETTER R WITH LONG LEG,DejaVu Serif: base vetorial licenciada
U+027D,ɽ,LATIN SMALL LETTER R WITH TAIL,DejaVu Serif: base vetorial licenciada
U+027E,ɾ,LATIN SMALL LETTER R WITH FISHHOOK,DejaVu Serif: base vetorial licenciada
U+027F,ɿ,LATIN SMALL LETTER REVERSED R WITH FISHHOOK,DejaVu Serif: base vetorial licenciada
U+0280,ʀ,LATIN LETTER SMALL CAPITAL R,DejaVu Serif: base vetorial licenciada
U+0281,ʁ,LATIN LETTER SMALL CAPITAL INVERTED R,DejaVu Serif: base vetorial licenciada
U+0282,ʂ,LATIN SMALL LETTER S WITH HOOK,DejaVu Serif: base vetorial licenciada
U+0283,ʃ,LATIN SMALL LETTER ESH,DejaVu Serif: base vetorial licenciada
U+0284,ʄ,LATIN SMALL LETTER DOTLESS J WITH STROKE AND HOOK,DejaVu Serif: base vetorial licenciada
U+0285,ʅ,LATIN SMALL LETTER SQUAT REVERSED ESH,DejaVu Serif: base vetorial licenciada
U+0286,ʆ,LATIN SMALL LETTER ESH WITH CURL,DejaVu Serif: base vetorial licenciada
U+0287,ʇ,LATIN SMALL LETTER TURNED T,DejaVu Serif: base vetorial licenciada
U+0288,ʈ,LATIN SMALL LETTER T WITH RETROFLEX HOOK,DejaVu Serif: base vetorial licenciada
U+0289,ʉ,LATIN SMALL LETTER U BAR,DejaVu Serif: base vetorial licenciada
U+028A,ʊ,LATIN SMALL LETTER UPSILON,DejaVu Serif: base vetorial licenciada
U+028B,ʋ,LATIN SMALL LETTER V WITH HOOK,DejaVu Serif: base vetorial licenciada
U+028C,ʌ,LATIN SMALL LETTER TURNED V,DejaVu Serif: base vetorial licenciada
U+028D,ʍ,LATIN SMALL LETTER TURNED W,DejaVu Serif: base vetorial licenciada
U+028E,ʎ,LATIN SMALL LETTER TURNED Y,DejaVu Serif: base vetorial licenciada
U+028F,ʏ,LATIN LETTER SMALL CAPITAL Y,DejaVu Serif: base vetorial licenciada
U+0290,ʐ,LATIN SMALL LETTER Z WITH RETROFLEX HOOK,DejaVu Serif: base vetorial licenciada
U+0291,ʑ,LATIN SMALL LETTER Z WITH CURL,DejaVu Serif: base vetorial licenciada
U+0292,ʒ,LATIN SMALL LETTER EZH,DejaVu Serif: base vetorial licenciada
U+0293,ʓ,LATIN SMALL LETTER EZH WITH CURL,DejaVu Serif: base vetorial licenciada
U+0294,ʔ,LATIN LETTER GLOTTAL STOP,DejaVu Serif: base vetorial licenciada
U+0295,ʕ,LATIN LETTER PHARYNGEAL VOICED FRICATIVE,DejaVu Serif: base vetorial licenciada
U+0296,ʖ,LATIN LETTER INVERTED GLOTTAL STOP,DejaVu Serif: base vetorial licenciada
U+0297,ʗ,LATIN LETTER STRETCHED C,DejaVu Serif: base vetorial licenciada
U+0298,ʘ,LATIN LETTER BILABIAL CLICK,DejaVu Serif: base vetorial licenciada
U+0299,ʙ,LATIN LETTER SMALL CAPITAL B,DejaVu Serif: base vetorial licenciada
U+029A,ʚ,LATIN SMALL LETTER CLOSED OPEN E,DejaVu Serif: base vetorial licenciada
U+029B,ʛ,LATIN LETTER SMALL CAPITAL G WITH HOOK,DejaVu Serif: base vetorial licenciada
U+029C,ʜ,LATIN LETTER SMALL CAPITAL H,DejaVu Serif: base vetorial licenciada
U+029D,ʝ,LATIN SMALL LETTER J WITH CROSSED-TAIL,DejaVu Serif: base vetorial licenciada
U+029E,ʞ,LATIN SMALL LETTER TURNED K,DejaVu Serif: base vetorial licenciada
U+029F,ʟ,LATIN LETTER SMALL CAPITAL L,DejaVu Serif: base vetorial licenciada
U+02A0,ʠ,LATIN SMALL LETTER Q WITH HOOK,DejaVu Serif: base vetorial licenciada
U+02A1,ʡ,LATIN LETTER GLOTTAL STOP WITH STROKE,DejaVu Serif: base vetorial licenciada
U+02A2,ʢ,LATIN LETTER REVERSED GLOTTAL STOP WITH STROKE,DejaVu Serif: base vetorial licenciada
U+02A3,ʣ,LATIN SMALL LETTER DZ DIGRAPH,DejaVu Serif: base vetorial licenciada
U+02A4,ʤ,LATIN SMALL LETTER DEZH DIGRAPH,DejaVu Serif: base vetorial licenciada
U+02A5,ʥ,LATIN SMALL LETTER DZ DIGRAPH WITH CURL,DejaVu Serif: base vetorial licenciada
U+02A6,ʦ,LATIN SMALL LETTER TS DIGRAPH,DejaVu Serif: base vetorial licenciada
U+02A7,ʧ,LATIN SMALL LETTER TESH DIGRAPH,DejaVu Serif: base vetorial licenciada
U+02A8,ʨ,LATIN SMALL LETTER TC DIGRAPH WITH CURL,DejaVu Serif: base vetorial licenciada
U+02A9,ʩ,LATIN SMALL LETTER FENG DIGRAPH,DejaVu Serif: base vetorial licenciada
U+02AA,ʪ,LATIN SMALL LETTER LS DIGRAPH,DejaVu Serif: base vetorial licenciada
U+02AB,ʫ,LATIN SMALL LETTER LZ DIGRAPH,DejaVu Serif: base vetorial licenciada
U+02AC,ʬ,LATIN LETTER BILABIAL PERCUSSIVE,DejaVu Serif: base vetorial licenciada
U+02AD,ʭ,LATIN LETTER BIDENTAL PERCUSSIVE,DejaVu Serif: base vetorial licenciada
U+02AE,ʮ,LATIN SMALL LETTER TURNED H WITH FISHHOOK,DejaVu Serif: base vetorial licenciada
U+02AF,ʯ,LATIN SMALL LETTER TURNED H WITH FISHHOOK AND TAIL,DejaVu Serif: base vetorial licenciada
U+02B0,ʰ,MODIFIER LETTER SMALL H,DejaVu Serif: base vetorial licenciada
U+02B1,ʱ,MODIFIER LETTER SMALL H WITH HOOK,DejaVu Serif: base vetorial licenciada
U+02B2,ʲ,MODIFIER LETTER SMALL J,DejaVu Serif: base vetorial licenciada
U+02B3,ʳ,MODIFIER LETTER SMALL R,DejaVu Serif: base vetorial licenciada
U+02B4,ʴ,MODIFIER LETTER SMALL TURNED R,DejaVu Serif: base vetorial licenciada
U+02B5,ʵ,MODIFIER LETTER SMALL TURNED R WITH HOOK,DejaVu Serif: base vetorial licenciada
U+02B6,ʶ,MODIFIER LETTER SMALL CAPITAL INVERTED R,DejaVu Serif: base vetorial licenciada
U+02B7,ʷ,MODIFIER LETTER SMALL W,DejaVu Serif: base vetorial licenciada
U+02B8,ʸ,MODIFIER LETTER SMALL Y,DejaVu Serif: base vetorial licenciada
U+02B9,ʹ,MODIFIER LETTER PRIME,DejaVu Serif: base vetorial licenciada
U+02BA,ʺ,MODIFIER LETTER DOUBLE PRIME,DejaVu Serif: base vetorial licenciada
U+02BB,ʻ,MODIFIER LETTER TURNED COMMA,DejaVu Serif: base vetorial licenciada
U+02BC,ʼ,MODIFIER LETTER APOSTROPHE,DejaVu Serif: base vetorial licenciada
U+02BD,ʽ,MODIFIER LETTER REVERSED COMMA,DejaVu Serif: base vetorial licenciada
U+02BE,ʾ,MODIFIER LETTER RIGHT HALF RING,DejaVu Serif: base vetorial licenciada
U+02BF,ʿ,MODIFIER LETTER LEFT HALF RING,DejaVu Serif: base vetorial licenciada
U+02C0,ˀ,MODIFIER LETTER GLOTTAL STOP,DejaVu Serif: base vetorial licenciada
U+02C1,ˁ,MODIFIER LETTER REVERSED GLOTTAL STOP,DejaVu Serif: base vetorial licenciada
U+02C2,˂,MODIFIER LETTER LEFT ARROWHEAD,DejaVu Serif: base vetorial licenciada
U+02C3,˃,MODIFIER LETTER RIGHT ARROWHEAD,DejaVu Serif: base vetorial licenciada
U+02C4,˄,MODIFIER LETTER UP ARROWHEAD,DejaVu Serif: base vetorial licenciada
U+02C5,˅,MODIFIER LETTER DOWN ARROWHEAD,DejaVu Serif: base vetorial licenciada
U+02C6,ˆ,MODIFIER LETTER CIRCUMFLEX ACCENT,DejaVu Serif: base vetorial licenciada
U+02C7,ˇ,CARON,DejaVu Serif: base vetorial licenciada
U+02C8,ˈ,MODIFIER LETTER VERTICAL LINE,DejaVu Serif: base vetorial licenciada
U+02C9,ˉ,MODIFIER LETTER MACRON,DejaVu Serif: base vetorial licenciada
U+02CA,ˊ,MODIFIER LETTER ACUTE ACCENT,DejaVu Serif: base vetorial licenciada
U+02CB,ˋ,MODIFIER LETTER GRAVE ACCENT,DejaVu Serif: base vetorial licenciada
U+02CC,ˌ,MODIFIER LETTER LOW VERTICAL LINE,DejaVu Serif: base vetorial licenciada
U+02CD,ˍ,MODIFIER LETTER LOW MACRON,DejaVu Serif: base vetorial licenciada
U+02D0,ː,MODIFIER LETTER TRIANGULAR COLON,DejaVu Serif: base vetorial licenciada
U+02D1,ˑ,MODIFIER LETTER HALF TRIANGULAR COLON,DejaVu Serif: base vetorial licenciada
U+02D2,˒,MODIFIER LETTER CENTRED RIGHT HALF RING,DejaVu Serif: base vetorial licenciada
U+02D3,˓,MODIFIER LETTER CENTRED LEFT HALF RING,DejaVu Serif: base vetorial licenciada
U+02D6,˖,MODIFIER LETTER PLUS SIGN,DejaVu Serif: base vetorial licenciada
U+02D7,˗,MODIFIER LETTER MINUS SIGN,DejaVu Serif: base vetorial licenciada
U+02D8,˘,BREVE,DejaVu Serif: base vetorial licenciada
U+02D9,˙,DOT ABOVE,DejaVu Serif: base vetorial licenciada
U+02DA,˚,RING ABOVE,DejaVu Serif: base vetorial licenciada
U+02DB,˛,OGONEK,DejaVu Serif: base vetorial licenciada
U+02DC,˜,SMALL TILDE,DejaVu Serif: base vetorial licenciada
U+02DD,˝,DOUBLE ACUTE ACCENT,DejaVu Serif: base vetorial licenciada
U+02DE,˞,MODIFIER LETTER RHOTIC HOOK,DejaVu Serif: base vetorial licenciada
U+02E0,ˠ,MODIFIER LETTER SMALL GAMMA,DejaVu Serif: base vetorial licenciada
U+02E1,ˡ,MODIFIER LETTER SMALL L,DejaVu Serif: base vetorial licenciada
U+02E2,ˢ,MODIFIER LETTER SMALL S,DejaVu Serif: base vetorial licenciada
U+02E3,ˣ,MODIFIER LETTER SMALL X,DejaVu Serif: base vetorial licenciada
U+02E4,ˤ,MODIFIER LETTER SMALL REVERSED GLOTTAL STOP,DejaVu Serif: base vetorial licenciada
U+02E5,˥,MODIFIER LETTER EXTRA-HIGH TONE BAR,DejaVu Serif: base vetorial licenciada
U+02E6,˦,MODIFIER LETTER HIGH TONE BAR,DejaVu Serif: base vetorial licenciada
U+02E7,˧,MODIFIER LETTER MID TONE BAR,DejaVu Serif: base vetorial licenciada
U+02E8,˨,MODIFIER LETTER LOW TONE BAR,DejaVu Serif: base vetorial licenciada
U+02E9,˩,MODIFIER LETTER EXTRA-LOW TONE BAR,DejaVu Serif: base vetorial licenciada
U+02EC,ˬ,MODIFIER LETTER VOICING,DejaVu Serif: base vetorial licenciada
U+02EE,ˮ,MODIFIER LETTER DOUBLE APOSTROPHE,DejaVu Serif: base vetorial licenciada
U+02EF,˯,MODIFIER LETTER LOW DOWN ARROWHEAD,DejaVu Serif: base vetorial licenciada
U+02F0,˰,MODIFIER LETTER LOW UP ARROWHEAD,DejaVu Serif: base vetorial licenciada
U+02F3,˳,MODIFIER LETTER LOW RING,DejaVu Serif: base vetorial licenciada
U+02F7,˷,MODIFIER LETTER LOW TILDE,DejaVu Serif: base vetorial licenciada
U+0300,̀,COMBINING GRAVE ACCENT,DejaVu Serif: base vetorial licenciada
U+0301,́,COMBINING ACUTE ACCENT,DejaVu Serif: base vetorial licenciada
U+0302,̂,COMBINING CIRCUMFLEX ACCENT,DejaVu Serif: base vetorial licenciada
U+0303,̃,COMBINING TILDE,DejaVu Serif: base vetorial licenciada
U+0304,̄,COMBINING MACRON,DejaVu Serif: base vetorial licenciada
U+0305,̅,COMBINING OVERLINE,DejaVu Serif: base vetorial licenciada
U+0306,̆,COMBINING BREVE,DejaVu Serif: base vetorial licenciada
U+0307,̇,COMBINING DOT ABOVE,DejaVu Serif: base vetorial licenciada
U+0308,̈,COMBINING DIAERESIS,DejaVu Serif: base vetorial licenciada
U+0309,̉,COMBINING HOOK ABOVE,DejaVu Serif: base vetorial licenciada
U+030A,̊,COMBINING RING ABOVE,DejaVu Serif: base vetorial licenciada
U+030B,̋,COMBINING DOUBLE ACUTE ACCENT,DejaVu Serif: base vetorial licenciada
U+030C,̌,COMBINING CARON,DejaVu Serif: base vetorial licenciada
U+030D,̍,COMBINING VERTICAL LINE ABOVE,DejaVu Serif: base vetorial licenciada
U+030E,̎,COMBINING DOUBLE VERTICAL LINE ABOVE,DejaVu Serif: base vetorial licenciada
U+030F,̏,COMBINING DOUBLE GRAVE ACCENT,DejaVu Serif: base vetorial licenciada
U+0310,̐,COMBINING CANDRABINDU,DejaVu Serif: base vetorial licenciada
U+0311,̑,COMBINING INVERTED BREVE,DejaVu Serif: base vetorial licenciada
U+0312,̒,COMBINING TURNED COMMA ABOVE,DejaVu Serif: base vetorial licenciada
U+0313,̓,COMBINING COMMA ABOVE,DejaVu Serif: base vetorial licenciada
U+0314,̔,COMBINING REVERSED COMMA ABOVE,DejaVu Serif: base vetorial licenciada
U+0315,̕,COMBINING COMMA ABOVE RIGHT,DejaVu Serif: base vetorial licenciada
U+0316,̖,COMBINING GRAVE ACCENT BELOW,DejaVu Serif: base vetorial licenciada
U+0317,̗,COMBINING ACUTE ACCENT BELOW,DejaVu Serif: base vetorial licenciada
U+0318,̘,COMBINING LEFT TACK BELOW,DejaVu Serif: base vetorial licenciada
U+0319,̙,COMBINING RIGHT TACK BELOW,DejaVu Serif: base vetorial licenciada
U+031A,̚,COMBINING LEFT ANGLE ABOVE,DejaVu Serif: base vetorial licenciada
U+031B,̛,COMBINING HORN,DejaVu Serif: base vetorial licenciada
U+031C,̜,COMBINING LEFT HALF RING BELOW,DejaVu Serif: base vetorial licenciada
U+031D,̝,COMBINING UP TACK BELOW,DejaVu Serif: base vetorial licenciada
U+031E,̞,COMBINING DOWN TACK BELOW,DejaVu Serif: base vetorial licenciada
U+031F,̟,COMBINING PLUS SIGN BELOW,DejaVu Serif: base vetorial licenciada
U+0320,̠,COMBINING MINUS SIGN BELOW,DejaVu Serif: base vetorial licenciada
U+0321,̡,COMBINING PALATALIZED HOOK BELOW,DejaVu Serif: base vetorial licenciada
U+0322,̢,COMBINING RETROFLEX HOOK BELOW,DejaVu Serif: base vetorial licenciada
U+0323,̣,COMBINING DOT BELOW,DejaVu Serif: base vetorial licenciada
U+0324,̤,COMBINING DIAERESIS BELOW,DejaVu Serif: base vetorial licenciada
U+0325,̥,COMBINING RING BELOW,DejaVu Serif: base vetorial licenciada
U+0326,̦,COMBINING COMMA BELOW,DejaVu Serif: base vetorial licenciada
U+0327,̧,COMBINING CEDILLA,DejaVu Serif: base vetorial licenciada
U+0328,̨,COMBINING OGONEK,DejaVu Serif: base vetorial licenciada
U+0329,̩,COMBINING VERTICAL LINE BELOW,DejaVu Serif: base vetorial licenciada
U+032A,̪,COMBINING BRIDGE BELOW,DejaVu Serif: base vetorial licenciada
U+032B,̫,COMBINING INVERTED DOUBLE ARCH BELOW,DejaVu Serif: base vetorial licenciada
U+032C,̬,COMBINING CARON BELOW,DejaVu Serif: base vetorial licenciada
U+032D,̭,COMBINING CIRCUMFLEX ACCENT BELOW,DejaVu Serif: base vetorial licenciada
U+032E,̮,COMBINING BREVE BELOW,DejaVu Serif: base vetorial licenciada
U+032F,̯,COMBINING INVERTED BREVE BELOW,DejaVu Serif: base vetorial licenciada
U+0330,̰,COMBINING TILDE BELOW,DejaVu Serif: base vetorial licenciada
U+0331,̱,COMBINING MACRON BELOW,DejaVu Serif: base vetorial licenciada
U+0332,̲,COMBINING LOW LINE,DejaVu Serif: base vetorial licenciada
U+0333,̳,COMBINING DOUBLE LOW LINE,DejaVu Serif: base vetorial licenciada
U+0334,̴,COMBINING TILDE OVERLAY,DejaVu Serif: base vetorial licenciada
U+0335,̵,COMBINING SHORT STROKE OVERLAY,DejaVu Serif: base vetorial licenciada
U+0336,̶,COMBINING LONG STROKE OVERLAY,DejaVu Serif: base vetorial licenciada
U+0337,̷,COMBINING SHORT SOLIDUS OVERLAY,DejaVu Serif: base vetorial licenciada
U+0338,̸,COMBINING LONG SOLIDUS OVERLAY,DejaVu Serif: base vetorial licenciada
U+0339,̹,COMBINING RIGHT HALF RING BELOW,DejaVu Serif: base vetorial licenciada
U+033A,̺,COMBINING INVERTED BRIDGE BELOW,DejaVu Serif: base vetorial licenciada
U+033B,̻,COMBINING SQUARE BELOW,DejaVu Serif: base vetorial licenciada
U+033C,̼,COMBINING SEAGULL BELOW,DejaVu Serif: base vetorial licenciada
U+033D,̽,COMBINING X ABOVE,DejaVu Serif: base vetorial licenciada
U+033E,̾,COMBINING VERTICAL TILDE,DejaVu Serif: base vetorial licenciada
U+033F,̿,COMBINING DOUBLE OVERLINE,DejaVu Serif: base vetorial licenciada
U+0342,͂,COMBINING GREEK PERISPOMENI,"Perispômeni combinante: glifo de til da base, código Unicode próprio"
U+0343,̓,COMBINING GREEK KORONIS,DejaVu Serif: base vetorial licenciada
U+0344,̈́,COMBINING GREEK DIALYTIKA TONOS,Marca grega composta: contornos DejaVu e ancoragem OpenType adaptada
U+0345,ͅ,COMBINING GREEK YPOGEGRAMMENI,Marca grega composta: contornos DejaVu e ancoragem OpenType adaptada
U+034F,͏,COMBINING GRAPHEME JOINER,DejaVu Serif: base vetorial licenciada
U+0358,͘,COMBINING DOT ABOVE RIGHT,DejaVu Serif: base vetorial licenciada
U+0360,͠,COMBINING DOUBLE TILDE,DejaVu Serif: base vetorial licenciada
U+0361,͡,COMBINING DOUBLE INVERTED BREVE,DejaVu Serif: base vetorial licenciada
U+0370,Ͱ,GREEK CAPITAL LETTER HETA,DejaVu Serif: base vetorial licenciada
U+0371,ͱ,GREEK SMALL LETTER HETA,DejaVu Serif: base vetorial licenciada
U+0372,Ͳ,GREEK CAPITAL LETTER ARCHAIC SAMPI,DejaVu Serif: base vetorial licenciada
U+0373,ͳ,GREEK SMALL LETTER ARCHAIC SAMPI,DejaVu Serif: base vetorial licenciada
U+0374,ʹ,GREEK NUMERAL SIGN,DejaVu Serif: base vetorial licenciada
U+0375,͵,GREEK LOWER NUMERAL SIGN,DejaVu Serif: base vetorial licenciada
U+0376,Ͷ,GREEK CAPITAL LETTER PAMPHYLIAN DIGAMMA,DejaVu Serif: base vetorial licenciada
U+0377,ͷ,GREEK SMALL LETTER PAMPHYLIAN DIGAMMA,DejaVu Serif: base vetorial licenciada
U+037A,ͺ,GREEK YPOGEGRAMMENI,DejaVu Serif: base vetorial licenciada
U+037B,ͻ,GREEK SMALL REVERSED LUNATE SIGMA SYMBOL,DejaVu Serif: base vetorial licenciada
U+037C,ͼ,GREEK SMALL DOTTED LUNATE SIGMA SYMBOL,DejaVu Serif: base vetorial licenciada
U+037D,ͽ,GREEK SMALL REVERSED DOTTED LUNATE SIGMA SYMBOL,DejaVu Serif: base vetorial licenciada
U+037E,;,GREEK QUESTION MARK,DejaVu Serif: base vetorial licenciada
U+037F,Ϳ,GREEK CAPITAL LETTER YOT,DejaVu Serif: base vetorial licenciada
U+0384,΄,GREEK TONOS,DejaVu Serif: base vetorial licenciada
U+0385,΅,GREEK DIALYTIKA TONOS,DejaVu Serif: base vetorial licenciada
U+0386,Ά,GREEK CAPITAL LETTER ALPHA WITH TONOS,DejaVu Serif: base vetorial licenciada
U+0387,·,GREEK ANO TELEIA,DejaVu Serif: base vetorial licenciada
U+0388,Έ,GREEK CAPITAL LETTER EPSILON WITH TONOS,DejaVu Serif: base vetorial licenciada
U+0389,Ή,GREEK CAPITAL LETTER ETA WITH TONOS,DejaVu Serif: base vetorial licenciada
U+038A,Ί,GREEK CAPITAL LETTER IOTA WITH TONOS,DejaVu Serif: base vetorial licenciada
U+038C,Ό,GREEK CAPITAL LETTER OMICRON WITH TONOS,DejaVu Serif: base vetorial licenciada
U+038E,Ύ,GREEK CAPITAL LETTER UPSILON WITH TONOS,DejaVu Serif: base vetorial licenciada
U+038F,Ώ,GREEK CAPITAL LETTER OMEGA WITH TONOS,DejaVu Serif: base vetorial licenciada
U+0390,ΐ,GREEK SMALL LETTER IOTA WITH DIALYTIKA AND TONOS,DejaVu Serif: base vetorial licenciada
U+0391,Α,GREEK CAPITAL LETTER ALPHA,"Peregrini: desenho compartilhado, código Unicode distinto"
U+0392,Β,GREEK CAPITAL LETTER BETA,"Peregrini: desenho compartilhado, código Unicode distinto"
U+0393,Γ,GREEK CAPITAL LETTER GAMMA,"Peregrini: desenho compartilhado, código Unicode distinto"
U+0394,Δ,GREEK CAPITAL LETTER DELTA,DejaVu Serif: base vetorial licenciada
U+0395,Ε,GREEK CAPITAL LETTER EPSILON,"Peregrini: desenho compartilhado, código Unicode distinto"
U+0396,Ζ,GREEK CAPITAL LETTER ZETA,DejaVu Serif: base vetorial licenciada
U+0397,Η,GREEK CAPITAL LETTER ETA,"Peregrini: desenho compartilhado, código Unicode distinto"
U+0398,Θ,GREEK CAPITAL LETTER THETA,DejaVu Serif: base vetorial licenciada
U+0399,Ι,GREEK CAPITAL LETTER IOTA,DejaVu Serif: base vetorial licenciada
U+039A,Κ,GREEK CAPITAL LETTER KAPPA,"Peregrini: desenho compartilhado, código Unicode distinto"
U+039B,Λ,GREEK CAPITAL LETTER LAMDA,DejaVu Serif: base vetorial licenciada
U+039C,Μ,GREEK CAPITAL LETTER MU,"Peregrini: desenho compartilhado, código Unicode distinto"
U+039D,Ν,GREEK CAPITAL LETTER NU,"Peregrini: desenho compartilhado, código Unicode distinto"
U+039E,Ξ,GREEK CAPITAL LETTER XI,DejaVu Serif: base vetorial licenciada
U+039F,Ο,GREEK CAPITAL LETTER OMICRON,"Peregrini: desenho compartilhado, código Unicode distinto"
U+03A0,Π,GREEK CAPITAL LETTER PI,"Peregrini: desenho compartilhado, código Unicode distinto"
U+03A1,Ρ,GREEK CAPITAL LETTER RHO,"Peregrini: desenho compartilhado, código Unicode distinto"
U+03A3,Σ,GREEK CAPITAL LETTER SIGMA,DejaVu Serif: base vetorial licenciada
U+03A4,Τ,GREEK CAPITAL LETTER TAU,"Peregrini: desenho compartilhado, código Unicode distinto"
U+03A5,Υ,GREEK CAPITAL LETTER UPSILON,"Peregrini: desenho compartilhado, código Unicode distinto"
U+03A6,Φ,GREEK CAPITAL LETTER PHI,Peregrini: contorno aprovado suavizado e ajustado às métricas
U+03A7,Χ,GREEK CAPITAL LETTER CHI,"Peregrini: desenho compartilhado, código Unicode distinto"
U+03A8,Ψ,GREEK CAPITAL LETTER PSI,DejaVu Serif: base vetorial licenciada
U+03A9,Ω,GREEK CAPITAL LETTER OMEGA,DejaVu Serif: base vetorial licenciada
U+03AA,Ϊ,GREEK CAPITAL LETTER IOTA WITH DIALYTIKA,DejaVu Serif: base vetorial licenciada
U+03AB,Ϋ,GREEK CAPITAL LETTER UPSILON WITH DIALYTIKA,DejaVu Serif: base vetorial licenciada
U+03AC,ά,GREEK SMALL LETTER ALPHA WITH TONOS,DejaVu Serif: base vetorial licenciada
U+03AD,έ,GREEK SMALL LETTER EPSILON WITH TONOS,DejaVu Serif: base vetorial licenciada
U+03AE,ή,GREEK SMALL LETTER ETA WITH TONOS,DejaVu Serif: base vetorial licenciada
U+03AF,ί,GREEK SMALL LETTER IOTA WITH TONOS,DejaVu Serif: base vetorial licenciada
U+03B0,ΰ,GREEK SMALL LETTER UPSILON WITH DIALYTIKA AND TONOS,DejaVu Serif: base vetorial licenciada
U+03B1,α,GREEK SMALL LETTER ALPHA,DejaVu Serif: base vetorial licenciada
U+03B2,β,GREEK SMALL LETTER BETA,DejaVu Serif: base vetorial licenciada
U+03B3,γ,GREEK SMALL LETTER GAMMA,DejaVu Serif: base vetorial licenciada
U+03B4,δ,GREEK SMALL LETTER DELTA,DejaVu Serif: base vetorial licenciada
U+03B5,ε,GREEK SMALL LETTER EPSILON,DejaVu Serif: base vetorial licenciada
U+03B6,ζ,GREEK SMALL LETTER ZETA,DejaVu Serif: base vetorial licenciada
U+03B7,η,GREEK SMALL LETTER ETA,DejaVu Serif: base vetorial licenciada
U+03B8,θ,GREEK SMALL LETTER THETA,DejaVu Serif: base vetorial licenciada
U+03B9,ι,GREEK SMALL LETTER IOTA,DejaVu Serif: base vetorial licenciada
U+03BA,κ,GREEK SMALL LETTER KAPPA,DejaVu Serif: base vetorial licenciada
U+03BB,λ,GREEK SMALL LETTER LAMDA,DejaVu Serif: base vetorial licenciada
U+03BC,μ,GREEK SMALL LETTER MU,DejaVu Serif: base vetorial licenciada
U+03BD,ν,GREEK SMALL LETTER NU,DejaVu Serif: base vetorial licenciada
U+03BE,ξ,GREEK SMALL LETTER XI,DejaVu Serif: base vetorial licenciada
U+03BF,ο,GREEK SMALL LETTER OMICRON,DejaVu Serif: base vetorial licenciada
U+03C0,π,GREEK SMALL LETTER PI,DejaVu Serif: base vetorial licenciada
U+03C1,ρ,GREEK SMALL LETTER RHO,DejaVu Serif: base vetorial licenciada
U+03C2,ς,GREEK SMALL LETTER FINAL SIGMA,DejaVu Serif: base vetorial licenciada
U+03C3,σ,GREEK SMALL LETTER SIGMA,DejaVu Serif: base vetorial licenciada
U+03C4,τ,GREEK SMALL LETTER TAU,DejaVu Serif: base vetorial licenciada
U+03C5,υ,GREEK SMALL LETTER UPSILON,DejaVu Serif: base vetorial licenciada
U+03C6,φ,GREEK SMALL LETTER PHI,Peregrini: contorno aprovado suavizado e ajustado às métricas
U+03C7,χ,GREEK SMALL LETTER CHI,DejaVu Serif: base vetorial licenciada
U+03C8,ψ,GREEK SMALL LETTER PSI,DejaVu Serif: base vetorial licenciada
U+03C9,ω,GREEK SMALL LETTER OMEGA,DejaVu Serif: base vetorial licenciada
U+03CA,ϊ,GREEK SMALL LETTER IOTA WITH DIALYTIKA,DejaVu Serif: base vetorial licenciada
U+03CB,ϋ,GREEK SMALL LETTER UPSILON WITH DIALYTIKA,DejaVu Serif: base vetorial licenciada
U+03CC,ό,GREEK SMALL LETTER OMICRON WITH TONOS,DejaVu Serif: base vetorial licenciada
U+03CD,ύ,GREEK SMALL LETTER UPSILON WITH TONOS,DejaVu Serif: base vetorial licenciada
U+03CE,ώ,GREEK SMALL LETTER OMEGA WITH TONOS,DejaVu Serif: base vetorial licenciada
U+03CF,Ϗ,GREEK CAPITAL KAI SYMBOL,DejaVu Serif: base vetorial licenciada
U+03D0,ϐ,GREEK BETA SYMBOL,DejaVu Serif: base vetorial licenciada
U+03D1,ϑ,GREEK THETA SYMBOL,DejaVu Serif: base vetorial licenciada
U+03D2,ϒ,GREEK UPSILON WITH HOOK SYMBOL,DejaVu Serif: base vetorial licenciada
U+03D3,ϓ,GREEK UPSILON WITH ACUTE AND HOOK SYMBOL,DejaVu Serif: base vetorial licenciada
U+03D4,ϔ,GREEK UPSILON WITH DIAERESIS AND HOOK SYMBOL,DejaVu Serif: base vetorial licenciada
U+03D5,ϕ,GREEK PHI SYMBOL,DejaVu Serif: base vetorial licenciada
U+03D6,ϖ,GREEK PI SYMBOL,DejaVu Serif: base vetorial licenciada
U+03D7,ϗ,GREEK KAI SYMBOL,DejaVu Serif: base vetorial licenciada
U+03D8,Ϙ,GREEK LETTER ARCHAIC KOPPA,DejaVu Serif: base vetorial licenciada
U+03D9,ϙ,GREEK SMALL LETTER ARCHAIC KOPPA,DejaVu Serif: base vetorial licenciada
U+03DA,Ϛ,GREEK LETTER STIGMA,DejaVu Serif: base vetorial licenciada
U+03DB,ϛ,GREEK SMALL LETTER STIGMA,DejaVu Serif: base vetorial licenciada
U+03DC,Ϝ,GREEK LETTER DIGAMMA,DejaVu Serif: base vetorial licenciada
U+03DD,ϝ,GREEK SMALL LETTER DIGAMMA,DejaVu Serif: base vetorial licenciada
U+03DE,Ϟ,GREEK LETTER KOPPA,DejaVu Serif: base vetorial licenciada
U+03DF,ϟ,GREEK SMALL LETTER KOPPA,DejaVu Serif: base vetorial licenciada
U+03E0,Ϡ,GREEK LETTER SAMPI,DejaVu Serif: base vetorial licenciada
U+03E1,ϡ,GREEK SMALL LETTER SAMPI,DejaVu Serif: base vetorial licenciada
U+03F0,ϰ,GREEK KAPPA SYMBOL,DejaVu Serif: base vetorial licenciada
U+03F1,ϱ,GREEK RHO SYMBOL,DejaVu Serif: base vetorial licenciada
U+03F2,ϲ,GREEK LUNATE SIGMA SYMBOL,DejaVu Serif: base vetorial licenciada
U+03F3,ϳ,GREEK LETTER YOT,DejaVu Serif: base vetorial licenciada
U+03F4,ϴ,GREEK CAPITAL THETA SYMBOL,DejaVu Serif: base vetorial licenciada
U+03F5,ϵ,GREEK LUNATE EPSILON SYMBOL,DejaVu Serif: base vetorial licenciada
U+03F6,϶,GREEK REVERSED LUNATE EPSILON SYMBOL,DejaVu Serif: base vetorial licenciada
U+03F7,Ϸ,GREEK CAPITAL LETTER SHO,DejaVu Serif: base vetorial licenciada
U+03F8,ϸ,GREEK SMALL LETTER SHO,DejaVu Serif: base vetorial licenciada
U+03F9,Ϲ,GREEK CAPITAL LUNATE SIGMA SYMBOL,DejaVu Serif: base vetorial licenciada
U+03FA,Ϻ,GREEK CAPITAL LETTER SAN,DejaVu Serif: base vetorial licenciada
U+03FB,ϻ,GREEK SMALL LETTER SAN,DejaVu Serif: base vetorial licenciada
U+03FC,ϼ,GREEK RHO WITH STROKE SYMBOL,DejaVu Serif: base vetorial licenciada
U+03FD,Ͻ,GREEK CAPITAL REVERSED LUNATE SIGMA SYMBOL,DejaVu Serif: base vetorial licenciada
U+03FE,Ͼ,GREEK CAPITAL DOTTED LUNATE SIGMA SYMBOL,DejaVu Serif: base vetorial licenciada
U+03FF,Ͽ,GREEK CAPITAL REVERSED DOTTED LUNATE SIGMA SYMBOL,DejaVu Serif: base vetorial licenciada
U+0400,Ѐ,CYRILLIC CAPITAL LETTER IE WITH GRAVE,DejaVu Serif: base vetorial licenciada
U+0401,Ё,CYRILLIC CAPITAL LETTER IO,DejaVu Serif: base vetorial licenciada
U+0402,Ђ,CYRILLIC CAPITAL LETTER DJE,DejaVu Serif: base vetorial licenciada
U+0403,Ѓ,CYRILLIC CAPITAL LETTER GJE,DejaVu Serif: base vetorial licenciada
U+0404,Є,CYRILLIC CAPITAL LETTER UKRAINIAN IE,DejaVu Serif: base vetorial licenciada
U+0405,Ѕ,CYRILLIC CAPITAL LETTER DZE,DejaVu Serif: base vetorial licenciada
U+0406,І,CYRILLIC CAPITAL LETTER BYELORUSSIAN-UKRAINIAN I,DejaVu Serif: base vetorial licenciada
U+0407,Ї,CYRILLIC CAPITAL LETTER YI,DejaVu Serif: base vetorial licenciada
U+0408,Ј,CYRILLIC CAPITAL LETTER JE,DejaVu Serif: base vetorial licenciada
U+0409,Љ,CYRILLIC CAPITAL LETTER LJE,Peregrini: contorno aprovado suavizado e ajustado às métricas
U+040A,Њ,CYRILLIC CAPITAL LETTER NJE,Peregrini: contorno aprovado suavizado e ajustado às métricas
U+040B,Ћ,CYRILLIC CAPITAL LETTER TSHE,DejaVu Serif: base vetorial licenciada
U+040C,Ќ,CYRILLIC CAPITAL LETTER KJE,DejaVu Serif: base vetorial licenciada
U+040D,Ѝ,CYRILLIC CAPITAL LETTER I WITH GRAVE,DejaVu Serif: base vetorial licenciada
U+040E,Ў,CYRILLIC CAPITAL LETTER SHORT U,DejaVu Serif: base vetorial licenciada
U+040F,Џ,CYRILLIC CAPITAL LETTER DZHE,DejaVu Serif: base vetorial licenciada
U+0410,А,CYRILLIC CAPITAL LETTER A,"Peregrini: desenho compartilhado, código Unicode distinto"
U+0411,Б,CYRILLIC CAPITAL LETTER BE,DejaVu Serif: base vetorial licenciada
U+0412,В,CYRILLIC CAPITAL LETTER VE,"Peregrini: desenho compartilhado, código Unicode distinto"
U+0413,Г,CYRILLIC CAPITAL LETTER GHE,Peregrini: contorno aprovado suavizado e ajustado às métricas
U+0414,Д,CYRILLIC CAPITAL LETTER DE,Peregrini: contorno aprovado suavizado e ajustado às métricas
U+0415,Е,CYRILLIC CAPITAL LETTER IE,"Peregrini: desenho compartilhado, código Unicode distinto"
U+0416,Ж,CYRILLIC CAPITAL LETTER ZHE,Peregrini: contorno aprovado suavizado e ajustado às métricas
U+0417,З,CYRILLIC CAPITAL LETTER ZE,Peregrini: contorno aprovado suavizado e ajustado às métricas
U+0418,И,CYRILLIC CAPITAL LETTER I,Peregrini: contorno aprovado suavizado e ajustado às métricas
U+0419,Й,CYRILLIC CAPITAL LETTER SHORT I,DejaVu Serif: base vetorial licenciada
U+041A,К,CYRILLIC CAPITAL LETTER KA,"Peregrini: desenho compartilhado, código Unicode distinto"
U+041B,Л,CYRILLIC CAPITAL LETTER EL,Peregrini: contorno aprovado suavizado e ajustado às métricas
U+041C,М,CYRILLIC CAPITAL LETTER EM,"Peregrini: desenho compartilhado, código Unicode distinto"
U+041D,Н,CYRILLIC CAPITAL LETTER EN,"Peregrini: desenho compartilhado, código Unicode distinto"
U+041E,О,CYRILLIC CAPITAL LETTER O,"Peregrini: desenho compartilhado, código Unicode distinto"
U+041F,П,CYRILLIC CAPITAL LETTER PE,Peregrini: contorno aprovado suavizado e ajustado às métricas
U+0420,Р,CYRILLIC CAPITAL LETTER ER,"Peregrini: desenho compartilhado, código Unicode distinto"
U+0421,С,CYRILLIC CAPITAL LETTER ES,"Peregrini: desenho compartilhado, código Unicode distinto"
U+0422,Т,CYRILLIC CAPITAL LETTER TE,"Peregrini: desenho compartilhado, código Unicode distinto"
U+0423,У,CYRILLIC CAPITAL LETTER U,DejaVu Serif: base vetorial licenciada
U+0424,Ф,CYRILLIC CAPITAL LETTER EF,"Peregrini: desenho compartilhado, código Unicode distinto"
U+0425,Х,CYRILLIC CAPITAL LETTER HA,"Peregrini: desenho compartilhado, código Unicode distinto"
U+0426,Ц,CYRILLIC CAPITAL LETTER TSE,DejaVu Serif: base vetorial licenciada
U+0427,Ч,CYRILLIC CAPITAL LETTER CHE,Peregrini: contorno aprovado suavizado e ajustado às métricas
U+0428,Ш,CYRILLIC CAPITAL LETTER SHA,DejaVu Serif: base vetorial licenciada
U+0429,Щ,CYRILLIC CAPITAL LETTER SHCHA,DejaVu Serif: base vetorial licenciada
U+042A,Ъ,CYRILLIC CAPITAL LETTER HARD SIGN,DejaVu Serif: base vetorial licenciada
U+042B,Ы,CYRILLIC CAPITAL LETTER YERU,DejaVu Serif: base vetorial licenciada
U+042C,Ь,CYRILLIC CAPITAL LETTER SOFT SIGN,DejaVu Serif: base vetorial licenciada
U+042D,Э,CYRILLIC CAPITAL LETTER E,DejaVu Serif: base vetorial licenciada
U+042E,Ю,CYRILLIC CAPITAL LETTER YU,Peregrini: contorno aprovado suavizado e ajustado às métricas
U+042F,Я,CYRILLIC CAPITAL LETTER YA,Peregrini: contorno aprovado suavizado e ajustado às métricas
U+0430,а,CYRILLIC SMALL LETTER A,"Peregrini: desenho compartilhado, código Unicode distinto"
U+0431,б,CYRILLIC SMALL LETTER BE,DejaVu Serif: base vetorial licenciada
U+0432,в,CYRILLIC SMALL LETTER VE,DejaVu Serif: base vetorial licenciada
U+0433,г,CYRILLIC SMALL LETTER GHE,Peregrini: contorno aprovado suavizado e ajustado às métricas
U+0434,д,CYRILLIC SMALL LETTER DE,Peregrini: contorno aprovado suavizado e ajustado às métricas
U+0435,е,CYRILLIC SMALL LETTER IE,"Peregrini: desenho compartilhado, código Unicode distinto"
U+0436,ж,CYRILLIC SMALL LETTER ZHE,Peregrini: contorno aprovado suavizado e ajustado às métricas
U+0437,з,CYRILLIC SMALL LETTER ZE,Peregrini: contorno aprovado suavizado e ajustado às métricas
U+0438,и,CYRILLIC SMALL LETTER I,Peregrini: contorno aprovado suavizado e ajustado às métricas
U+0439,й,CYRILLIC SMALL LETTER SHORT I,DejaVu Serif: base vetorial licenciada
U+043A,к,CYRILLIC SMALL LETTER KA,DejaVu Serif: base vetorial licenciada
U+043B,л,CYRILLIC SMALL LETTER EL,Peregrini: contorno aprovado suavizado e ajustado às métricas
U+043C,м,CYRILLIC SMALL LETTER EM,DejaVu Serif: base vetorial licenciada
U+043D,н,CYRILLIC SMALL LETTER EN,DejaVu Serif: base vetorial licenciada
U+043E,о,CYRILLIC SMALL LETTER O,"Peregrini: desenho compartilhado, código Unicode distinto"
U+043F,п,CYRILLIC SMALL LETTER PE,Peregrini: contorno aprovado suavizado e ajustado às métricas
U+0440,р,CYRILLIC SMALL LETTER ER,"Peregrini: desenho compartilhado, código Unicode distinto"
U+0441,с,CYRILLIC SMALL LETTER ES,"Peregrini: desenho compartilhado, código Unicode distinto"
U+0442,т,CYRILLIC SMALL LETTER TE,DejaVu Serif: base vetorial licenciada
U+0443,у,CYRILLIC SMALL LETTER U,DejaVu Serif: base vetorial licenciada
U+0444,ф,CYRILLIC SMALL LETTER EF,DejaVu Serif: base vetorial licenciada
U+0445,х,CYRILLIC SMALL LETTER HA,"Peregrini: desenho compartilhado, código Unicode distinto"
U+0446,ц,CYRILLIC SMALL LETTER TSE,DejaVu Serif: base vetorial licenciada
U+0447,ч,CYRILLIC SMALL LETTER CHE,Peregrini: contorno aprovado suavizado e ajustado às métricas
U+0448,ш,CYRILLIC SMALL LETTER SHA,DejaVu Serif: base vetorial licenciada
U+0449,щ,CYRILLIC SMALL LETTER SHCHA,DejaVu Serif: base vetorial licenciada
U+044A,ъ,CYRILLIC SMALL LETTER HARD SIGN,DejaVu Serif: base vetorial licenciada
U+044B,ы,CYRILLIC SMALL LETTER YERU,DejaVu Serif: base vetorial licenciada
U+044C,ь,CYRILLIC SMALL LETTER SOFT SIGN,DejaVu Serif: base vetorial licenciada
U+044D,э,CYRILLIC SMALL LETTER E,DejaVu Serif: base vetorial licenciada
U+044E,ю,CYRILLIC SMALL LETTER YU,Peregrini: contorno aprovado suavizado e ajustado às métricas
U+044F,я,CYRILLIC SMALL LETTER YA,Peregrini: contorno aprovado suavizado e ajustado às métricas
U+0450,ѐ,CYRILLIC SMALL LETTER IE WITH GRAVE,DejaVu Serif: base vetorial licenciada
U+0451,ё,CYRILLIC SMALL LETTER IO,DejaVu Serif: base vetorial licenciada
U+0452,ђ,CYRILLIC SMALL LETTER DJE,DejaVu Serif: base vetorial licenciada
U+0453,ѓ,CYRILLIC SMALL LETTER GJE,DejaVu Serif: base vetorial licenciada
U+0454,є,CYRILLIC SMALL LETTER UKRAINIAN IE,DejaVu Serif: base vetorial licenciada
U+0455,ѕ,CYRILLIC SMALL LETTER DZE,DejaVu Serif: base vetorial licenciada
U+0456,і,CYRILLIC SMALL LETTER BYELORUSSIAN-UKRAINIAN I,DejaVu Serif: base vetorial licenciada
U+0457,ї,CYRILLIC SMALL LETTER YI,DejaVu Serif: base vetorial licenciada
U+0458,ј,CYRILLIC SMALL LETTER JE,DejaVu Serif: base vetorial licenciada
U+0459,љ,CYRILLIC SMALL LETTER LJE,Peregrini: contorno aprovado suavizado e ajustado às métricas
U+045A,њ,CYRILLIC SMALL LETTER NJE,Peregrini: contorno aprovado suavizado e ajustado às métricas
U+045B,ћ,CYRILLIC SMALL LETTER TSHE,DejaVu Serif: base vetorial licenciada
U+045C,ќ,CYRILLIC SMALL LETTER KJE,DejaVu Serif: base vetorial licenciada
U+045D,ѝ,CYRILLIC SMALL LETTER I WITH GRAVE,DejaVu Serif: base vetorial licenciada
U+045E,ў,CYRILLIC SMALL LETTER SHORT U,DejaVu Serif: base vetorial licenciada
U+045F,џ,CYRILLIC SMALL LETTER DZHE,DejaVu Serif: base vetorial licenciada
U+0462,Ѣ,CYRILLIC CAPITAL LETTER YAT,DejaVu Serif: base vetorial licenciada
U+0463,ѣ,CYRILLIC SMALL LETTER YAT,DejaVu Serif: base vetorial licenciada
U+0464,Ѥ,CYRILLIC CAPITAL LETTER IOTIFIED E,DejaVu Serif: base vetorial licenciada
U+0465,ѥ,CYRILLIC SMALL LETTER IOTIFIED E,DejaVu Serif: base vetorial licenciada
U+046A,Ѫ,CYRILLIC CAPITAL LETTER BIG YUS,DejaVu Serif: base vetorial licenciada
U+046B,ѫ,CYRILLIC SMALL LETTER BIG YUS,DejaVu Serif: base vetorial licenciada
U+046C,Ѭ,CYRILLIC CAPITAL LETTER IOTIFIED BIG YUS,DejaVu Serif: base vetorial licenciada
U+046D,ѭ,CYRILLIC SMALL LETTER IOTIFIED BIG YUS,DejaVu Serif: base vetorial licenciada
U+0470,Ѱ,CYRILLIC CAPITAL LETTER PSI,DejaVu Serif: base vetorial licenciada
U+0471,ѱ,CYRILLIC SMALL LETTER PSI,DejaVu Serif: base vetorial licenciada
U+0472,Ѳ,CYRILLIC CAPITAL LETTER FITA,DejaVu Serif: base vetorial licenciada
U+0473,ѳ,CYRILLIC SMALL LETTER FITA,DejaVu Serif: base vetorial licenciada
U+0474,Ѵ,CYRILLIC CAPITAL LETTER IZHITSA,DejaVu Serif: base vetorial licenciada
U+0475,ѵ,CYRILLIC SMALL LETTER IZHITSA,DejaVu Serif: base vetorial licenciada
U+0476,Ѷ,CYRILLIC CAPITAL LETTER IZHITSA WITH DOUBLE GRAVE ACCENT,DejaVu Serif: base vetorial licenciada
U+0477,ѷ,CYRILLIC SMALL LETTER IZHITSA WITH DOUBLE GRAVE ACCENT,DejaVu Serif: base vetorial licenciada
U+048C,Ҍ,CYRILLIC CAPITAL LETTER SEMISOFT SIGN,DejaVu Serif: base vetorial licenciada
U+048D,ҍ,CYRILLIC SMALL LETTER SEMISOFT SIGN,DejaVu Serif: base vetorial licenciada
U+0490,Ґ,CYRILLIC CAPITAL LETTER GHE WITH UPTURN,DejaVu Serif: base vetorial licenciada
U+0491,ґ,CYRILLIC SMALL LETTER GHE WITH UPTURN,DejaVu Serif: base vetorial licenciada
U+0492,Ғ,CYRILLIC CAPITAL LETTER GHE WITH STROKE,DejaVu Serif: base vetorial licenciada
U+0493,ғ,CYRILLIC SMALL LETTER GHE WITH STROKE,DejaVu Serif: base vetorial licenciada
U+0494,Ҕ,CYRILLIC CAPITAL LETTER GHE WITH MIDDLE HOOK,DejaVu Serif: base vetorial licenciada
U+0495,ҕ,CYRILLIC SMALL LETTER GHE WITH MIDDLE HOOK,DejaVu Serif: base vetorial licenciada
U+0496,Җ,CYRILLIC CAPITAL LETTER ZHE WITH DESCENDER,DejaVu Serif: base vetorial licenciada
U+0497,җ,CYRILLIC SMALL LETTER ZHE WITH DESCENDER,DejaVu Serif: base vetorial licenciada
U+0498,Ҙ,CYRILLIC CAPITAL LETTER ZE WITH DESCENDER,DejaVu Serif: base vetorial licenciada
U+0499,ҙ,CYRILLIC SMALL LETTER ZE WITH DESCENDER,DejaVu Serif: base vetorial licenciada
U+049A,Қ,CYRILLIC CAPITAL LETTER KA WITH DESCENDER,DejaVu Serif: base vetorial licenciada
U+049B,қ,CYRILLIC SMALL LETTER KA WITH DESCENDER,DejaVu Serif: base vetorial licenciada
U+049E,Ҟ,CYRILLIC CAPITAL LETTER KA WITH STROKE,DejaVu Serif: base vetorial licenciada
U+049F,ҟ,CYRILLIC SMALL LETTER KA WITH STROKE,DejaVu Serif: base vetorial licenciada
U+04A0,Ҡ,CYRILLIC CAPITAL LETTER BASHKIR KA,DejaVu Serif: base vetorial licenciada
U+04A1,ҡ,CYRILLIC SMALL LETTER BASHKIR KA,DejaVu Serif: base vetorial licenciada
U+04A2,Ң,CYRILLIC CAPITAL LETTER EN WITH DESCENDER,DejaVu Serif: base vetorial licenciada
U+04A3,ң,CYRILLIC SMALL LETTER EN WITH DESCENDER,DejaVu Serif: base vetorial licenciada
U+04A4,Ҥ,CYRILLIC CAPITAL LIGATURE EN GHE,DejaVu Serif: base vetorial licenciada
U+04A5,ҥ,CYRILLIC SMALL LIGATURE EN GHE,DejaVu Serif: base vetorial licenciada
U+04A6,Ҧ,CYRILLIC CAPITAL LETTER PE WITH MIDDLE HOOK,DejaVu Serif: base vetorial licenciada
U+04A7,ҧ,CYRILLIC SMALL LETTER PE WITH MIDDLE HOOK,DejaVu Serif: base vetorial licenciada
U+04AA,Ҫ,CYRILLIC CAPITAL LETTER ES WITH DESCENDER,DejaVu Serif: base vetorial licenciada
U+04AB,ҫ,CYRILLIC SMALL LETTER ES WITH DESCENDER,DejaVu Serif: base vetorial licenciada
U+04AC,Ҭ,CYRILLIC CAPITAL LETTER TE WITH DESCENDER,DejaVu Serif: base vetorial licenciada
U+04AD,ҭ,CYRILLIC SMALL LETTER TE WITH DESCENDER,DejaVu Serif: base vetorial licenciada
U+04AE,Ү,CYRILLIC CAPITAL LETTER STRAIGHT U,DejaVu Serif: base vetorial licenciada
U+04AF,ү,CYRILLIC SMALL LETTER STRAIGHT U,DejaVu Serif: base vetorial licenciada
U+04B0,Ұ,CYRILLIC CAPITAL LETTER STRAIGHT U WITH STROKE,DejaVu Serif: base vetorial licenciada
U+04B1,ұ,CYRILLIC SMALL LETTER STRAIGHT U WITH STROKE,DejaVu Serif: base vetorial licenciada
U+04B2,Ҳ,CYRILLIC CAPITAL LETTER HA WITH DESCENDER,DejaVu Serif: base vetorial licenciada
U+04B3,ҳ,CYRILLIC SMALL LETTER HA WITH DESCENDER,DejaVu Serif: base vetorial licenciada
U+04B4,Ҵ,CYRILLIC CAPITAL LIGATURE TE TSE,DejaVu Serif: base vetorial licenciada
U+04B5,ҵ,CYRILLIC SMALL LIGATURE TE TSE,DejaVu Serif: base vetorial licenciada
U+04B6,Ҷ,CYRILLIC CAPITAL LETTER CHE WITH DESCENDER,DejaVu Serif: base vetorial licenciada
U+04B7,ҷ,CYRILLIC SMALL LETTER CHE WITH DESCENDER,DejaVu Serif: base vetorial licenciada
U+04BA,Һ,CYRILLIC CAPITAL LETTER SHHA,DejaVu Serif: base vetorial licenciada
U+04BB,һ,CYRILLIC SMALL LETTER SHHA,DejaVu Serif: base vetorial licenciada
U+04C0,Ӏ,CYRILLIC LETTER PALOCHKA,DejaVu Serif: base vetorial licenciada
U+04C1,Ӂ,CYRILLIC CAPITAL LETTER ZHE WITH BREVE,DejaVu Serif: base vetorial licenciada
U+04C2,ӂ,CYRILLIC SMALL LETTER ZHE WITH BREVE,DejaVu Serif: base vetorial licenciada
U+04C3,Ӄ,CYRILLIC CAPITAL LETTER KA WITH HOOK,DejaVu Serif: base vetorial licenciada
U+04C4,ӄ,CYRILLIC SMALL LETTER KA WITH HOOK,DejaVu Serif: base vetorial licenciada
U+04C7,Ӈ,CYRILLIC CAPITAL LETTER EN WITH HOOK,DejaVu Serif: base vetorial licenciada
U+04C8,ӈ,CYRILLIC SMALL LETTER EN WITH HOOK,DejaVu Serif: base vetorial licenciada
U+04CB,Ӌ,CYRILLIC CAPITAL LETTER KHAKASSIAN CHE,DejaVu Serif: base vetorial licenciada
U+04CC,ӌ,CYRILLIC SMALL LETTER KHAKASSIAN CHE,DejaVu Serif: base vetorial licenciada
U+04CF,ӏ,CYRILLIC SMALL LETTER PALOCHKA,DejaVu Serif: base vetorial licenciada
U+04D0,Ӑ,CYRILLIC CAPITAL LETTER A WITH BREVE,DejaVu Serif: base vetorial licenciada
U+04D1,ӑ,CYRILLIC SMALL LETTER A WITH BREVE,DejaVu Serif: base vetorial licenciada
U+04D2,Ӓ,CYRILLIC CAPITAL LETTER A WITH DIAERESIS,DejaVu Serif: base vetorial licenciada
U+04D3,ӓ,CYRILLIC SMALL LETTER A WITH DIAERESIS,DejaVu Serif: base vetorial licenciada
U+04D4,Ӕ,CYRILLIC CAPITAL LIGATURE A IE,DejaVu Serif: base vetorial licenciada
U+04D5,ӕ,CYRILLIC SMALL LIGATURE A IE,DejaVu Serif: base vetorial licenciada
U+04D6,Ӗ,CYRILLIC CAPITAL LETTER IE WITH BREVE,DejaVu Serif: base vetorial licenciada
U+04D7,ӗ,CYRILLIC SMALL LETTER IE WITH BREVE,DejaVu Serif: base vetorial licenciada
U+04D8,Ә,CYRILLIC CAPITAL LETTER SCHWA,DejaVu Serif: base vetorial licenciada
U+04D9,ә,CYRILLIC SMALL LETTER SCHWA,DejaVu Serif: base vetorial licenciada
U+04DA,Ӛ,CYRILLIC CAPITAL LETTER SCHWA WITH DIAERESIS,DejaVu Serif: base vetorial licenciada
U+04DB,ӛ,CYRILLIC SMALL LETTER SCHWA WITH DIAERESIS,DejaVu Serif: base vetorial licenciada
U+04DC,Ӝ,CYRILLIC CAPITAL LETTER ZHE WITH DIAERESIS,DejaVu Serif: base vetorial licenciada
U+04DD,ӝ,CYRILLIC SMALL LETTER ZHE WITH DIAERESIS,DejaVu Serif: base vetorial licenciada
U+04DE,Ӟ,CYRILLIC CAPITAL LETTER ZE WITH DIAERESIS,DejaVu Serif: base vetorial licenciada
U+04DF,ӟ,CYRILLIC SMALL LETTER ZE WITH DIAERESIS,DejaVu Serif: base vetorial licenciada
U+04E0,Ӡ,CYRILLIC CAPITAL LETTER ABKHASIAN DZE,DejaVu Serif: base vetorial licenciada
U+04E1,ӡ,CYRILLIC SMALL LETTER ABKHASIAN DZE,DejaVu Serif: base vetorial licenciada
U+04E2,Ӣ,CYRILLIC CAPITAL LETTER I WITH MACRON,DejaVu Serif: base vetorial licenciada
U+04E3,ӣ,CYRILLIC SMALL LETTER I WITH MACRON,DejaVu Serif: base vetorial licenciada
U+04E4,Ӥ,CYRILLIC CAPITAL LETTER I WITH DIAERESIS,DejaVu Serif: base vetorial licenciada
U+04E5,ӥ,CYRILLIC SMALL LETTER I WITH DIAERESIS,DejaVu Serif: base vetorial licenciada
U+04E6,Ӧ,CYRILLIC CAPITAL LETTER O WITH DIAERESIS,DejaVu Serif: base vetorial licenciada
U+04E7,ӧ,CYRILLIC SMALL LETTER O WITH DIAERESIS,DejaVu Serif: base vetorial licenciada
U+04E8,Ө,CYRILLIC CAPITAL LETTER BARRED O,DejaVu Serif: base vetorial licenciada
U+04E9,ө,CYRILLIC SMALL LETTER BARRED O,DejaVu Serif: base vetorial licenciada
U+04EA,Ӫ,CYRILLIC CAPITAL LETTER BARRED O WITH DIAERESIS,DejaVu Serif: base vetorial licenciada
U+04EB,ӫ,CYRILLIC SMALL LETTER BARRED O WITH DIAERESIS,DejaVu Serif: base vetorial licenciada
U+04EC,Ӭ,CYRILLIC CAPITAL LETTER E WITH DIAERESIS,DejaVu Serif: base vetorial licenciada
U+04ED,ӭ,CYRILLIC SMALL LETTER E WITH DIAERESIS,DejaVu Serif: base vetorial licenciada
U+04EE,Ӯ,CYRILLIC CAPITAL LETTER U WITH MACRON,DejaVu Serif: base vetorial licenciada
U+04EF,ӯ,CYRILLIC SMALL LETTER U WITH MACRON,DejaVu Serif: base vetorial licenciada
U+04F0,Ӱ,CYRILLIC CAPITAL LETTER U WITH DIAERESIS,DejaVu Serif: base vetorial licenciada
U+04F1,ӱ,CYRILLIC SMALL LETTER U WITH DIAERESIS,DejaVu Serif: base vetorial licenciada
U+04F2,Ӳ,CYRILLIC CAPITAL LETTER U WITH DOUBLE ACUTE,DejaVu Serif: base vetorial licenciada
U+04F3,ӳ,CYRILLIC SMALL LETTER U WITH DOUBLE ACUTE,DejaVu Serif: base vetorial licenciada
U+04F4,Ӵ,CYRILLIC CAPITAL LETTER CHE WITH DIAERESIS,DejaVu Serif: base vetorial licenciada
U+04F5,ӵ,CYRILLIC SMALL LETTER CHE WITH DIAERESIS,DejaVu Serif: base vetorial licenciada
U+04F6,Ӷ,CYRILLIC CAPITAL LETTER GHE WITH DESCENDER,DejaVu Serif: base vetorial licenciada
U+04F7,ӷ,CYRILLIC SMALL LETTER GHE WITH DESCENDER,DejaVu Serif: base vetorial licenciada
U+04F8,Ӹ,CYRILLIC CAPITAL LETTER YERU WITH DIAERESIS,DejaVu Serif: base vetorial licenciada
U+04F9,ӹ,CYRILLIC SMALL LETTER YERU WITH DIAERESIS,DejaVu Serif: base vetorial licenciada
U+0510,Ԑ,CYRILLIC CAPITAL LETTER REVERSED ZE,DejaVu Serif: base vetorial licenciada
U+0511,ԑ,CYRILLIC SMALL LETTER REVERSED ZE,DejaVu Serif: base vetorial licenciada
U+0512,Ԓ,CYRILLIC CAPITAL LETTER EL WITH HOOK,DejaVu Serif: base vetorial licenciada
U+0513,ԓ,CYRILLIC SMALL LETTER EL WITH HOOK,DejaVu Serif: base vetorial licenciada
U+0514,Ԕ,CYRILLIC CAPITAL LETTER LHA,DejaVu Serif: base vetorial licenciada
U+0515,ԕ,CYRILLIC SMALL LETTER LHA,DejaVu Serif: base vetorial licenciada
U+051A,Ԛ,CYRILLIC CAPITAL LETTER QA,DejaVu Serif: base vetorial licenciada
U+051B,ԛ,CYRILLIC SMALL LETTER QA,DejaVu Serif: base vetorial licenciada
U+051C,Ԝ,CYRILLIC CAPITAL LETTER WE,DejaVu Serif: base vetorial licenciada
U+051D,ԝ,CYRILLIC SMALL LETTER WE,DejaVu Serif: base vetorial licenciada
U+0531,Ա,ARMENIAN CAPITAL LETTER AYB,DejaVu Serif: base vetorial licenciada
U+0532,Բ,ARMENIAN CAPITAL LETTER BEN,DejaVu Serif: base vetorial licenciada
U+0533,Գ,ARMENIAN CAPITAL LETTER GIM,DejaVu Serif: base vetorial licenciada
U+0534,Դ,ARMENIAN CAPITAL LETTER DA,DejaVu Serif: base vetorial licenciada
U+0535,Ե,ARMENIAN CAPITAL LETTER ECH,DejaVu Serif: base vetorial licenciada
U+0536,Զ,ARMENIAN CAPITAL LETTER ZA,DejaVu Serif: base vetorial licenciada
U+0537,Է,ARMENIAN CAPITAL LETTER EH,DejaVu Serif: base vetorial licenciada
U+0538,Ը,ARMENIAN CAPITAL LETTER ET,DejaVu Serif: base vetorial licenciada
U+0539,Թ,ARMENIAN CAPITAL LETTER TO,DejaVu Serif: base vetorial licenciada
U+053A,Ժ,ARMENIAN CAPITAL LETTER ZHE,DejaVu Serif: base vetorial licenciada
U+053B,Ի,ARMENIAN CAPITAL LETTER INI,DejaVu Serif: base vetorial licenciada
U+053C,Լ,ARMENIAN CAPITAL LETTER LIWN,DejaVu Serif: base vetorial licenciada
U+053D,Խ,ARMENIAN CAPITAL LETTER XEH,DejaVu Serif: base vetorial licenciada
U+053E,Ծ,ARMENIAN CAPITAL LETTER CA,DejaVu Serif: base vetorial licenciada
U+053F,Կ,ARMENIAN CAPITAL LETTER KEN,DejaVu Serif: base vetorial licenciada
U+0540,Հ,ARMENIAN CAPITAL LETTER HO,DejaVu Serif: base vetorial licenciada
U+0541,Ձ,ARMENIAN CAPITAL LETTER JA,DejaVu Serif: base vetorial licenciada
U+0542,Ղ,ARMENIAN CAPITAL LETTER GHAD,DejaVu Serif: base vetorial licenciada
U+0543,Ճ,ARMENIAN CAPITAL LETTER CHEH,DejaVu Serif: base vetorial licenciada
U+0544,Մ,ARMENIAN CAPITAL LETTER MEN,DejaVu Serif: base vetorial licenciada
U+0545,Յ,ARMENIAN CAPITAL LETTER YI,DejaVu Serif: base vetorial licenciada
U+0546,Ն,ARMENIAN CAPITAL LETTER NOW,DejaVu Serif: base vetorial licenciada
U+0547,Շ,ARMENIAN CAPITAL LETTER SHA,DejaVu Serif: base vetorial licenciada
U+0548,Ո,ARMENIAN CAPITAL LETTER VO,DejaVu Serif: base vetorial licenciada
U+0549,Չ,ARMENIAN CAPITAL LETTER CHA,DejaVu Serif: base vetorial licenciada
U+054A,Պ,ARMENIAN CAPITAL LETTER PEH,DejaVu Serif: base vetorial licenciada
U+054B,Ջ,ARMENIAN CAPITAL LETTER JHEH,DejaVu Serif: base vetorial licenciada
U+054C,Ռ,ARMENIAN CAPITAL LETTER RA,DejaVu Serif: base vetorial licenciada
U+054D,Ս,ARMENIAN CAPITAL LETTER SEH,DejaVu Serif: base vetorial licenciada
U+054E,Վ,ARMENIAN CAPITAL LETTER VEW,DejaVu Serif: base vetorial licenciada
U+054F,Տ,ARMENIAN CAPITAL LETTER TIWN,DejaVu Serif: base vetorial licenciada
U+0550,Ր,ARMENIAN CAPITAL LETTER REH,DejaVu Serif: base vetorial licenciada
U+0551,Ց,ARMENIAN CAPITAL LETTER CO,DejaVu Serif: base vetorial licenciada
U+0552,Ւ,ARMENIAN CAPITAL LETTER YIWN,DejaVu Serif: base vetorial licenciada
U+0553,Փ,ARMENIAN CAPITAL LETTER PIWR,DejaVu Serif: base vetorial licenciada
U+0554,Ք,ARMENIAN CAPITAL LETTER KEH,DejaVu Serif: base vetorial licenciada
U+0555,Օ,ARMENIAN CAPITAL LETTER OH,DejaVu Serif: base vetorial licenciada
U+0556,Ֆ,ARMENIAN CAPITAL LETTER FEH,DejaVu Serif: base vetorial licenciada
U+0559,ՙ,ARMENIAN MODIFIER LETTER LEFT HALF RING,DejaVu Serif: base vetorial licenciada
U+055A,՚,ARMENIAN APOSTROPHE,DejaVu Serif: base vetorial licenciada
U+055B,՛,ARMENIAN EMPHASIS MARK,DejaVu Serif: base vetorial licenciada
U+055C,՜,ARMENIAN EXCLAMATION MARK,DejaVu Serif: base vetorial licenciada
U+055D,՝,ARMENIAN COMMA,DejaVu Serif: base vetorial licenciada
U+055E,՞,ARMENIAN QUESTION MARK,DejaVu Serif: base vetorial licenciada
U+055F,՟,ARMENIAN ABBREVIATION MARK,DejaVu Serif: base vetorial licenciada
U+0561,ա,ARMENIAN SMALL LETTER AYB,DejaVu Serif: base vetorial licenciada
U+0562,բ,ARMENIAN SMALL LETTER BEN,DejaVu Serif: base vetorial licenciada
U+0563,գ,ARMENIAN SMALL LETTER GIM,DejaVu Serif: base vetorial licenciada
U+0564,դ,ARMENIAN SMALL LETTER DA,DejaVu Serif: base vetorial licenciada
U+0565,ե,ARMENIAN SMALL LETTER ECH,DejaVu Serif: base vetorial licenciada
U+0566,զ,ARMENIAN SMALL LETTER ZA,DejaVu Serif: base vetorial licenciada
U+0567,է,ARMENIAN SMALL LETTER EH,DejaVu Serif: base vetorial licenciada
U+0568,ը,ARMENIAN SMALL LETTER ET,DejaVu Serif: base vetorial licenciada
U+0569,թ,ARMENIAN SMALL LETTER TO,DejaVu Serif: base vetorial licenciada
U+056A,ժ,ARMENIAN SMALL LETTER ZHE,DejaVu Serif: base vetorial licenciada
U+056B,ի,ARMENIAN SMALL LETTER INI,DejaVu Serif: base vetorial licenciada
U+056C,լ,ARMENIAN SMALL LETTER LIWN,DejaVu Serif: base vetorial licenciada
U+056D,խ,ARMENIAN SMALL LETTER XEH,DejaVu Serif: base vetorial licenciada
U+056E,ծ,ARMENIAN SMALL LETTER CA,DejaVu Serif: base vetorial licenciada
U+056F,կ,ARMENIAN SMALL LETTER KEN,DejaVu Serif: base vetorial licenciada
U+0570,հ,ARMENIAN SMALL LETTER HO,DejaVu Serif: base vetorial licenciada
U+0571,ձ,ARMENIAN SMALL LETTER JA,DejaVu Serif: base vetorial licenciada
U+0572,ղ,ARMENIAN SMALL LETTER GHAD,DejaVu Serif: base vetorial licenciada
U+0573,ճ,ARMENIAN SMALL LETTER CHEH,DejaVu Serif: base vetorial licenciada
U+0574,մ,ARMENIAN SMALL LETTER MEN,DejaVu Serif: base vetorial licenciada
U+0575,յ,ARMENIAN SMALL LETTER YI,DejaVu Serif: base vetorial licenciada
U+0576,ն,ARMENIAN SMALL LETTER NOW,DejaVu Serif: base vetorial licenciada
U+0577,շ,ARMENIAN SMALL LETTER SHA,DejaVu Serif: base vetorial licenciada
U+0578,ո,ARMENIAN SMALL LETTER VO,DejaVu Serif: base vetorial licenciada
U+0579,չ,ARMENIAN SMALL LETTER CHA,DejaVu Serif: base vetorial licenciada
U+057A,պ,ARMENIAN SMALL LETTER PEH,DejaVu Serif: base vetorial licenciada
U+057B,ջ,ARMENIAN SMALL LETTER JHEH,DejaVu Serif: base vetorial licenciada
U+057C,ռ,ARMENIAN SMALL LETTER RA,DejaVu Serif: base vetorial licenciada
U+057D,ս,ARMENIAN SMALL LETTER SEH,DejaVu Serif: base vetorial licenciada
U+057E,վ,ARMENIAN SMALL LETTER VEW,DejaVu Serif: base vetorial licenciada
U+057F,տ,ARMENIAN SMALL LETTER TIWN,DejaVu Serif: base vetorial licenciada
U+0580,ր,ARMENIAN SMALL LETTER REH,DejaVu Serif: base vetorial licenciada
U+0581,ց,ARMENIAN SMALL LETTER CO,DejaVu Serif: base vetorial licenciada
U+0582,ւ,ARMENIAN SMALL LETTER YIWN,DejaVu Serif: base vetorial licenciada
U+0583,փ,ARMENIAN SMALL LETTER PIWR,DejaVu Serif: base vetorial licenciada
U+0584,ք,ARMENIAN SMALL LETTER KEH,DejaVu Serif: base vetorial licenciada
U+0585,օ,ARMENIAN SMALL LETTER OH,DejaVu Serif: base vetorial licenciada
U+0586,ֆ,ARMENIAN SMALL LETTER FEH,DejaVu Serif: base vetorial licenciada
U+0587,և,ARMENIAN SMALL LIGATURE ECH YIWN,DejaVu Serif: base vetorial licenciada
U+0589,։,ARMENIAN FULL STOP,DejaVu Serif: base vetorial licenciada
U+058A,֊,ARMENIAN HYPHEN,DejaVu Serif: base vetorial licenciada
U+0E3F,฿,THAI CURRENCY SYMBOL BAHT,DejaVu Serif: base vetorial licenciada
U+10A0,Ⴀ,GEORGIAN CAPITAL LETTER AN,DejaVu Serif: base vetorial licenciada
U+10A1,Ⴁ,GEORGIAN CAPITAL LETTER BAN,DejaVu Serif: base vetorial licenciada
U+10A2,Ⴂ,GEORGIAN CAPITAL LETTER GAN,DejaVu Serif: base vetorial licenciada
U+10A3,Ⴃ,GEORGIAN CAPITAL LETTER DON,DejaVu Serif: base vetorial licenciada
U+10A4,Ⴄ,GEORGIAN CAPITAL LETTER EN,DejaVu Serif: base vetorial licenciada
U+10A5,Ⴅ,GEORGIAN CAPITAL LETTER VIN,DejaVu Serif: base vetorial licenciada
U+10A6,Ⴆ,GEORGIAN CAPITAL LETTER ZEN,DejaVu Serif: base vetorial licenciada
U+10A7,Ⴇ,GEORGIAN CAPITAL LETTER TAN,DejaVu Serif: base vetorial licenciada
U+10A8,Ⴈ,GEORGIAN CAPITAL LETTER IN,DejaVu Serif: base vetorial licenciada
U+10A9,Ⴉ,GEORGIAN CAPITAL LETTER KAN,DejaVu Serif: base vetorial licenciada
U+10AA,Ⴊ,GEORGIAN CAPITAL LETTER LAS,DejaVu Serif: base vetorial licenciada
U+10AB,Ⴋ,GEORGIAN CAPITAL LETTER MAN,DejaVu Serif: base vetorial licenciada
U+10AC,Ⴌ,GEORGIAN CAPITAL LETTER NAR,DejaVu Serif: base vetorial licenciada
U+10AD,Ⴍ,GEORGIAN CAPITAL LETTER ON,DejaVu Serif: base vetorial licenciada
U+10AE,Ⴎ,GEORGIAN CAPITAL LETTER PAR,DejaVu Serif: base vetorial licenciada
U+10AF,Ⴏ,GEORGIAN CAPITAL LETTER ZHAR,DejaVu Serif: base vetorial licenciada
U+10B0,Ⴐ,GEORGIAN CAPITAL LETTER RAE,DejaVu Serif: base vetorial licenciada
U+10B1,Ⴑ,GEORGIAN CAPITAL LETTER SAN,DejaVu Serif: base vetorial licenciada
U+10B2,Ⴒ,GEORGIAN CAPITAL LETTER TAR,DejaVu Serif: base vetorial licenciada
U+10B3,Ⴓ,GEORGIAN CAPITAL LETTER UN,DejaVu Serif: base vetorial licenciada
U+10B4,Ⴔ,GEORGIAN CAPITAL LETTER PHAR,DejaVu Serif: base vetorial licenciada
U+10B5,Ⴕ,GEORGIAN CAPITAL LETTER KHAR,DejaVu Serif: base vetorial licenciada
U+10B6,Ⴖ,GEORGIAN CAPITAL LETTER GHAN,DejaVu Serif: base vetorial licenciada
U+10B7,Ⴗ,GEORGIAN CAPITAL LETTER QAR,DejaVu Serif: base vetorial licenciada
U+10B8,Ⴘ,GEORGIAN CAPITAL LETTER SHIN,DejaVu Serif: base vetorial licenciada
U+10B9,Ⴙ,GEORGIAN CAPITAL LETTER CHIN,DejaVu Serif: base vetorial licenciada
U+10BA,Ⴚ,GEORGIAN CAPITAL LETTER CAN,DejaVu Serif: base vetorial licenciada
U+10BB,Ⴛ,GEORGIAN CAPITAL LETTER JIL,DejaVu Serif: base vetorial licenciada
U+10BC,Ⴜ,GEORGIAN CAPITAL LETTER CIL,DejaVu Serif: base vetorial licenciada
U+10BD,Ⴝ,GEORGIAN CAPITAL LETTER CHAR,DejaVu Serif: base vetorial licenciada
U+10BE,Ⴞ,GEORGIAN CAPITAL LETTER XAN,DejaVu Serif: base vetorial licenciada
U+10BF,Ⴟ,GEORGIAN CAPITAL LETTER JHAN,DejaVu Serif: base vetorial licenciada
U+10C0,Ⴠ,GEORGIAN CAPITAL LETTER HAE,DejaVu Serif: base vetorial licenciada
U+10C1,Ⴡ,GEORGIAN CAPITAL LETTER HE,DejaVu Serif: base vetorial licenciada
U+10C2,Ⴢ,GEORGIAN CAPITAL LETTER HIE,DejaVu Serif: base vetorial licenciada
U+10C3,Ⴣ,GEORGIAN CAPITAL LETTER WE,DejaVu Serif: base vetorial licenciada
U+10C4,Ⴤ,GEORGIAN CAPITAL LETTER HAR,DejaVu Serif: base vetorial licenciada
U+10C5,Ⴥ,GEORGIAN CAPITAL LETTER HOE,DejaVu Serif: base vetorial licenciada
U+10D0,ა,GEORGIAN LETTER AN,DejaVu Serif: base vetorial licenciada
U+10D1,ბ,GEORGIAN LETTER BAN,DejaVu Serif: base vetorial licenciada
U+10D2,გ,GEORGIAN LETTER GAN,DejaVu Serif: base vetorial licenciada
U+10D3,დ,GEORGIAN LETTER DON,DejaVu Serif: base vetorial licenciada
U+10D4,ე,GEORGIAN LETTER EN,DejaVu Serif: base vetorial licenciada
U+10D5,ვ,GEORGIAN LETTER VIN,DejaVu Serif: base vetorial licenciada
U+10D6,ზ,GEORGIAN LETTER ZEN,DejaVu Serif: base vetorial licenciada
U+10D7,თ,GEORGIAN LETTER TAN,DejaVu Serif: base vetorial licenciada
U+10D8,ი,GEORGIAN LETTER IN,DejaVu Serif: base vetorial licenciada
U+10D9,კ,GEORGIAN LETTER KAN,DejaVu Serif: base vetorial licenciada
U+10DA,ლ,GEORGIAN LETTER LAS,DejaVu Serif: base vetorial licenciada
U+10DB,მ,GEORGIAN LETTER MAN,DejaVu Serif: base vetorial licenciada
U+10DC,ნ,GEORGIAN LETTER NAR,DejaVu Serif: base vetorial licenciada
U+10DD,ო,GEORGIAN LETTER ON,DejaVu Serif: base vetorial licenciada
U+10DE,პ,GEORGIAN LETTER PAR,DejaVu Serif: base vetorial licenciada
U+10DF,ჟ,GEORGIAN LETTER ZHAR,DejaVu Serif: base vetorial licenciada
U+10E0,რ,GEORGIAN LETTER RAE,DejaVu Serif: base vetorial licenciada
U+10E1,ს,GEORGIAN LETTER SAN,DejaVu Serif: base vetorial licenciada
U+10E2,ტ,GEORGIAN LETTER TAR,DejaVu Serif: base vetorial licenciada
U+10E3,უ,GEORGIAN LETTER UN,DejaVu Serif: base vetorial licenciada
U+10E4,ფ,GEORGIAN LETTER PHAR,DejaVu Serif: base vetorial licenciada
U+10E5,ქ,GEORGIAN LETTER KHAR,DejaVu Serif: base vetorial licenciada
U+10E6,ღ,GEORGIAN LETTER GHAN,DejaVu Serif: base vetorial licenciada
U+10E7,ყ,GEORGIAN LETTER QAR,DejaVu Serif: base vetorial licenciada
U+10E8,შ,GEORGIAN LETTER SHIN,DejaVu Serif: base vetorial licenciada
U+10E9,ჩ,GEORGIAN LETTER CHIN,DejaVu Serif: base vetorial licenciada
U+10EA,ც,GEORGIAN LETTER CAN,DejaVu Serif: base vetorial licenciada
U+10EB,ძ,GEORGIAN LETTER JIL,DejaVu Serif: base vetorial licenciada
U+10EC,წ,GEORGIAN LETTER CIL,DejaVu Serif: base vetorial licenciada
U+10ED,ჭ,GEORGIAN LETTER CHAR,DejaVu Serif: base vetorial licenciada
U+10EE,ხ,GEORGIAN LETTER XAN,DejaVu Serif: base vetorial licenciada
U+10EF,ჯ,GEORGIAN LETTER JHAN,DejaVu Serif: base vetorial licenciada
U+10F0,ჰ,GEORGIAN LETTER HAE,DejaVu Serif: base vetorial licenciada
U+10F1,ჱ,GEORGIAN LETTER HE,DejaVu Serif: base vetorial licenciada
U+10F2,ჲ,GEORGIAN LETTER HIE,DejaVu Serif: base vetorial licenciada
U+10F3,ჳ,GEORGIAN LETTER WE,DejaVu Serif: base vetorial licenciada
U+10F4,ჴ,GEORGIAN LETTER HAR,DejaVu Serif: base vetorial licenciada
U+10F5,ჵ,GEORGIAN LETTER HOE,DejaVu Serif: base vetorial licenciada
U+10F6,ჶ,GEORGIAN LETTER FI,DejaVu Serif: base vetorial licenciada
U+10F7,ჷ,GEORGIAN LETTER YN,DejaVu Serif: base vetorial licenciada
U+10F8,ჸ,GEORGIAN LETTER ELIFI,DejaVu Serif: base vetorial licenciada
U+10F9,ჹ,GEORGIAN LETTER TURNED GAN,DejaVu Serif: base vetorial licenciada
U+10FA,ჺ,GEORGIAN LETTER AIN,DejaVu Serif: base vetorial licenciada
U+10FB,჻,GEORGIAN PARAGRAPH SEPARATOR,DejaVu Serif: base vetorial licenciada
U+10FC,ჼ,MODIFIER LETTER GEORGIAN NAR,DejaVu Serif: base vetorial licenciada
U+1D00,ᴀ,LATIN LETTER SMALL CAPITAL A,DejaVu Serif: base vetorial licenciada
U+1D01,ᴁ,LATIN LETTER SMALL CAPITAL AE,DejaVu Serif: base vetorial licenciada
U+1D02,ᴂ,LATIN SMALL LETTER TURNED AE,DejaVu Serif: base vetorial licenciada
U+1D03,ᴃ,LATIN LETTER SMALL CAPITAL BARRED B,DejaVu Serif: base vetorial licenciada
U+1D04,ᴄ,LATIN LETTER SMALL CAPITAL C,DejaVu Serif: base vetorial licenciada
U+1D05,ᴅ,LATIN LETTER SMALL CAPITAL D,DejaVu Serif: base vetorial licenciada
U+1D06,ᴆ,LATIN LETTER SMALL CAPITAL ETH,DejaVu Serif: base vetorial licenciada
U+1D07,ᴇ,LATIN LETTER SMALL CAPITAL E,DejaVu Serif: base vetorial licenciada
U+1D08,ᴈ,LATIN SMALL LETTER TURNED OPEN E,DejaVu Serif: base vetorial licenciada
U+1D09,ᴉ,LATIN SMALL LETTER TURNED I,DejaVu Serif: base vetorial licenciada
U+1D0A,ᴊ,LATIN LETTER SMALL CAPITAL J,DejaVu Serif: base vetorial licenciada
U+1D0B,ᴋ,LATIN LETTER SMALL CAPITAL K,DejaVu Serif: base vetorial licenciada
U+1D0C,ᴌ,LATIN LETTER SMALL CAPITAL L WITH STROKE,DejaVu Serif: base vetorial licenciada
U+1D0D,ᴍ,LATIN LETTER SMALL CAPITAL M,DejaVu Serif: base vetorial licenciada
U+1D0E,ᴎ,LATIN LETTER SMALL CAPITAL REVERSED N,DejaVu Serif: base vetorial licenciada
U+1D0F,ᴏ,LATIN LETTER SMALL CAPITAL O,DejaVu Serif: base vetorial licenciada
U+1D10,ᴐ,LATIN LETTER SMALL CAPITAL OPEN O,DejaVu Serif: base vetorial licenciada
U+1D11,ᴑ,LATIN SMALL LETTER SIDEWAYS O,DejaVu Serif: base vetorial licenciada
U+1D12,ᴒ,LATIN SMALL LETTER SIDEWAYS OPEN O,DejaVu Serif: base vetorial licenciada
U+1D13,ᴓ,LATIN SMALL LETTER SIDEWAYS O WITH STROKE,DejaVu Serif: base vetorial licenciada
U+1D14,ᴔ,LATIN SMALL LETTER TURNED OE,DejaVu Serif: base vetorial licenciada
U+1D15,ᴕ,LATIN LETTER SMALL CAPITAL OU,DejaVu Serif: base vetorial licenciada
U+1D16,ᴖ,LATIN SMALL LETTER TOP HALF O,DejaVu Serif: base vetorial licenciada
U+1D17,ᴗ,LATIN SMALL LETTER BOTTOM HALF O,DejaVu Serif: base vetorial licenciada
U+1D18,ᴘ,LATIN LETTER SMALL CAPITAL P,DejaVu Serif: base vetorial licenciada
U+1D19,ᴙ,LATIN LETTER SMALL CAPITAL REVERSED R,DejaVu Serif: base vetorial licenciada
U+1D1A,ᴚ,LATIN LETTER SMALL CAPITAL TURNED R,DejaVu Serif: base vetorial licenciada
U+1D1B,ᴛ,LATIN LETTER SMALL CAPITAL T,DejaVu Serif: base vetorial licenciada
U+1D1C,ᴜ,LATIN LETTER SMALL CAPITAL U,DejaVu Serif: base vetorial licenciada
U+1D1D,ᴝ,LATIN SMALL LETTER SIDEWAYS U,DejaVu Serif: base vetorial licenciada
U+1D1E,ᴞ,LATIN SMALL LETTER SIDEWAYS DIAERESIZED U,DejaVu Serif: base vetorial licenciada
U+1D1F,ᴟ,LATIN SMALL LETTER SIDEWAYS TURNED M,DejaVu Serif: base vetorial licenciada
U+1D20,ᴠ,LATIN LETTER SMALL CAPITAL V,DejaVu Serif: base vetorial licenciada
U+1D21,ᴡ,LATIN LETTER SMALL CAPITAL W,DejaVu Serif: base vetorial licenciada
U+1D22,ᴢ,LATIN LETTER SMALL CAPITAL Z,DejaVu Serif: base vetorial licenciada
U+1D23,ᴣ,LATIN LETTER SMALL CAPITAL EZH,DejaVu Serif: base vetorial licenciada
U+1D24,ᴤ,LATIN LETTER VOICED LARYNGEAL SPIRANT,DejaVu Serif: base vetorial licenciada
U+1D25,ᴥ,LATIN LETTER AIN,DejaVu Serif: base vetorial licenciada
U+1D26,ᴦ,GREEK LETTER SMALL CAPITAL GAMMA,DejaVu Serif: base vetorial licenciada
U+1D27,ᴧ,GREEK LETTER SMALL CAPITAL LAMDA,DejaVu Serif: base vetorial licenciada
U+1D28,ᴨ,GREEK LETTER SMALL CAPITAL PI,DejaVu Serif: base vetorial licenciada
U+1D29,ᴩ,GREEK LETTER SMALL CAPITAL RHO,DejaVu Serif: base vetorial licenciada
U+1D2A,ᴪ,GREEK LETTER SMALL CAPITAL PSI,DejaVu Serif: base vetorial licenciada
U+1D2B,ᴫ,CYRILLIC LETTER SMALL CAPITAL EL,DejaVu Serif: base vetorial licenciada
U+1D2C,ᴬ,MODIFIER LETTER CAPITAL A,DejaVu Serif: base vetorial licenciada
U+1D2D,ᴭ,MODIFIER LETTER CAPITAL AE,DejaVu Serif: base vetorial licenciada
U+1D2E,ᴮ,MODIFIER LETTER CAPITAL B,DejaVu Serif: base vetorial licenciada
U+1D2F,ᴯ,MODIFIER LETTER CAPITAL BARRED B,DejaVu Serif: base vetorial licenciada
U+1D30,ᴰ,MODIFIER LETTER CAPITAL D,DejaVu Serif: base vetorial licenciada
U+1D31,ᴱ,MODIFIER LETTER CAPITAL E,DejaVu Serif: base vetorial licenciada
U+1D32,ᴲ,MODIFIER LETTER CAPITAL REVERSED E,DejaVu Serif: base vetorial licenciada
U+1D33,ᴳ,MODIFIER LETTER CAPITAL G,DejaVu Serif: base vetorial licenciada
U+1D34,ᴴ,MODIFIER LETTER CAPITAL H,DejaVu Serif: base vetorial licenciada
U+1D35,ᴵ,MODIFIER LETTER CAPITAL I,DejaVu Serif: base vetorial licenciada
U+1D36,ᴶ,MODIFIER LETTER CAPITAL J,DejaVu Serif: base vetorial licenciada
U+1D37,ᴷ,MODIFIER LETTER CAPITAL K,DejaVu Serif: base vetorial licenciada
U+1D38,ᴸ,MODIFIER LETTER CAPITAL L,DejaVu Serif: base vetorial licenciada
U+1D39,ᴹ,MODIFIER LETTER CAPITAL M,DejaVu Serif: base vetorial licenciada
U+1D3A,ᴺ,MODIFIER LETTER CAPITAL N,DejaVu Serif: base vetorial licenciada
U+1D3B,ᴻ,MODIFIER LETTER CAPITAL REVERSED N,DejaVu Serif: base vetorial licenciada
U+1D3C,ᴼ,MODIFIER LETTER CAPITAL O,DejaVu Serif: base vetorial licenciada
U+1D3D,ᴽ,MODIFIER LETTER CAPITAL OU,DejaVu Serif: base vetorial licenciada
U+1D3E,ᴾ,MODIFIER LETTER CAPITAL P,DejaVu Serif: base vetorial licenciada
U+1D3F,ᴿ,MODIFIER LETTER CAPITAL R,DejaVu Serif: base vetorial licenciada
U+1D40,ᵀ,MODIFIER LETTER CAPITAL T,DejaVu Serif: base vetorial licenciada
U+1D41,ᵁ,MODIFIER LETTER CAPITAL U,DejaVu Serif: base vetorial licenciada
U+1D42,ᵂ,MODIFIER LETTER CAPITAL W,DejaVu Serif: base vetorial licenciada
U+1D43,ᵃ,MODIFIER LETTER SMALL A,DejaVu Serif: base vetorial licenciada
U+1D44,ᵄ,MODIFIER LETTER SMALL TURNED A,DejaVu Serif: base vetorial licenciada
U+1D45,ᵅ,MODIFIER LETTER SMALL ALPHA,DejaVu Serif: base vetorial licenciada
U+1D46,ᵆ,MODIFIER LETTER SMALL TURNED AE,DejaVu Serif: base vetorial licenciada
U+1D47,ᵇ,MODIFIER LETTER SMALL B,DejaVu Serif: base vetorial licenciada
U+1D48,ᵈ,MODIFIER LETTER SMALL D,DejaVu Serif: base vetorial licenciada
U+1D49,ᵉ,MODIFIER LETTER SMALL E,DejaVu Serif: base vetorial licenciada
U+1D4A,ᵊ,MODIFIER LETTER SMALL SCHWA,DejaVu Serif: base vetorial licenciada
U+1D4B,ᵋ,MODIFIER LETTER SMALL OPEN E,DejaVu Serif: base vetorial licenciada
U+1D4C,ᵌ,MODIFIER LETTER SMALL TURNED OPEN E,DejaVu Serif: base vetorial licenciada
U+1D4D,ᵍ,MODIFIER LETTER SMALL G,DejaVu Serif: base vetorial licenciada
U+1D4E,ᵎ,MODIFIER LETTER SMALL TURNED I,DejaVu Serif: base vetorial licenciada
U+1D4F,ᵏ,MODIFIER LETTER SMALL K,DejaVu Serif: base vetorial licenciada
U+1D50,ᵐ,MODIFIER LETTER SMALL M,DejaVu Serif: base vetorial licenciada
U+1D51,ᵑ,MODIFIER LETTER SMALL ENG,DejaVu Serif: base vetorial licenciada
U+1D52,ᵒ,MODIFIER LETTER SMALL O,DejaVu Serif: base vetorial licenciada
U+1D53,ᵓ,MODIFIER LETTER SMALL OPEN O,DejaVu Serif: base vetorial licenciada
U+1D54,ᵔ,MODIFIER LETTER SMALL TOP HALF O,DejaVu Serif: base vetorial licenciada
U+1D55,ᵕ,MODIFIER LETTER SMALL BOTTOM HALF O,DejaVu Serif: base vetorial licenciada
U+1D56,ᵖ,MODIFIER LETTER SMALL P,DejaVu Serif: base vetorial licenciada
U+1D57,ᵗ,MODIFIER LETTER SMALL T,DejaVu Serif: base vetorial licenciada
U+1D58,ᵘ,MODIFIER LETTER SMALL U,DejaVu Serif: base vetorial licenciada
U+1D59,ᵙ,MODIFIER LETTER SMALL SIDEWAYS U,DejaVu Serif: base vetorial licenciada
U+1D5A,ᵚ,MODIFIER LETTER SMALL TURNED M,DejaVu Serif: base vetorial licenciada
U+1D5B,ᵛ,MODIFIER LETTER SMALL V,DejaVu Serif: base vetorial licenciada
U+1D5C,ᵜ,MODIFIER LETTER SMALL AIN,DejaVu Serif: base vetorial licenciada
U+1D5D,ᵝ,MODIFIER LETTER SMALL BETA,DejaVu Serif: base vetorial licenciada
U+1D5E,ᵞ,MODIFIER LETTER SMALL GREEK GAMMA,DejaVu Serif: base vetorial licenciada
U+1D5F,ᵟ,MODIFIER LETTER SMALL DELTA,DejaVu Serif: base vetorial licenciada
U+1D60,ᵠ,MODIFIER LETTER SMALL GREEK PHI,DejaVu Serif: base vetorial licenciada
U+1D61,ᵡ,MODIFIER LETTER SMALL CHI,DejaVu Serif: base vetorial licenciada
U+1D62,ᵢ,LATIN SUBSCRIPT SMALL LETTER I,DejaVu Serif: base vetorial licenciada
U+1D63,ᵣ,LATIN SUBSCRIPT SMALL LETTER R,DejaVu Serif: base vetorial licenciada
U+1D64,ᵤ,LATIN SUBSCRIPT SMALL LETTER U,DejaVu Serif: base vetorial licenciada
U+1D65,ᵥ,LATIN SUBSCRIPT SMALL LETTER V,DejaVu Serif: base vetorial licenciada
U+1D66,ᵦ,GREEK SUBSCRIPT SMALL LETTER BETA,DejaVu Serif: base vetorial licenciada
U+1D67,ᵧ,GREEK SUBSCRIPT SMALL LETTER GAMMA,DejaVu Serif: base vetorial licenciada
U+1D68,ᵨ,GREEK SUBSCRIPT SMALL LETTER RHO,DejaVu Serif: base vetorial licenciada
U+1D69,ᵩ,GREEK SUBSCRIPT SMALL LETTER PHI,DejaVu Serif: base vetorial licenciada
U+1D6A,ᵪ,GREEK SUBSCRIPT SMALL LETTER CHI,DejaVu Serif: base vetorial licenciada
U+1D6B,ᵫ,LATIN SMALL LETTER UE,DejaVu Serif: base vetorial licenciada
U+1D77,ᵷ,LATIN SMALL LETTER TURNED G,DejaVu Serif: base vetorial licenciada
U+1D78,ᵸ,MODIFIER LETTER CYRILLIC EN,DejaVu Serif: base vetorial licenciada
U+1D7B,ᵻ,LATIN SMALL CAPITAL LETTER I WITH STROKE,DejaVu Serif: base vetorial licenciada
U+1D7C,ᵼ,LATIN SMALL LETTER IOTA WITH STROKE,DejaVu Serif: base vetorial licenciada
U+1D7D,ᵽ,LATIN SMALL LETTER P WITH STROKE,DejaVu Serif: base vetorial licenciada
U+1D7E,ᵾ,LATIN SMALL CAPITAL LETTER U WITH STROKE,DejaVu Serif: base vetorial licenciada
U+1D7F,ᵿ,LATIN SMALL LETTER UPSILON WITH STROKE,DejaVu Serif: base vetorial licenciada
U+1D85,ᶅ,LATIN SMALL LETTER L WITH PALATAL HOOK,DejaVu Serif: base vetorial licenciada
U+1D9B,ᶛ,MODIFIER LETTER SMALL TURNED ALPHA,DejaVu Serif: base vetorial licenciada
U+1D9C,ᶜ,MODIFIER LETTER SMALL C,DejaVu Serif: base vetorial licenciada
U+1D9D,ᶝ,MODIFIER LETTER SMALL C WITH CURL,DejaVu Serif: base vetorial licenciada
U+1D9E,ᶞ,MODIFIER LETTER SMALL ETH,DejaVu Serif: base vetorial licenciada
U+1D9F,ᶟ,MODIFIER LETTER SMALL REVERSED OPEN E,DejaVu Serif: base vetorial licenciada
U+1DA0,ᶠ,MODIFIER LETTER SMALL F,DejaVu Serif: base vetorial licenciada
U+1DA1,ᶡ,MODIFIER LETTER SMALL DOTLESS J WITH STROKE,DejaVu Serif: base vetorial licenciada
U+1DA2,ᶢ,MODIFIER LETTER SMALL SCRIPT G,DejaVu Serif: base vetorial licenciada
U+1DA3,ᶣ,MODIFIER LETTER SMALL TURNED H,DejaVu Serif: base vetorial licenciada
U+1DA4,ᶤ,MODIFIER LETTER SMALL I WITH STROKE,DejaVu Serif: base vetorial licenciada
U+1DA5,ᶥ,MODIFIER LETTER SMALL IOTA,DejaVu Serif: base vetorial licenciada
U+1DA6,ᶦ,MODIFIER LETTER SMALL CAPITAL I,DejaVu Serif: base vetorial licenciada
U+1DA7,ᶧ,MODIFIER LETTER SMALL CAPITAL I WITH STROKE,DejaVu Serif: base vetorial licenciada
U+1DA8,ᶨ,MODIFIER LETTER SMALL J WITH CROSSED-TAIL,DejaVu Serif: base vetorial licenciada
U+1DA9,ᶩ,MODIFIER LETTER SMALL L WITH RETROFLEX HOOK,DejaVu Serif: base vetorial licenciada
U+1DAA,ᶪ,MODIFIER LETTER SMALL L WITH PALATAL HOOK,DejaVu Serif: base vetorial licenciada
U+1DAB,ᶫ,MODIFIER LETTER SMALL CAPITAL L,DejaVu Serif: base vetorial licenciada
U+1DAC,ᶬ,MODIFIER LETTER SMALL M WITH HOOK,DejaVu Serif: base vetorial licenciada
U+1DAD,ᶭ,MODIFIER LETTER SMALL TURNED M WITH LONG LEG,DejaVu Serif: base vetorial licenciada
U+1DAE,ᶮ,MODIFIER LETTER SMALL N WITH LEFT HOOK,DejaVu Serif: base vetorial licenciada
U+1DAF,ᶯ,MODIFIER LETTER SMALL N WITH RETROFLEX HOOK,DejaVu Serif: base vetorial licenciada
U+1DB0,ᶰ,MODIFIER LETTER SMALL CAPITAL N,DejaVu Serif: base vetorial licenciada
U+1DB1,ᶱ,MODIFIER LETTER SMALL BARRED O,DejaVu Serif: base vetorial licenciada
U+1DB2,ᶲ,MODIFIER LETTER SMALL PHI,DejaVu Serif: base vetorial licenciada
U+1DB3,ᶳ,MODIFIER LETTER SMALL S WITH HOOK,DejaVu Serif: base vetorial licenciada
U+1DB4,ᶴ,MODIFIER LETTER SMALL ESH,DejaVu Serif: base vetorial licenciada
U+1DB5,ᶵ,MODIFIER LETTER SMALL T WITH PALATAL HOOK,DejaVu Serif: base vetorial licenciada
U+1DB6,ᶶ,MODIFIER LETTER SMALL U BAR,DejaVu Serif: base vetorial licenciada
U+1DB7,ᶷ,MODIFIER LETTER SMALL UPSILON,DejaVu Serif: base vetorial licenciada
U+1DB8,ᶸ,MODIFIER LETTER SMALL CAPITAL U,DejaVu Serif: base vetorial licenciada
U+1DB9,ᶹ,MODIFIER LETTER SMALL V WITH HOOK,DejaVu Serif: base vetorial licenciada
U+1DBA,ᶺ,MODIFIER LETTER SMALL TURNED V,DejaVu Serif: base vetorial licenciada
U+1DBB,ᶻ,MODIFIER LETTER SMALL Z,DejaVu Serif: base vetorial licenciada
U+1DBC,ᶼ,MODIFIER LETTER SMALL Z WITH RETROFLEX HOOK,DejaVu Serif: base vetorial licenciada
U+1DBD,ᶽ,MODIFIER LETTER SMALL Z WITH CURL,DejaVu Serif: base vetorial licenciada
U+1DBE,ᶾ,MODIFIER LETTER SMALL EZH,DejaVu Serif: base vetorial licenciada
U+1DBF,ᶿ,MODIFIER LETTER SMALL THETA,DejaVu Serif: base vetorial licenciada
U+1DC4,᷄,COMBINING MACRON-ACUTE,DejaVu Serif: base vetorial licenciada
U+1DC5,᷅,COMBINING GRAVE-MACRON,DejaVu Serif: base vetorial licenciada
U+1DC6,᷆,COMBINING MACRON-GRAVE,DejaVu Serif: base vetorial licenciada
U+1DC7,᷇,COMBINING ACUTE-MACRON,DejaVu Serif: base vetorial licenciada
U+1DC8,᷈,COMBINING GRAVE-ACUTE-GRAVE,DejaVu Serif: base vetorial licenciada
U+1DC9,᷉,COMBINING ACUTE-GRAVE-ACUTE,DejaVu Serif: base vetorial licenciada
U+1E00,Ḁ,LATIN CAPITAL LETTER A WITH RING BELOW,DejaVu Serif: base vetorial licenciada
U+1E01,ḁ,LATIN SMALL LETTER A WITH RING BELOW,DejaVu Serif: base vetorial licenciada
U+1E02,Ḃ,LATIN CAPITAL LETTER B WITH DOT ABOVE,DejaVu Serif: base vetorial licenciada
U+1E03,ḃ,LATIN SMALL LETTER B WITH DOT ABOVE,DejaVu Serif: base vetorial licenciada
U+1E04,Ḅ,LATIN CAPITAL LETTER B WITH DOT BELOW,DejaVu Serif: base vetorial licenciada
U+1E05,ḅ,LATIN SMALL LETTER B WITH DOT BELOW,DejaVu Serif: base vetorial licenciada
U+1E06,Ḇ,LATIN CAPITAL LETTER B WITH LINE BELOW,DejaVu Serif: base vetorial licenciada
U+1E07,ḇ,LATIN SMALL LETTER B WITH LINE BELOW,DejaVu Serif: base vetorial licenciada
U+1E08,Ḉ,LATIN CAPITAL LETTER C WITH CEDILLA AND ACUTE,DejaVu Serif: base vetorial licenciada
U+1E09,ḉ,LATIN SMALL LETTER C WITH CEDILLA AND ACUTE,DejaVu Serif: base vetorial licenciada
U+1E0A,Ḋ,LATIN CAPITAL LETTER D WITH DOT ABOVE,DejaVu Serif: base vetorial licenciada
U+1E0B,ḋ,LATIN SMALL LETTER D WITH DOT ABOVE,DejaVu Serif: base vetorial licenciada
U+1E0C,Ḍ,LATIN CAPITAL LETTER D WITH DOT BELOW,DejaVu Serif: base vetorial licenciada
U+1E0D,ḍ,LATIN SMALL LETTER D WITH DOT BELOW,DejaVu Serif: base vetorial licenciada
U+1E0E,Ḏ,LATIN CAPITAL LETTER D WITH LINE BELOW,DejaVu Serif: base vetorial licenciada
U+1E0F,ḏ,LATIN SMALL LETTER D WITH LINE BELOW,DejaVu Serif: base vetorial licenciada
U+1E10,Ḑ,LATIN CAPITAL LETTER D WITH CEDILLA,DejaVu Serif: base vetorial licenciada
U+1E11,ḑ,LATIN SMALL LETTER D WITH CEDILLA,DejaVu Serif: base vetorial licenciada
U+1E12,Ḓ,LATIN CAPITAL LETTER D WITH CIRCUMFLEX BELOW,DejaVu Serif: base vetorial licenciada
U+1E13,ḓ,LATIN SMALL LETTER D WITH CIRCUMFLEX BELOW,DejaVu Serif: base vetorial licenciada
U+1E14,Ḕ,LATIN CAPITAL LETTER E WITH MACRON AND GRAVE,DejaVu Serif: base vetorial licenciada
U+1E15,ḕ,LATIN SMALL LETTER E WITH MACRON AND GRAVE,DejaVu Serif: base vetorial licenciada
U+1E16,Ḗ,LATIN CAPITAL LETTER E WITH MACRON AND ACUTE,DejaVu Serif: base vetorial licenciada
U+1E17,ḗ,LATIN SMALL LETTER E WITH MACRON AND ACUTE,DejaVu Serif: base vetorial licenciada
U+1E18,Ḙ,LATIN CAPITAL LETTER E WITH CIRCUMFLEX BELOW,DejaVu Serif: base vetorial licenciada
U+1E19,ḙ,LATIN SMALL LETTER E WITH CIRCUMFLEX BELOW,DejaVu Serif: base vetorial licenciada
U+1E1A,Ḛ,LATIN CAPITAL LETTER E WITH TILDE BELOW,DejaVu Serif: base vetorial licenciada
U+1E1B,ḛ,LATIN SMALL LETTER E WITH TILDE BELOW,DejaVu Serif: base vetorial licenciada
U+1E1C,Ḝ,LATIN CAPITAL LETTER E WITH CEDILLA AND BREVE,DejaVu Serif: base vetorial licenciada
U+1E1D,ḝ,LATIN SMALL LETTER E WITH CEDILLA AND BREVE,DejaVu Serif: base vetorial licenciada
U+1E1E,Ḟ,LATIN CAPITAL LETTER F WITH DOT ABOVE,DejaVu Serif: base vetorial licenciada
U+1E1F,ḟ,LATIN SMALL LETTER F WITH DOT ABOVE,DejaVu Serif: base vetorial licenciada
U+1E20,Ḡ,LATIN CAPITAL LETTER G WITH MACRON,DejaVu Serif: base vetorial licenciada
U+1E21,ḡ,LATIN SMALL LETTER G WITH MACRON,DejaVu Serif: base vetorial licenciada
U+1E22,Ḣ,LATIN CAPITAL LETTER H WITH DOT ABOVE,DejaVu Serif: base vetorial licenciada
U+1E23,ḣ,LATIN SMALL LETTER H WITH DOT ABOVE,DejaVu Serif: base vetorial licenciada
U+1E24,Ḥ,LATIN CAPITAL LETTER H WITH DOT BELOW,DejaVu Serif: base vetorial licenciada
U+1E25,ḥ,LATIN SMALL LETTER H WITH DOT BELOW,DejaVu Serif: base vetorial licenciada
U+1E26,Ḧ,LATIN CAPITAL LETTER H WITH DIAERESIS,DejaVu Serif: base vetorial licenciada
U+1E27,ḧ,LATIN SMALL LETTER H WITH DIAERESIS,DejaVu Serif: base vetorial licenciada
U+1E28,Ḩ,LATIN CAPITAL LETTER H WITH CEDILLA,DejaVu Serif: base vetorial licenciada
U+1E29,ḩ,LATIN SMALL LETTER H WITH CEDILLA,DejaVu Serif: base vetorial licenciada
U+1E2A,Ḫ,LATIN CAPITAL LETTER H WITH BREVE BELOW,DejaVu Serif: base vetorial licenciada
U+1E2B,ḫ,LATIN SMALL LETTER H WITH BREVE BELOW,DejaVu Serif: base vetorial licenciada
U+1E2C,Ḭ,LATIN CAPITAL LETTER I WITH TILDE BELOW,DejaVu Serif: base vetorial licenciada
U+1E2D,ḭ,LATIN SMALL LETTER I WITH TILDE BELOW,DejaVu Serif: base vetorial licenciada
U+1E2E,Ḯ,LATIN CAPITAL LETTER I WITH DIAERESIS AND ACUTE,DejaVu Serif: base vetorial licenciada
U+1E2F,ḯ,LATIN SMALL LETTER I WITH DIAERESIS AND ACUTE,DejaVu Serif: base vetorial licenciada
U+1E30,Ḱ,LATIN CAPITAL LETTER K WITH ACUTE,DejaVu Serif: base vetorial licenciada
U+1E31,ḱ,LATIN SMALL LETTER K WITH ACUTE,DejaVu Serif: base vetorial licenciada
U+1E32,Ḳ,LATIN CAPITAL LETTER K WITH DOT BELOW,DejaVu Serif: base vetorial licenciada
U+1E33,ḳ,LATIN SMALL LETTER K WITH DOT BELOW,DejaVu Serif: base vetorial licenciada
U+1E34,Ḵ,LATIN CAPITAL LETTER K WITH LINE BELOW,DejaVu Serif: base vetorial licenciada
U+1E35,ḵ,LATIN SMALL LETTER K WITH LINE BELOW,DejaVu Serif: base vetorial licenciada
U+1E36,Ḷ,LATIN CAPITAL LETTER L WITH DOT BELOW,DejaVu Serif: base vetorial licenciada
U+1E37,ḷ,LATIN SMALL LETTER L WITH DOT BELOW,DejaVu Serif: base vetorial licenciada
U+1E38,Ḹ,LATIN CAPITAL LETTER L WITH DOT BELOW AND MACRON,DejaVu Serif: base vetorial licenciada
U+1E39,ḹ,LATIN SMALL LETTER L WITH DOT BELOW AND MACRON,DejaVu Serif: base vetorial licenciada
U+1E3A,Ḻ,LATIN CAPITAL LETTER L WITH LINE BELOW,DejaVu Serif: base vetorial licenciada
U+1E3B,ḻ,LATIN SMALL LETTER L WITH LINE BELOW,DejaVu Serif: base vetorial licenciada
U+1E3C,Ḽ,LATIN CAPITAL LETTER L WITH CIRCUMFLEX BELOW,DejaVu Serif: base vetorial licenciada
U+1E3D,ḽ,LATIN SMALL LETTER L WITH CIRCUMFLEX BELOW,DejaVu Serif: base vetorial licenciada
U+1E3E,Ḿ,LATIN CAPITAL LETTER M WITH ACUTE,DejaVu Serif: base vetorial licenciada
U+1E3F,ḿ,LATIN SMALL LETTER M WITH ACUTE,DejaVu Serif: base vetorial licenciada
U+1E40,Ṁ,LATIN CAPITAL LETTER M WITH DOT ABOVE,DejaVu Serif: base vetorial licenciada
U+1E41,ṁ,LATIN SMALL LETTER M WITH DOT ABOVE,DejaVu Serif: base vetorial licenciada
U+1E42,Ṃ,LATIN CAPITAL LETTER M WITH DOT BELOW,DejaVu Serif: base vetorial licenciada
U+1E43,ṃ,LATIN SMALL LETTER M WITH DOT BELOW,DejaVu Serif: base vetorial licenciada
U+1E44,Ṅ,LATIN CAPITAL LETTER N WITH DOT ABOVE,DejaVu Serif: base vetorial licenciada
U+1E45,ṅ,LATIN SMALL LETTER N WITH DOT ABOVE,DejaVu Serif: base vetorial licenciada
U+1E46,Ṇ,LATIN CAPITAL LETTER N WITH DOT BELOW,DejaVu Serif: base vetorial licenciada
U+1E47,ṇ,LATIN SMALL LETTER N WITH DOT BELOW,DejaVu Serif: base vetorial licenciada
U+1E48,Ṉ,LATIN CAPITAL LETTER N WITH LINE BELOW,DejaVu Serif: base vetorial licenciada
U+1E49,ṉ,LATIN SMALL LETTER N WITH LINE BELOW,DejaVu Serif: base vetorial licenciada
U+1E4A,Ṋ,LATIN CAPITAL LETTER N WITH CIRCUMFLEX BELOW,DejaVu Serif: base vetorial licenciada
U+1E4B,ṋ,LATIN SMALL LETTER N WITH CIRCUMFLEX BELOW,DejaVu Serif: base vetorial licenciada
U+1E4C,Ṍ,LATIN CAPITAL LETTER O WITH TILDE AND ACUTE,DejaVu Serif: base vetorial licenciada
U+1E4D,ṍ,LATIN SMALL LETTER O WITH TILDE AND ACUTE,DejaVu Serif: base vetorial licenciada
U+1E4E,Ṏ,LATIN CAPITAL LETTER O WITH TILDE AND DIAERESIS,DejaVu Serif: base vetorial licenciada
U+1E4F,ṏ,LATIN SMALL LETTER O WITH TILDE AND DIAERESIS,DejaVu Serif: base vetorial licenciada
U+1E50,Ṑ,LATIN CAPITAL LETTER O WITH MACRON AND GRAVE,DejaVu Serif: base vetorial licenciada
U+1E51,ṑ,LATIN SMALL LETTER O WITH MACRON AND GRAVE,DejaVu Serif: base vetorial licenciada
U+1E52,Ṓ,LATIN CAPITAL LETTER O WITH MACRON AND ACUTE,DejaVu Serif: base vetorial licenciada
U+1E53,ṓ,LATIN SMALL LETTER O WITH MACRON AND ACUTE,DejaVu Serif: base vetorial licenciada
U+1E54,Ṕ,LATIN CAPITAL LETTER P WITH ACUTE,DejaVu Serif: base vetorial licenciada
U+1E55,ṕ,LATIN SMALL LETTER P WITH ACUTE,DejaVu Serif: base vetorial licenciada
U+1E56,Ṗ,LATIN CAPITAL LETTER P WITH DOT ABOVE,DejaVu Serif: base vetorial licenciada
U+1E57,ṗ,LATIN SMALL LETTER P WITH DOT ABOVE,DejaVu Serif: base vetorial licenciada
U+1E58,Ṙ,LATIN CAPITAL LETTER R WITH DOT ABOVE,DejaVu Serif: base vetorial licenciada
U+1E59,ṙ,LATIN SMALL LETTER R WITH DOT ABOVE,DejaVu Serif: base vetorial licenciada
U+1E5A,Ṛ,LATIN CAPITAL LETTER R WITH DOT BELOW,DejaVu Serif: base vetorial licenciada
U+1E5B,ṛ,LATIN SMALL LETTER R WITH DOT BELOW,DejaVu Serif: base vetorial licenciada
U+1E5C,Ṝ,LATIN CAPITAL LETTER R WITH DOT BELOW AND MACRON,DejaVu Serif: base vetorial licenciada
U+1E5D,ṝ,LATIN SMALL LETTER R WITH DOT BELOW AND MACRON,DejaVu Serif: base vetorial licenciada
U+1E5E,Ṟ,LATIN CAPITAL LETTER R WITH LINE BELOW,DejaVu Serif: base vetorial licenciada
U+1E5F,ṟ,LATIN SMALL LETTER R WITH LINE BELOW,DejaVu Serif: base vetorial licenciada
U+1E60,Ṡ,LATIN CAPITAL LETTER S WITH DOT ABOVE,DejaVu Serif: base vetorial licenciada
U+1E61,ṡ,LATIN SMALL LETTER S WITH DOT ABOVE,DejaVu Serif: base vetorial licenciada
U+1E62,Ṣ,LATIN CAPITAL LETTER S WITH DOT BELOW,DejaVu Serif: base vetorial licenciada
U+1E63,ṣ,LATIN SMALL LETTER S WITH DOT BELOW,DejaVu Serif: base vetorial licenciada
U+1E64,Ṥ,LATIN CAPITAL LETTER S WITH ACUTE AND DOT ABOVE,DejaVu Serif: base vetorial licenciada
U+1E65,ṥ,LATIN SMALL LETTER S WITH ACUTE AND DOT ABOVE,DejaVu Serif: base vetorial licenciada
U+1E66,Ṧ,LATIN CAPITAL LETTER S WITH CARON AND DOT ABOVE,DejaVu Serif: base vetorial licenciada
U+1E67,ṧ,LATIN SMALL LETTER S WITH CARON AND DOT ABOVE,DejaVu Serif: base vetorial licenciada
U+1E68,Ṩ,LATIN CAPITAL LETTER S WITH DOT BELOW AND DOT ABOVE,DejaVu Serif: base vetorial licenciada
U+1E69,ṩ,LATIN SMALL LETTER S WITH DOT BELOW AND DOT ABOVE,DejaVu Serif: base vetorial licenciada
U+1E6A,Ṫ,LATIN CAPITAL LETTER T WITH DOT ABOVE,DejaVu Serif: base vetorial licenciada
U+1E6B,ṫ,LATIN SMALL LETTER T WITH DOT ABOVE,DejaVu Serif: base vetorial licenciada
U+1E6C,Ṭ,LATIN CAPITAL LETTER T WITH DOT BELOW,DejaVu Serif: base vetorial licenciada
U+1E6D,ṭ,LATIN SMALL LETTER T WITH DOT BELOW,DejaVu Serif: base vetorial licenciada
U+1E6E,Ṯ,LATIN CAPITAL LETTER T WITH LINE BELOW,DejaVu Serif: base vetorial licenciada
U+1E6F,ṯ,LATIN SMALL LETTER T WITH LINE BELOW,DejaVu Serif: base vetorial licenciada
U+1E70,Ṱ,LATIN CAPITAL LETTER T WITH CIRCUMFLEX BELOW,DejaVu Serif: base vetorial licenciada
U+1E71,ṱ,LATIN SMALL LETTER T WITH CIRCUMFLEX BELOW,DejaVu Serif: base vetorial licenciada
U+1E72,Ṳ,LATIN CAPITAL LETTER U WITH DIAERESIS BELOW,DejaVu Serif: base vetorial licenciada
U+1E73,ṳ,LATIN SMALL LETTER U WITH DIAERESIS BELOW,DejaVu Serif: base vetorial licenciada
U+1E74,Ṵ,LATIN CAPITAL LETTER U WITH TILDE BELOW,DejaVu Serif: base vetorial licenciada
U+1E75,ṵ,LATIN SMALL LETTER U WITH TILDE BELOW,DejaVu Serif: base vetorial licenciada
U+1E76,Ṷ,LATIN CAPITAL LETTER U WITH CIRCUMFLEX BELOW,DejaVu Serif: base vetorial licenciada
U+1E77,ṷ,LATIN SMALL LETTER U WITH CIRCUMFLEX BELOW,DejaVu Serif: base vetorial licenciada
U+1E78,Ṹ,LATIN CAPITAL LETTER U WITH TILDE AND ACUTE,DejaVu Serif: base vetorial licenciada
U+1E79,ṹ,LATIN SMALL LETTER U WITH TILDE AND ACUTE,DejaVu Serif: base vetorial licenciada
U+1E7A,Ṻ,LATIN CAPITAL LETTER U WITH MACRON AND DIAERESIS,DejaVu Serif: base vetorial licenciada
U+1E7B,ṻ,LATIN SMALL LETTER U WITH MACRON AND DIAERESIS,DejaVu Serif: base vetorial licenciada
U+1E7C,Ṽ,LATIN CAPITAL LETTER V WITH TILDE,DejaVu Serif: base vetorial licenciada
U+1E7D,ṽ,LATIN SMALL LETTER V WITH TILDE,DejaVu Serif: base vetorial licenciada
U+1E7E,Ṿ,LATIN CAPITAL LETTER V WITH DOT BELOW,DejaVu Serif: base vetorial licenciada
U+1E7F,ṿ,LATIN SMALL LETTER V WITH DOT BELOW,DejaVu Serif: base vetorial licenciada
U+1E80,Ẁ,LATIN CAPITAL LETTER W WITH GRAVE,DejaVu Serif: base vetorial licenciada
U+1E81,ẁ,LATIN SMALL LETTER W WITH GRAVE,DejaVu Serif: base vetorial licenciada
U+1E82,Ẃ,LATIN CAPITAL LETTER W WITH ACUTE,DejaVu Serif: base vetorial licenciada
U+1E83,ẃ,LATIN SMALL LETTER W WITH ACUTE,DejaVu Serif: base vetorial licenciada
U+1E84,Ẅ,LATIN CAPITAL LETTER W WITH DIAERESIS,DejaVu Serif: base vetorial licenciada
U+1E85,ẅ,LATIN SMALL LETTER W WITH DIAERESIS,DejaVu Serif: base vetorial licenciada
U+1E86,Ẇ,LATIN CAPITAL LETTER W WITH DOT ABOVE,DejaVu Serif: base vetorial licenciada
U+1E87,ẇ,LATIN SMALL LETTER W WITH DOT ABOVE,DejaVu Serif: base vetorial licenciada
U+1E88,Ẉ,LATIN CAPITAL LETTER W WITH DOT BELOW,DejaVu Serif: base vetorial licenciada
U+1E89,ẉ,LATIN SMALL LETTER W WITH DOT BELOW,DejaVu Serif: base vetorial licenciada
U+1E8A,Ẋ,LATIN CAPITAL LETTER X WITH DOT ABOVE,DejaVu Serif: base vetorial licenciada
U+1E8B,ẋ,LATIN SMALL LETTER X WITH DOT ABOVE,DejaVu Serif: base vetorial licenciada
U+1E8C,Ẍ,LATIN CAPITAL LETTER X WITH DIAERESIS,DejaVu Serif: base vetorial licenciada
U+1E8D,ẍ,LATIN SMALL LETTER X WITH DIAERESIS,DejaVu Serif: base vetorial licenciada
U+1E8E,Ẏ,LATIN CAPITAL LETTER Y WITH DOT ABOVE,DejaVu Serif: base vetorial licenciada
U+1E8F,ẏ,LATIN SMALL LETTER Y WITH DOT ABOVE,DejaVu Serif: base vetorial licenciada
U+1E90,Ẑ,LATIN CAPITAL LETTER Z WITH CIRCUMFLEX,DejaVu Serif: base vetorial licenciada
U+1E91,ẑ,LATIN SMALL LETTER Z WITH CIRCUMFLEX,DejaVu Serif: base vetorial licenciada
U+1E92,Ẓ,LATIN CAPITAL LETTER Z WITH DOT BELOW,DejaVu Serif: base vetorial licenciada
U+1E93,ẓ,LATIN SMALL LETTER Z WITH DOT BELOW,DejaVu Serif: base vetorial licenciada
U+1E94,Ẕ,LATIN CAPITAL LETTER Z WITH LINE BELOW,DejaVu Serif: base vetorial licenciada
U+1E95,ẕ,LATIN SMALL LETTER Z WITH LINE BELOW,DejaVu Serif: base vetorial licenciada
U+1E96,ẖ,LATIN SMALL LETTER H WITH LINE BELOW,DejaVu Serif: base vetorial licenciada
U+1E97,ẗ,LATIN SMALL LETTER T WITH DIAERESIS,DejaVu Serif: base vetorial licenciada
U+1E98,ẘ,LATIN SMALL LETTER W WITH RING ABOVE,DejaVu Serif: base vetorial licenciada
U+1E99,ẙ,LATIN SMALL LETTER Y WITH RING ABOVE,DejaVu Serif: base vetorial licenciada
U+1E9A,ẚ,LATIN SMALL LETTER A WITH RIGHT HALF RING,DejaVu Serif: base vetorial licenciada
U+1E9B,ẛ,LATIN SMALL LETTER LONG S WITH DOT ABOVE,DejaVu Serif: base vetorial licenciada
U+1E9C,ẜ,LATIN SMALL LETTER LONG S WITH DIAGONAL STROKE,DejaVu Serif: base vetorial licenciada
U+1E9D,ẝ,LATIN SMALL LETTER LONG S WITH HIGH STROKE,DejaVu Serif: base vetorial licenciada
U+1E9E,ẞ,LATIN CAPITAL LETTER SHARP S,DejaVu Serif: base vetorial licenciada
U+1E9F,ẟ,LATIN SMALL LETTER DELTA,DejaVu Serif: base vetorial licenciada
U+1EA0,Ạ,LATIN CAPITAL LETTER A WITH DOT BELOW,DejaVu Serif: base vetorial licenciada
U+1EA1,ạ,LATIN SMALL LETTER A WITH DOT BELOW,DejaVu Serif: base vetorial licenciada
U+1EA2,Ả,LATIN CAPITAL LETTER A WITH HOOK ABOVE,DejaVu Serif: base vetorial licenciada
U+1EA3,ả,LATIN SMALL LETTER A WITH HOOK ABOVE,DejaVu Serif: base vetorial licenciada
U+1EA4,Ấ,LATIN CAPITAL LETTER A WITH CIRCUMFLEX AND ACUTE,DejaVu Serif: base vetorial licenciada
U+1EA5,ấ,LATIN SMALL LETTER A WITH CIRCUMFLEX AND ACUTE,DejaVu Serif: base vetorial licenciada
U+1EA6,Ầ,LATIN CAPITAL LETTER A WITH CIRCUMFLEX AND GRAVE,DejaVu Serif: base vetorial licenciada
U+1EA7,ầ,LATIN SMALL LETTER A WITH CIRCUMFLEX AND GRAVE,DejaVu Serif: base vetorial licenciada
U+1EA8,Ẩ,LATIN CAPITAL LETTER A WITH CIRCUMFLEX AND HOOK ABOVE,DejaVu Serif: base vetorial licenciada
U+1EA9,ẩ,LATIN SMALL LETTER A WITH CIRCUMFLEX AND HOOK ABOVE,DejaVu Serif: base vetorial licenciada
U+1EAA,Ẫ,LATIN CAPITAL LETTER A WITH CIRCUMFLEX AND TILDE,DejaVu Serif: base vetorial licenciada
U+1EAB,ẫ,LATIN SMALL LETTER A WITH CIRCUMFLEX AND TILDE,DejaVu Serif: base vetorial licenciada
U+1EAC,Ậ,LATIN CAPITAL LETTER A WITH CIRCUMFLEX AND DOT BELOW,DejaVu Serif: base vetorial licenciada
U+1EAD,ậ,LATIN SMALL LETTER A WITH CIRCUMFLEX AND DOT BELOW,DejaVu Serif: base vetorial licenciada
U+1EAE,Ắ,LATIN CAPITAL LETTER A WITH BREVE AND ACUTE,DejaVu Serif: base vetorial licenciada
U+1EAF,ắ,LATIN SMALL LETTER A WITH BREVE AND ACUTE,DejaVu Serif: base vetorial licenciada
U+1EB0,Ằ,LATIN CAPITAL LETTER A WITH BREVE AND GRAVE,DejaVu Serif: base vetorial licenciada
U+1EB1,ằ,LATIN SMALL LETTER A WITH BREVE AND GRAVE,DejaVu Serif: base vetorial licenciada
U+1EB2,Ẳ,LATIN CAPITAL LETTER A WITH BREVE AND HOOK ABOVE,DejaVu Serif: base vetorial licenciada
U+1EB3,ẳ,LATIN SMALL LETTER A WITH BREVE AND HOOK ABOVE,DejaVu Serif: base vetorial licenciada
U+1EB4,Ẵ,LATIN CAPITAL LETTER A WITH BREVE AND TILDE,DejaVu Serif: base vetorial licenciada
U+1EB5,ẵ,LATIN SMALL LETTER A WITH BREVE AND TILDE,DejaVu Serif: base vetorial licenciada
U+1EB6,Ặ,LATIN CAPITAL LETTER A WITH BREVE AND DOT BELOW,DejaVu Serif: base vetorial licenciada
U+1EB7,ặ,LATIN SMALL LETTER A WITH BREVE AND DOT BELOW,DejaVu Serif: base vetorial licenciada
U+1EB8,Ẹ,LATIN CAPITAL LETTER E WITH DOT BELOW,DejaVu Serif: base vetorial licenciada
U+1EB9,ẹ,LATIN SMALL LETTER E WITH DOT BELOW,DejaVu Serif: base vetorial licenciada
U+1EBA,Ẻ,LATIN CAPITAL LETTER E WITH HOOK ABOVE,DejaVu Serif: base vetorial licenciada
U+1EBB,ẻ,LATIN SMALL LETTER E WITH HOOK ABOVE,DejaVu Serif: base vetorial licenciada
U+1EBC,Ẽ,LATIN CAPITAL LETTER E WITH TILDE,DejaVu Serif: base vetorial licenciada
U+1EBD,ẽ,LATIN SMALL LETTER E WITH TILDE,DejaVu Serif: base vetorial licenciada
U+1EBE,Ế,LATIN CAPITAL LETTER E WITH CIRCUMFLEX AND ACUTE,DejaVu Serif: base vetorial licenciada
U+1EBF,ế,LATIN SMALL LETTER E WITH CIRCUMFLEX AND ACUTE,DejaVu Serif: base vetorial licenciada
U+1EC0,Ề,LATIN CAPITAL LETTER E WITH CIRCUMFLEX AND GRAVE,DejaVu Serif: base vetorial licenciada
U+1EC1,ề,LATIN SMALL LETTER E WITH CIRCUMFLEX AND GRAVE,DejaVu Serif: base vetorial licenciada
U+1EC2,Ể,LATIN CAPITAL LETTER E WITH CIRCUMFLEX AND HOOK ABOVE,DejaVu Serif: base vetorial licenciada
U+1EC3,ể,LATIN SMALL LETTER E WITH CIRCUMFLEX AND HOOK ABOVE,DejaVu Serif: base vetorial licenciada
U+1EC4,Ễ,LATIN CAPITAL LETTER E WITH CIRCUMFLEX AND TILDE,DejaVu Serif: base vetorial licenciada
U+1EC5,ễ,LATIN SMALL LETTER E WITH CIRCUMFLEX AND TILDE,DejaVu Serif: base vetorial licenciada
U+1EC6,Ệ,LATIN CAPITAL LETTER E WITH CIRCUMFLEX AND DOT BELOW,DejaVu Serif: base vetorial licenciada
U+1EC7,ệ,LATIN SMALL LETTER E WITH CIRCUMFLEX AND DOT BELOW,DejaVu Serif: base vetorial licenciada
U+1EC8,Ỉ,LATIN CAPITAL LETTER I WITH HOOK ABOVE,DejaVu Serif: base vetorial licenciada
U+1EC9,ỉ,LATIN SMALL LETTER I WITH HOOK ABOVE,DejaVu Serif: base vetorial licenciada
U+1ECA,Ị,LATIN CAPITAL LETTER I WITH DOT BELOW,DejaVu Serif: base vetorial licenciada
U+1ECB,ị,LATIN SMALL LETTER I WITH DOT BELOW,DejaVu Serif: base vetorial licenciada
U+1ECC,Ọ,LATIN CAPITAL LETTER O WITH DOT BELOW,DejaVu Serif: base vetorial licenciada
U+1ECD,ọ,LATIN SMALL LETTER O WITH DOT BELOW,DejaVu Serif: base vetorial licenciada
U+1ECE,Ỏ,LATIN CAPITAL LETTER O WITH HOOK ABOVE,DejaVu Serif: base vetorial licenciada
U+1ECF,ỏ,LATIN SMALL LETTER O WITH HOOK ABOVE,DejaVu Serif: base vetorial licenciada
U+1ED0,Ố,LATIN CAPITAL LETTER O WITH CIRCUMFLEX AND ACUTE,DejaVu Serif: base vetorial licenciada
U+1ED1,ố,LATIN SMALL LETTER O WITH CIRCUMFLEX AND ACUTE,DejaVu Serif: base vetorial licenciada
U+1ED2,Ồ,LATIN CAPITAL LETTER O WITH CIRCUMFLEX AND GRAVE,DejaVu Serif: base vetorial licenciada
U+1ED3,ồ,LATIN SMALL LETTER O WITH CIRCUMFLEX AND GRAVE,DejaVu Serif: base vetorial licenciada
U+1ED4,Ổ,LATIN CAPITAL LETTER O WITH CIRCUMFLEX AND HOOK ABOVE,DejaVu Serif: base vetorial licenciada
U+1ED5,ổ,LATIN SMALL LETTER O WITH CIRCUMFLEX AND HOOK ABOVE,DejaVu Serif: base vetorial licenciada
U+1ED6,Ỗ,LATIN CAPITAL LETTER O WITH CIRCUMFLEX AND TILDE,DejaVu Serif: base vetorial licenciada
U+1ED7,ỗ,LATIN SMALL LETTER O WITH CIRCUMFLEX AND TILDE,DejaVu Serif: base vetorial licenciada
U+1ED8,Ộ,LATIN CAPITAL LETTER O WITH CIRCUMFLEX AND DOT BELOW,DejaVu Serif: base vetorial licenciada
U+1ED9,ộ,LATIN SMALL LETTER O WITH CIRCUMFLEX AND DOT BELOW,DejaVu Serif: base vetorial licenciada
U+1EDA,Ớ,LATIN CAPITAL LETTER O WITH HORN AND ACUTE,DejaVu Serif: base vetorial licenciada
U+1EDB,ớ,LATIN SMALL LETTER O WITH HORN AND ACUTE,DejaVu Serif: base vetorial licenciada
U+1EDC,Ờ,LATIN CAPITAL LETTER O WITH HORN AND GRAVE,DejaVu Serif: base vetorial licenciada
U+1EDD,ờ,LATIN SMALL LETTER O WITH HORN AND GRAVE,DejaVu Serif: base vetorial licenciada
U+1EDE,Ở,LATIN CAPITAL LETTER O WITH HORN AND HOOK ABOVE,DejaVu Serif: base vetorial licenciada
U+1EDF,ở,LATIN SMALL LETTER O WITH HORN AND HOOK ABOVE,DejaVu Serif: base vetorial licenciada
U+1EE0,Ỡ,LATIN CAPITAL LETTER O WITH HORN AND TILDE,DejaVu Serif: base vetorial licenciada
U+1EE1,ỡ,LATIN SMALL LETTER O WITH HORN AND TILDE,DejaVu Serif: base vetorial licenciada
U+1EE2,Ợ,LATIN CAPITAL LETTER O WITH HORN AND DOT BELOW,DejaVu Serif: base vetorial licenciada
U+1EE3,ợ,LATIN SMALL LETTER O WITH HORN AND DOT BELOW,DejaVu Serif: base vetorial licenciada
U+1EE4,Ụ,LATIN CAPITAL LETTER U WITH DOT BELOW,DejaVu Serif: base vetorial licenciada
U+1EE5,ụ,LATIN SMALL LETTER U WITH DOT BELOW,DejaVu Serif: base vetorial licenciada
U+1EE6,Ủ,LATIN CAPITAL LETTER U WITH HOOK ABOVE,DejaVu Serif: base vetorial licenciada
U+1EE7,ủ,LATIN SMALL LETTER U WITH HOOK ABOVE,DejaVu Serif: base vetorial licenciada
U+1EE8,Ứ,LATIN CAPITAL LETTER U WITH HORN AND ACUTE,DejaVu Serif: base vetorial licenciada
U+1EE9,ứ,LATIN SMALL LETTER U WITH HORN AND ACUTE,DejaVu Serif: base vetorial licenciada
U+1EEA,Ừ,LATIN CAPITAL LETTER U WITH HORN AND GRAVE,DejaVu Serif: base vetorial licenciada
U+1EEB,ừ,LATIN SMALL LETTER U WITH HORN AND GRAVE,DejaVu Serif: base vetorial licenciada
U+1EEC,Ử,LATIN CAPITAL LETTER U WITH HORN AND HOOK ABOVE,DejaVu Serif: base vetorial licenciada
U+1EED,ử,LATIN SMALL LETTER U WITH HORN AND HOOK ABOVE,DejaVu Serif: base vetorial licenciada
U+1EEE,Ữ,LATIN CAPITAL LETTER U WITH HORN AND TILDE,DejaVu Serif: base vetorial licenciada
U+1EEF,ữ,LATIN SMALL LETTER U WITH HORN AND TILDE,DejaVu Serif: base vetorial licenciada
U+1EF0,Ự,LATIN CAPITAL LETTER U WITH HORN AND DOT BELOW,DejaVu Serif: base vetorial licenciada
U+1EF1,ự,LATIN SMALL LETTER U WITH HORN AND DOT BELOW,DejaVu Serif: base vetorial licenciada
U+1EF2,Ỳ,LATIN CAPITAL LETTER Y WITH GRAVE,DejaVu Serif: base vetorial licenciada
U+1EF3,ỳ,LATIN SMALL LETTER Y WITH GRAVE,DejaVu Serif: base vetorial licenciada
U+1EF4,Ỵ,LATIN CAPITAL LETTER Y WITH DOT BELOW,DejaVu Serif: base vetorial licenciada
U+1EF5,ỵ,LATIN SMALL LETTER Y WITH DOT BELOW,DejaVu Serif: base vetorial licenciada
U+1EF6,Ỷ,LATIN CAPITAL LETTER Y WITH HOOK ABOVE,DejaVu Serif: base vetorial licenciada
U+1EF7,ỷ,LATIN SMALL LETTER Y WITH HOOK ABOVE,DejaVu Serif: base vetorial licenciada
U+1EF8,Ỹ,LATIN CAPITAL LETTER Y WITH TILDE,DejaVu Serif: base vetorial licenciada
U+1EF9,ỹ,LATIN SMALL LETTER Y WITH TILDE,DejaVu Serif: base vetorial licenciada
U+1EFA,Ỻ,LATIN CAPITAL LETTER MIDDLE-WELSH LL,DejaVu Serif: base vetorial licenciada
U+1EFB,ỻ,LATIN SMALL LETTER MIDDLE-WELSH LL,DejaVu Serif: base vetorial licenciada
U+1F00,ἀ,GREEK SMALL LETTER ALPHA WITH PSILI,DejaVu Serif: base vetorial licenciada
U+1F01,ἁ,GREEK SMALL LETTER ALPHA WITH DASIA,DejaVu Serif: base vetorial licenciada
U+1F02,ἂ,GREEK SMALL LETTER ALPHA WITH PSILI AND VARIA,DejaVu Serif: base vetorial licenciada
U+1F03,ἃ,GREEK SMALL LETTER ALPHA WITH DASIA AND VARIA,DejaVu Serif: base vetorial licenciada
U+1F04,ἄ,GREEK SMALL LETTER ALPHA WITH PSILI AND OXIA,DejaVu Serif: base vetorial licenciada
U+1F05,ἅ,GREEK SMALL LETTER ALPHA WITH DASIA AND OXIA,DejaVu Serif: base vetorial licenciada
U+1F06,ἆ,GREEK SMALL LETTER ALPHA WITH PSILI AND PERISPOMENI,DejaVu Serif: base vetorial licenciada
U+1F07,ἇ,GREEK SMALL LETTER ALPHA WITH DASIA AND PERISPOMENI,DejaVu Serif: base vetorial licenciada
U+1F08,Ἀ,GREEK CAPITAL LETTER ALPHA WITH PSILI,DejaVu Serif: base vetorial licenciada
U+1F09,Ἁ,GREEK CAPITAL LETTER ALPHA WITH DASIA,DejaVu Serif: base vetorial licenciada
U+1F0A,Ἂ,GREEK CAPITAL LETTER ALPHA WITH PSILI AND VARIA,DejaVu Serif: base vetorial licenciada
U+1F0B,Ἃ,GREEK CAPITAL LETTER ALPHA WITH DASIA AND VARIA,DejaVu Serif: base vetorial licenciada
U+1F0C,Ἄ,GREEK CAPITAL LETTER ALPHA WITH PSILI AND OXIA,DejaVu Serif: base vetorial licenciada
U+1F0D,Ἅ,GREEK CAPITAL LETTER ALPHA WITH DASIA AND OXIA,DejaVu Serif: base vetorial licenciada
U+1F0E,Ἆ,GREEK CAPITAL LETTER ALPHA WITH PSILI AND PERISPOMENI,DejaVu Serif: base vetorial licenciada
U+1F0F,Ἇ,GREEK CAPITAL LETTER ALPHA WITH DASIA AND PERISPOMENI,DejaVu Serif: base vetorial licenciada
U+1F10,ἐ,GREEK SMALL LETTER EPSILON WITH PSILI,DejaVu Serif: base vetorial licenciada
U+1F11,ἑ,GREEK SMALL LETTER EPSILON WITH DASIA,DejaVu Serif: base vetorial licenciada
U+1F12,ἒ,GREEK SMALL LETTER EPSILON WITH PSILI AND VARIA,DejaVu Serif: base vetorial licenciada
U+1F13,ἓ,GREEK SMALL LETTER EPSILON WITH DASIA AND VARIA,DejaVu Serif: base vetorial licenciada
U+1F14,ἔ,GREEK SMALL LETTER EPSILON WITH PSILI AND OXIA,DejaVu Serif: base vetorial licenciada
U+1F15,ἕ,GREEK SMALL LETTER EPSILON WITH DASIA AND OXIA,DejaVu Serif: base vetorial licenciada
U+1F18,Ἐ,GREEK CAPITAL LETTER EPSILON WITH PSILI,DejaVu Serif: base vetorial licenciada
U+1F19,Ἑ,GREEK CAPITAL LETTER EPSILON WITH DASIA,DejaVu Serif: base vetorial licenciada
U+1F1A,Ἒ,GREEK CAPITAL LETTER EPSILON WITH PSILI AND VARIA,DejaVu Serif: base vetorial licenciada
U+1F1B,Ἓ,GREEK CAPITAL LETTER EPSILON WITH DASIA AND VARIA,DejaVu Serif: base vetorial licenciada
U+1F1C,Ἔ,GREEK CAPITAL LETTER EPSILON WITH PSILI AND OXIA,DejaVu Serif: base vetorial licenciada
U+1F1D,Ἕ,GREEK CAPITAL LETTER EPSILON WITH DASIA AND OXIA,DejaVu Serif: base vetorial licenciada
U+1F20,ἠ,GREEK SMALL LETTER ETA WITH PSILI,DejaVu Serif: base vetorial licenciada
U+1F21,ἡ,GREEK SMALL LETTER ETA WITH DASIA,DejaVu Serif: base vetorial licenciada
U+1F22,ἢ,GREEK SMALL LETTER ETA WITH PSILI AND VARIA,DejaVu Serif: base vetorial licenciada
U+1F23,ἣ,GREEK SMALL LETTER ETA WITH DASIA AND VARIA,DejaVu Serif: base vetorial licenciada
U+1F24,ἤ,GREEK SMALL LETTER ETA WITH PSILI AND OXIA,DejaVu Serif: base vetorial licenciada
U+1F25,ἥ,GREEK SMALL LETTER ETA WITH DASIA AND OXIA,DejaVu Serif: base vetorial licenciada
U+1F26,ἦ,GREEK SMALL LETTER ETA WITH PSILI AND PERISPOMENI,DejaVu Serif: base vetorial licenciada
U+1F27,ἧ,GREEK SMALL LETTER ETA WITH DASIA AND PERISPOMENI,DejaVu Serif: base vetorial licenciada
U+1F28,Ἠ,GREEK CAPITAL LETTER ETA WITH PSILI,DejaVu Serif: base vetorial licenciada
U+1F29,Ἡ,GREEK CAPITAL LETTER ETA WITH DASIA,DejaVu Serif: base vetorial licenciada
U+1F2A,Ἢ,GREEK CAPITAL LETTER ETA WITH PSILI AND VARIA,DejaVu Serif: base vetorial licenciada
U+1F2B,Ἣ,GREEK CAPITAL LETTER ETA WITH DASIA AND VARIA,DejaVu Serif: base vetorial licenciada
U+1F2C,Ἤ,GREEK CAPITAL LETTER ETA WITH PSILI AND OXIA,DejaVu Serif: base vetorial licenciada
U+1F2D,Ἥ,GREEK CAPITAL LETTER ETA WITH DASIA AND OXIA,DejaVu Serif: base vetorial licenciada
U+1F2E,Ἦ,GREEK CAPITAL LETTER ETA WITH PSILI AND PERISPOMENI,DejaVu Serif: base vetorial licenciada
U+1F2F,Ἧ,GREEK CAPITAL LETTER ETA WITH DASIA AND PERISPOMENI,DejaVu Serif: base vetorial licenciada
U+1F30,ἰ,GREEK SMALL LETTER IOTA WITH PSILI,DejaVu Serif: base vetorial licenciada
U+1F31,ἱ,GREEK SMALL LETTER IOTA WITH DASIA,DejaVu Serif: base vetorial licenciada
U+1F32,ἲ,GREEK SMALL LETTER IOTA WITH PSILI AND VARIA,DejaVu Serif: base vetorial licenciada
U+1F33,ἳ,GREEK SMALL LETTER IOTA WITH DASIA AND VARIA,DejaVu Serif: base vetorial licenciada
U+1F34,ἴ,GREEK SMALL LETTER IOTA WITH PSILI AND OXIA,DejaVu Serif: base vetorial licenciada
U+1F35,ἵ,GREEK SMALL LETTER IOTA WITH DASIA AND OXIA,DejaVu Serif: base vetorial licenciada
U+1F36,ἶ,GREEK SMALL LETTER IOTA WITH PSILI AND PERISPOMENI,DejaVu Serif: base vetorial licenciada
U+1F37,ἷ,GREEK SMALL LETTER IOTA WITH DASIA AND PERISPOMENI,DejaVu Serif: base vetorial licenciada
U+1F38,Ἰ,GREEK CAPITAL LETTER IOTA WITH PSILI,DejaVu Serif: base vetorial licenciada
U+1F39,Ἱ,GREEK CAPITAL LETTER IOTA WITH DASIA,DejaVu Serif: base vetorial licenciada
U+1F3A,Ἲ,GREEK CAPITAL LETTER IOTA WITH PSILI AND VARIA,DejaVu Serif: base vetorial licenciada
U+1F3B,Ἳ,GREEK CAPITAL LETTER IOTA WITH DASIA AND VARIA,DejaVu Serif: base vetorial licenciada
U+1F3C,Ἴ,GREEK CAPITAL LETTER IOTA WITH PSILI AND OXIA,DejaVu Serif: base vetorial licenciada
U+1F3D,Ἵ,GREEK CAPITAL LETTER IOTA WITH DASIA AND OXIA,DejaVu Serif: base vetorial licenciada
U+1F3E,Ἶ,GREEK CAPITAL LETTER IOTA WITH PSILI AND PERISPOMENI,DejaVu Serif: base vetorial licenciada
U+1F3F,Ἷ,GREEK CAPITAL LETTER IOTA WITH DASIA AND PERISPOMENI,DejaVu Serif: base vetorial licenciada
U+1F40,ὀ,GREEK SMALL LETTER OMICRON WITH PSILI,DejaVu Serif: base vetorial licenciada
U+1F41,ὁ,GREEK SMALL LETTER OMICRON WITH DASIA,DejaVu Serif: base vetorial licenciada
U+1F42,ὂ,GREEK SMALL LETTER OMICRON WITH PSILI AND VARIA,DejaVu Serif: base vetorial licenciada
U+1F43,ὃ,GREEK SMALL LETTER OMICRON WITH DASIA AND VARIA,DejaVu Serif: base vetorial licenciada
U+1F44,ὄ,GREEK SMALL LETTER OMICRON WITH PSILI AND OXIA,DejaVu Serif: base vetorial licenciada
U+1F45,ὅ,GREEK SMALL LETTER OMICRON WITH DASIA AND OXIA,DejaVu Serif: base vetorial licenciada
U+1F48,Ὀ,GREEK CAPITAL LETTER OMICRON WITH PSILI,DejaVu Serif: base vetorial licenciada
U+1F49,Ὁ,GREEK CAPITAL LETTER OMICRON WITH DASIA,DejaVu Serif: base vetorial licenciada
U+1F4A,Ὂ,GREEK CAPITAL LETTER OMICRON WITH PSILI AND VARIA,DejaVu Serif: base vetorial licenciada
U+1F4B,Ὃ,GREEK CAPITAL LETTER OMICRON WITH DASIA AND VARIA,DejaVu Serif: base vetorial licenciada
U+1F4C,Ὄ,GREEK CAPITAL LETTER OMICRON WITH PSILI AND OXIA,DejaVu Serif: base vetorial licenciada
U+1F4D,Ὅ,GREEK CAPITAL LETTER OMICRON WITH DASIA AND OXIA,DejaVu Serif: base vetorial licenciada
U+1F50,ὐ,GREEK SMALL LETTER UPSILON WITH PSILI,DejaVu Serif: base vetorial licenciada
U+1F51,ὑ,GREEK SMALL LETTER UPSILON WITH DASIA,DejaVu Serif: base vetorial licenciada
U+1F52,ὒ,GREEK SMALL LETTER UPSILON WITH PSILI AND VARIA,DejaVu Serif: base vetorial licenciada
U+1F53,ὓ,GREEK SMALL LETTER UPSILON WITH DASIA AND VARIA,DejaVu Serif: base vetorial licenciada
U+1F54,ὔ,GREEK SMALL LETTER UPSILON WITH PSILI AND OXIA,DejaVu Serif: base vetorial licenciada
U+1F55,ὕ,GREEK SMALL LETTER UPSILON WITH DASIA AND OXIA,DejaVu Serif: base vetorial licenciada
U+1F56,ὖ,GREEK SMALL LETTER UPSILON WITH PSILI AND PERISPOMENI,DejaVu Serif: base vetorial licenciada
U+1F57,ὗ,GREEK SMALL LETTER UPSILON WITH DASIA AND PERISPOMENI,DejaVu Serif: base vetorial licenciada
U+1F59,Ὑ,GREEK CAPITAL LETTER UPSILON WITH DASIA,DejaVu Serif: base vetorial licenciada
U+1F5B,Ὓ,GREEK CAPITAL LETTER UPSILON WITH DASIA AND VARIA,DejaVu Serif: base vetorial licenciada
U+1F5D,Ὕ,GREEK CAPITAL LETTER UPSILON WITH DASIA AND OXIA,DejaVu Serif: base vetorial licenciada
U+1F5F,Ὗ,GREEK CAPITAL LETTER UPSILON WITH DASIA AND PERISPOMENI,DejaVu Serif: base vetorial licenciada
U+1F60,ὠ,GREEK SMALL LETTER OMEGA WITH PSILI,DejaVu Serif: base vetorial licenciada
U+1F61,ὡ,GREEK SMALL LETTER OMEGA WITH DASIA,DejaVu Serif: base vetorial licenciada
U+1F62,ὢ,GREEK SMALL LETTER OMEGA WITH PSILI AND VARIA,DejaVu Serif: base vetorial licenciada
U+1F63,ὣ,GREEK SMALL LETTER OMEGA WITH DASIA AND VARIA,DejaVu Serif: base vetorial licenciada
U+1F64,ὤ,GREEK SMALL LETTER OMEGA WITH PSILI AND OXIA,DejaVu Serif: base vetorial licenciada
U+1F65,ὥ,GREEK SMALL LETTER OMEGA WITH DASIA AND OXIA,DejaVu Serif: base vetorial licenciada
U+1F66,ὦ,GREEK SMALL LETTER OMEGA WITH PSILI AND PERISPOMENI,DejaVu Serif: base vetorial licenciada
U+1F67,ὧ,GREEK SMALL LETTER OMEGA WITH DASIA AND PERISPOMENI,DejaVu Serif: base vetorial licenciada
U+1F68,Ὠ,GREEK CAPITAL LETTER OMEGA WITH PSILI,DejaVu Serif: base vetorial licenciada
U+1F69,Ὡ,GREEK CAPITAL LETTER OMEGA WITH DASIA,DejaVu Serif: base vetorial licenciada
U+1F6A,Ὢ,GREEK CAPITAL LETTER OMEGA WITH PSILI AND VARIA,DejaVu Serif: base vetorial licenciada
U+1F6B,Ὣ,GREEK CAPITAL LETTER OMEGA WITH DASIA AND VARIA,DejaVu Serif: base vetorial licenciada
U+1F6C,Ὤ,GREEK CAPITAL LETTER OMEGA WITH PSILI AND OXIA,DejaVu Serif: base vetorial licenciada
U+1F6D,Ὥ,GREEK CAPITAL LETTER OMEGA WITH DASIA AND OXIA,DejaVu Serif: base vetorial licenciada
U+1F6E,Ὦ,GREEK CAPITAL LETTER OMEGA WITH PSILI AND PERISPOMENI,DejaVu Serif: base vetorial licenciada
U+1F6F,Ὧ,GREEK CAPITAL LETTER OMEGA WITH DASIA AND PERISPOMENI,DejaVu Serif: base vetorial licenciada
U+1F70,ὰ,GREEK SMALL LETTER ALPHA WITH VARIA,DejaVu Serif: base vetorial licenciada
U+1F71,ά,GREEK SMALL LETTER ALPHA WITH OXIA,DejaVu Serif: base vetorial licenciada
U+1F72,ὲ,GREEK SMALL LETTER EPSILON WITH VARIA,DejaVu Serif: base vetorial licenciada
U+1F73,έ,GREEK SMALL LETTER EPSILON WITH OXIA,DejaVu Serif: base vetorial licenciada
U+1F74,ὴ,GREEK SMALL LETTER ETA WITH VARIA,DejaVu Serif: base vetorial licenciada
U+1F75,ή,GREEK SMALL LETTER ETA WITH OXIA,DejaVu Serif: base vetorial licenciada
U+1F76,ὶ,GREEK SMALL LETTER IOTA WITH VARIA,DejaVu Serif: base vetorial licenciada
U+1F77,ί,GREEK SMALL LETTER IOTA WITH OXIA,DejaVu Serif: base vetorial licenciada
U+1F78,ὸ,GREEK SMALL LETTER OMICRON WITH VARIA,DejaVu Serif: base vetorial licenciada
U+1F79,ό,GREEK SMALL LETTER OMICRON WITH OXIA,DejaVu Serif: base vetorial licenciada
U+1F7A,ὺ,GREEK SMALL LETTER UPSILON WITH VARIA,DejaVu Serif: base vetorial licenciada
U+1F7B,ύ,GREEK SMALL LETTER UPSILON WITH OXIA,DejaVu Serif: base vetorial licenciada
U+1F7C,ὼ,GREEK SMALL LETTER OMEGA WITH VARIA,DejaVu Serif: base vetorial licenciada
U+1F7D,ώ,GREEK SMALL LETTER OMEGA WITH OXIA,DejaVu Serif: base vetorial licenciada
U+1F80,ᾀ,GREEK SMALL LETTER ALPHA WITH PSILI AND YPOGEGRAMMENI,DejaVu Serif: base vetorial licenciada
U+1F81,ᾁ,GREEK SMALL LETTER ALPHA WITH DASIA AND YPOGEGRAMMENI,DejaVu Serif: base vetorial licenciada
U+1F82,ᾂ,GREEK SMALL LETTER ALPHA WITH PSILI AND VARIA AND YPOGEGRAMMENI,DejaVu Serif: base vetorial licenciada
U+1F83,ᾃ,GREEK SMALL LETTER ALPHA WITH DASIA AND VARIA AND YPOGEGRAMMENI,DejaVu Serif: base vetorial licenciada
U+1F84,ᾄ,GREEK SMALL LETTER ALPHA WITH PSILI AND OXIA AND YPOGEGRAMMENI,DejaVu Serif: base vetorial licenciada
U+1F85,ᾅ,GREEK SMALL LETTER ALPHA WITH DASIA AND OXIA AND YPOGEGRAMMENI,DejaVu Serif: base vetorial licenciada
U+1F86,ᾆ,GREEK SMALL LETTER ALPHA WITH PSILI AND PERISPOMENI AND YPOGEGRAMMENI,DejaVu Serif: base vetorial licenciada
U+1F87,ᾇ,GREEK SMALL LETTER ALPHA WITH DASIA AND PERISPOMENI AND YPOGEGRAMMENI,DejaVu Serif: base vetorial licenciada
U+1F88,ᾈ,GREEK CAPITAL LETTER ALPHA WITH PSILI AND PROSGEGRAMMENI,DejaVu Serif: base vetorial licenciada
U+1F89,ᾉ,GREEK CAPITAL LETTER ALPHA WITH DASIA AND PROSGEGRAMMENI,DejaVu Serif: base vetorial licenciada
U+1F8A,ᾊ,GREEK CAPITAL LETTER ALPHA WITH PSILI AND VARIA AND PROSGEGRAMMENI,DejaVu Serif: base vetorial licenciada
U+1F8B,ᾋ,GREEK CAPITAL LETTER ALPHA WITH DASIA AND VARIA AND PROSGEGRAMMENI,DejaVu Serif: base vetorial licenciada
U+1F8C,ᾌ,GREEK CAPITAL LETTER ALPHA WITH PSILI AND OXIA AND PROSGEGRAMMENI,DejaVu Serif: base vetorial licenciada
U+1F8D,ᾍ,GREEK CAPITAL LETTER ALPHA WITH DASIA AND OXIA AND PROSGEGRAMMENI,DejaVu Serif: base vetorial licenciada
U+1F8E,ᾎ,GREEK CAPITAL LETTER ALPHA WITH PSILI AND PERISPOMENI AND PROSGEGRAMMENI,DejaVu Serif: base vetorial licenciada
U+1F8F,ᾏ,GREEK CAPITAL LETTER ALPHA WITH DASIA AND PERISPOMENI AND PROSGEGRAMMENI,DejaVu Serif: base vetorial licenciada
U+1F90,ᾐ,GREEK SMALL LETTER ETA WITH PSILI AND YPOGEGRAMMENI,DejaVu Serif: base vetorial licenciada
U+1F91,ᾑ,GREEK SMALL LETTER ETA WITH DASIA AND YPOGEGRAMMENI,DejaVu Serif: base vetorial licenciada
U+1F92,ᾒ,GREEK SMALL LETTER ETA WITH PSILI AND VARIA AND YPOGEGRAMMENI,DejaVu Serif: base vetorial licenciada
U+1F93,ᾓ,GREEK SMALL LETTER ETA WITH DASIA AND VARIA AND YPOGEGRAMMENI,DejaVu Serif: base vetorial licenciada
U+1F94,ᾔ,GREEK SMALL LETTER ETA WITH PSILI AND OXIA AND YPOGEGRAMMENI,DejaVu Serif: base vetorial licenciada
U+1F95,ᾕ,GREEK SMALL LETTER ETA WITH DASIA AND OXIA AND YPOGEGRAMMENI,DejaVu Serif: base vetorial licenciada
U+1F96,ᾖ,GREEK SMALL LETTER ETA WITH PSILI AND PERISPOMENI AND YPOGEGRAMMENI,DejaVu Serif: base vetorial licenciada
U+1F97,ᾗ,GREEK SMALL LETTER ETA WITH DASIA AND PERISPOMENI AND YPOGEGRAMMENI,DejaVu Serif: base vetorial licenciada
U+1F98,ᾘ,GREEK CAPITAL LETTER ETA WITH PSILI AND PROSGEGRAMMENI,DejaVu Serif: base vetorial licenciada
U+1F99,ᾙ,GREEK CAPITAL LETTER ETA WITH DASIA AND PROSGEGRAMMENI,DejaVu Serif: base vetorial licenciada
U+1F9A,ᾚ,GREEK CAPITAL LETTER ETA WITH PSILI AND VARIA AND PROSGEGRAMMENI,DejaVu Serif: base vetorial licenciada
U+1F9B,ᾛ,GREEK CAPITAL LETTER ETA WITH DASIA AND VARIA AND PROSGEGRAMMENI,DejaVu Serif: base vetorial licenciada
U+1F9C,ᾜ,GREEK CAPITAL LETTER ETA WITH PSILI AND OXIA AND PROSGEGRAMMENI,DejaVu Serif: base vetorial licenciada
U+1F9D,ᾝ,GREEK CAPITAL LETTER ETA WITH DASIA AND OXIA AND PROSGEGRAMMENI,DejaVu Serif: base vetorial licenciada
U+1F9E,ᾞ,GREEK CAPITAL LETTER ETA WITH PSILI AND PERISPOMENI AND PROSGEGRAMMENI,DejaVu Serif: base vetorial licenciada
U+1F9F,ᾟ,GREEK CAPITAL LETTER ETA WITH DASIA AND PERISPOMENI AND PROSGEGRAMMENI,DejaVu Serif: base vetorial licenciada
U+1FA0,ᾠ,GREEK SMALL LETTER OMEGA WITH PSILI AND YPOGEGRAMMENI,DejaVu Serif: base vetorial licenciada
U+1FA1,ᾡ,GREEK SMALL LETTER OMEGA WITH DASIA AND YPOGEGRAMMENI,DejaVu Serif: base vetorial licenciada
U+1FA2,ᾢ,GREEK SMALL LETTER OMEGA WITH PSILI AND VARIA AND YPOGEGRAMMENI,DejaVu Serif: base vetorial licenciada
U+1FA3,ᾣ,GREEK SMALL LETTER OMEGA WITH DASIA AND VARIA AND YPOGEGRAMMENI,DejaVu Serif: base vetorial licenciada
U+1FA4,ᾤ,GREEK SMALL LETTER OMEGA WITH PSILI AND OXIA AND YPOGEGRAMMENI,DejaVu Serif: base vetorial licenciada
U+1FA5,ᾥ,GREEK SMALL LETTER OMEGA WITH DASIA AND OXIA AND YPOGEGRAMMENI,DejaVu Serif: base vetorial licenciada
U+1FA6,ᾦ,GREEK SMALL LETTER OMEGA WITH PSILI AND PERISPOMENI AND YPOGEGRAMMENI,DejaVu Serif: base vetorial licenciada
U+1FA7,ᾧ,GREEK SMALL LETTER OMEGA WITH DASIA AND PERISPOMENI AND YPOGEGRAMMENI,DejaVu Serif: base vetorial licenciada
U+1FA8,ᾨ,GREEK CAPITAL LETTER OMEGA WITH PSILI AND PROSGEGRAMMENI,DejaVu Serif: base vetorial licenciada
U+1FA9,ᾩ,GREEK CAPITAL LETTER OMEGA WITH DASIA AND PROSGEGRAMMENI,DejaVu Serif: base vetorial licenciada
U+1FAA,ᾪ,GREEK CAPITAL LETTER OMEGA WITH PSILI AND VARIA AND PROSGEGRAMMENI,DejaVu Serif: base vetorial licenciada
U+1FAB,ᾫ,GREEK CAPITAL LETTER OMEGA WITH DASIA AND VARIA AND PROSGEGRAMMENI,DejaVu Serif: base vetorial licenciada
U+1FAC,ᾬ,GREEK CAPITAL LETTER OMEGA WITH PSILI AND OXIA AND PROSGEGRAMMENI,DejaVu Serif: base vetorial licenciada
U+1FAD,ᾭ,GREEK CAPITAL LETTER OMEGA WITH DASIA AND OXIA AND PROSGEGRAMMENI,DejaVu Serif: base vetorial licenciada
U+1FAE,ᾮ,GREEK CAPITAL LETTER OMEGA WITH PSILI AND PERISPOMENI AND PROSGEGRAMMENI,DejaVu Serif: base vetorial licenciada
U+1FAF,ᾯ,GREEK CAPITAL LETTER OMEGA WITH DASIA AND PERISPOMENI AND PROSGEGRAMMENI,DejaVu Serif: base vetorial licenciada
U+1FB0,ᾰ,GREEK SMALL LETTER ALPHA WITH VRACHY,DejaVu Serif: base vetorial licenciada
U+1FB1,ᾱ,GREEK SMALL LETTER ALPHA WITH MACRON,DejaVu Serif: base vetorial licenciada
U+1FB2,ᾲ,GREEK SMALL LETTER ALPHA WITH VARIA AND YPOGEGRAMMENI,DejaVu Serif: base vetorial licenciada
U+1FB3,ᾳ,GREEK SMALL LETTER ALPHA WITH YPOGEGRAMMENI,DejaVu Serif: base vetorial licenciada
U+1FB4,ᾴ,GREEK SMALL LETTER ALPHA WITH OXIA AND YPOGEGRAMMENI,DejaVu Serif: base vetorial licenciada
U+1FB6,ᾶ,GREEK SMALL LETTER ALPHA WITH PERISPOMENI,DejaVu Serif: base vetorial licenciada
U+1FB7,ᾷ,GREEK SMALL LETTER ALPHA WITH PERISPOMENI AND YPOGEGRAMMENI,DejaVu Serif: base vetorial licenciada
U+1FB8,Ᾰ,GREEK CAPITAL LETTER ALPHA WITH VRACHY,DejaVu Serif: base vetorial licenciada
U+1FB9,Ᾱ,GREEK CAPITAL LETTER ALPHA WITH MACRON,DejaVu Serif: base vetorial licenciada
U+1FBA,Ὰ,GREEK CAPITAL LETTER ALPHA WITH VARIA,DejaVu Serif: base vetorial licenciada
U+1FBB,Ά,GREEK CAPITAL LETTER ALPHA WITH OXIA,DejaVu Serif: base vetorial licenciada
U+1FBC,ᾼ,GREEK CAPITAL LETTER ALPHA WITH PROSGEGRAMMENI,DejaVu Serif: base vetorial licenciada
U+1FBD,᾽,GREEK KORONIS,DejaVu Serif: base vetorial licenciada
U+1FBE,ι,GREEK PROSGEGRAMMENI,DejaVu Serif: base vetorial licenciada
U+1FBF,᾿,GREEK PSILI,DejaVu Serif: base vetorial licenciada
U+1FC0,῀,GREEK PERISPOMENI,DejaVu Serif: base vetorial licenciada
U+1FC1,῁,GREEK DIALYTIKA AND PERISPOMENI,DejaVu Serif: base vetorial licenciada
U+1FC2,ῂ,GREEK SMALL LETTER ETA WITH VARIA AND YPOGEGRAMMENI,DejaVu Serif: base vetorial licenciada
U+1FC3,ῃ,GREEK SMALL LETTER ETA WITH YPOGEGRAMMENI,DejaVu Serif: base vetorial licenciada
U+1FC4,ῄ,GREEK SMALL LETTER ETA WITH OXIA AND YPOGEGRAMMENI,DejaVu Serif: base vetorial licenciada
U+1FC6,ῆ,GREEK SMALL LETTER ETA WITH PERISPOMENI,DejaVu Serif: base vetorial licenciada
U+1FC7,ῇ,GREEK SMALL LETTER ETA WITH PERISPOMENI AND YPOGEGRAMMENI,DejaVu Serif: base vetorial licenciada
U+1FC8,Ὲ,GREEK CAPITAL LETTER EPSILON WITH VARIA,DejaVu Serif: base vetorial licenciada
U+1FC9,Έ,GREEK CAPITAL LETTER EPSILON WITH OXIA,DejaVu Serif: base vetorial licenciada
U+1FCA,Ὴ,GREEK CAPITAL LETTER ETA WITH VARIA,DejaVu Serif: base vetorial licenciada
U+1FCB,Ή,GREEK CAPITAL LETTER ETA WITH OXIA,DejaVu Serif: base vetorial licenciada
U+1FCC,ῌ,GREEK CAPITAL LETTER ETA WITH PROSGEGRAMMENI,DejaVu Serif: base vetorial licenciada
U+1FCD,῍,GREEK PSILI AND VARIA,DejaVu Serif: base vetorial licenciada
U+1FCE,῎,GREEK PSILI AND OXIA,DejaVu Serif: base vetorial licenciada
U+1FCF,῏,GREEK PSILI AND PERISPOMENI,DejaVu Serif: base vetorial licenciada
U+1FD0,ῐ,GREEK SMALL LETTER IOTA WITH VRACHY,DejaVu Serif: base vetorial licenciada
U+1FD1,ῑ,GREEK SMALL LETTER IOTA WITH MACRON,DejaVu Serif: base vetorial licenciada
U+1FD2,ῒ,GREEK SMALL LETTER IOTA WITH DIALYTIKA AND VARIA,DejaVu Serif: base vetorial licenciada
U+1FD3,ΐ,GREEK SMALL LETTER IOTA WITH DIALYTIKA AND OXIA,DejaVu Serif: base vetorial licenciada
U+1FD6,ῖ,GREEK SMALL LETTER IOTA WITH PERISPOMENI,DejaVu Serif: base vetorial licenciada
U+1FD7,ῗ,GREEK SMALL LETTER IOTA WITH DIALYTIKA AND PERISPOMENI,DejaVu Serif: base vetorial licenciada
U+1FD8,Ῐ,GREEK CAPITAL LETTER IOTA WITH VRACHY,DejaVu Serif: base vetorial licenciada
U+1FD9,Ῑ,GREEK CAPITAL LETTER IOTA WITH MACRON,DejaVu Serif: base vetorial licenciada
U+1FDA,Ὶ,GREEK CAPITAL LETTER IOTA WITH VARIA,DejaVu Serif: base vetorial licenciada
U+1FDB,Ί,GREEK CAPITAL LETTER IOTA WITH OXIA,DejaVu Serif: base vetorial licenciada
U+1FDD,῝,GREEK DASIA AND VARIA,DejaVu Serif: base vetorial licenciada
U+1FDE,῞,GREEK DASIA AND OXIA,DejaVu Serif: base vetorial licenciada
U+1FDF,῟,GREEK DASIA AND PERISPOMENI,DejaVu Serif: base vetorial licenciada
U+1FE0,ῠ,GREEK SMALL LETTER UPSILON WITH VRACHY,DejaVu Serif: base vetorial licenciada
U+1FE1,ῡ,GREEK SMALL LETTER UPSILON WITH MACRON,DejaVu Serif: base vetorial licenciada
U+1FE2,ῢ,GREEK SMALL LETTER UPSILON WITH DIALYTIKA AND VARIA,DejaVu Serif: base vetorial licenciada
U+1FE3,ΰ,GREEK SMALL LETTER UPSILON WITH DIALYTIKA AND OXIA,DejaVu Serif: base vetorial licenciada
U+1FE4,ῤ,GREEK SMALL LETTER RHO WITH PSILI,DejaVu Serif: base vetorial licenciada
U+1FE5,ῥ,GREEK SMALL LETTER RHO WITH DASIA,DejaVu Serif: base vetorial licenciada
U+1FE6,ῦ,GREEK SMALL LETTER UPSILON WITH PERISPOMENI,DejaVu Serif: base vetorial licenciada
U+1FE7,ῧ,GREEK SMALL LETTER UPSILON WITH DIALYTIKA AND PERISPOMENI,DejaVu Serif: base vetorial licenciada
U+1FE8,Ῠ,GREEK CAPITAL LETTER UPSILON WITH VRACHY,DejaVu Serif: base vetorial licenciada
U+1FE9,Ῡ,GREEK CAPITAL LETTER UPSILON WITH MACRON,DejaVu Serif: base vetorial licenciada
U+1FEA,Ὺ,GREEK CAPITAL LETTER UPSILON WITH VARIA,DejaVu Serif: base vetorial licenciada
U+1FEB,Ύ,GREEK CAPITAL LETTER UPSILON WITH OXIA,DejaVu Serif: base vetorial licenciada
U+1FEC,Ῥ,GREEK CAPITAL LETTER RHO WITH DASIA,DejaVu Serif: base vetorial licenciada
U+1FED,῭,GREEK DIALYTIKA AND VARIA,DejaVu Serif: base vetorial licenciada
U+1FEE,΅,GREEK DIALYTIKA AND OXIA,DejaVu Serif: base vetorial licenciada
U+1FEF,`,GREEK VARIA,DejaVu Serif: base vetorial licenciada
U+1FF2,ῲ,GREEK SMALL LETTER OMEGA WITH VARIA AND YPOGEGRAMMENI,DejaVu Serif: base vetorial licenciada
U+1FF3,ῳ,GREEK SMALL LETTER OMEGA WITH YPOGEGRAMMENI,DejaVu Serif: base vetorial licenciada
U+1FF4,ῴ,GREEK SMALL LETTER OMEGA WITH OXIA AND YPOGEGRAMMENI,DejaVu Serif: base vetorial licenciada
U+1FF6,ῶ,GREEK SMALL LETTER OMEGA WITH PERISPOMENI,DejaVu Serif: base vetorial licenciada
U+1FF7,ῷ,GREEK SMALL LETTER OMEGA WITH PERISPOMENI AND YPOGEGRAMMENI,DejaVu Serif: base vetorial licenciada
U+1FF8,Ὸ,GREEK CAPITAL LETTER OMICRON WITH VARIA,DejaVu Serif: base vetorial licenciada
U+1FF9,Ό,GREEK CAPITAL LETTER OMICRON WITH OXIA,DejaVu Serif: base vetorial licenciada
U+1FFA,Ὼ,GREEK CAPITAL LETTER OMEGA WITH VARIA,DejaVu Serif: base vetorial licenciada
U+1FFB,Ώ,GREEK CAPITAL LETTER OMEGA WITH OXIA,DejaVu Serif: base vetorial licenciada
U+1FFC,ῼ,GREEK CAPITAL LETTER OMEGA WITH PROSGEGRAMMENI,DejaVu Serif: base vetorial licenciada
U+1FFD,´,GREEK OXIA,DejaVu Serif: base vetorial licenciada
U+1FFE,῾,GREEK DASIA,DejaVu Serif: base vetorial licenciada
U+2000, ,EN QUAD,DejaVu Serif: base vetorial licenciada
U+2001, ,EM QUAD,DejaVu Serif: base vetorial licenciada
U+2002, ,EN SPACE,DejaVu Serif: base vetorial licenciada
U+2003, ,EM SPACE,DejaVu Serif: base vetorial licenciada
U+2004, ,THREE-PER-EM SPACE,DejaVu Serif: base vetorial licenciada
U+2005, ,FOUR-PER-EM SPACE,DejaVu Serif: base vetorial licenciada
U+2006, ,SIX-PER-EM SPACE,DejaVu Serif: base vetorial licenciada
U+2007, ,FIGURE SPACE,DejaVu Serif: base vetorial licenciada
U+2008, ,PUNCTUATION SPACE,DejaVu Serif: base vetorial licenciada
U+2009, ,THIN SPACE,DejaVu Serif: base vetorial licenciada
U+200A, ,HAIR SPACE,DejaVu Serif: base vetorial licenciada
U+200B,​,ZERO WIDTH SPACE,DejaVu Serif: base vetorial licenciada
U+200C,‌,ZERO WIDTH NON-JOINER,DejaVu Serif: base vetorial licenciada
U+200D,‍,ZERO WIDTH JOINER,DejaVu Serif: base vetorial licenciada
U+200E,‎,LEFT-TO-RIGHT MARK,DejaVu Serif: base vetorial licenciada
U+200F,‏,RIGHT-TO-LEFT MARK,DejaVu Serif: base vetorial licenciada
U+2010,‐,HYPHEN,DejaVu Serif: base vetorial licenciada
U+2011,‑,NON-BREAKING HYPHEN,DejaVu Serif: base vetorial licenciada
U+2012,‒,FIGURE DASH,DejaVu Serif: base vetorial licenciada
U+2013,–,EN DASH,DejaVu Serif: base vetorial licenciada
U+2014,—,EM DASH,DejaVu Serif: base vetorial licenciada
U+2015,―,HORIZONTAL BAR,DejaVu Serif: base vetorial licenciada
U+2016,‖,DOUBLE VERTICAL LINE,DejaVu Serif: base vetorial licenciada
U+2017,‗,DOUBLE LOW LINE,DejaVu Serif: base vetorial licenciada
U+2018,‘,LEFT SINGLE QUOTATION MARK,DejaVu Serif: base vetorial licenciada
U+2019,’,RIGHT SINGLE QUOTATION MARK,DejaVu Serif: base vetorial licenciada
U+201A,‚,SINGLE LOW-9 QUOTATION MARK,DejaVu Serif: base vetorial licenciada
U+201B,‛,SINGLE HIGH-REVERSED-9 QUOTATION MARK,DejaVu Serif: base vetorial licenciada
U+201C,“,LEFT DOUBLE QUOTATION MARK,DejaVu Serif: base vetorial licenciada
U+201D,”,RIGHT DOUBLE QUOTATION MARK,DejaVu Serif: base vetorial licenciada
U+201E,„,DOUBLE LOW-9 QUOTATION MARK,DejaVu Serif: base vetorial licenciada
U+201F,‟,DOUBLE HIGH-REVERSED-9 QUOTATION MARK,DejaVu Serif: base vetorial licenciada
U+2020,†,DAGGER,DejaVu Serif: base vetorial licenciada
U+2021,‡,DOUBLE DAGGER,DejaVu Serif: base vetorial licenciada
U+2022,•,BULLET,DejaVu Serif: base vetorial licenciada
U+2023,‣,TRIANGULAR BULLET,DejaVu Serif: base vetorial licenciada
U+2024,․,ONE DOT LEADER,DejaVu Serif: base vetorial licenciada
U+2025,‥,TWO DOT LEADER,DejaVu Serif: base vetorial licenciada
U+2026,…,HORIZONTAL ELLIPSIS,DejaVu Serif: base vetorial licenciada
U+202A,‪,LEFT-TO-RIGHT EMBEDDING,DejaVu Serif: base vetorial licenciada
U+202B,‫,RIGHT-TO-LEFT EMBEDDING,DejaVu Serif: base vetorial licenciada
U+202C,‬,POP DIRECTIONAL FORMATTING,DejaVu Serif: base vetorial licenciada
U+202D,‭,LEFT-TO-RIGHT OVERRIDE,DejaVu Serif: base vetorial licenciada
U+202E,‮,RIGHT-TO-LEFT OVERRIDE,DejaVu Serif: base vetorial licenciada
U+202F, ,NARROW NO-BREAK SPACE,DejaVu Serif: base vetorial licenciada
U+2030,‰,PER MILLE SIGN,DejaVu Serif: base vetorial licenciada
U+2031,‱,PER TEN THOUSAND SIGN,DejaVu Serif: base vetorial licenciada
U+2032,′,PRIME,DejaVu Serif: base vetorial licenciada
U+2033,″,DOUBLE PRIME,DejaVu Serif: base vetorial licenciada
U+2034,‴,TRIPLE PRIME,DejaVu Serif: base vetorial licenciada
U+2035,‵,REVERSED PRIME,DejaVu Serif: base vetorial licenciada
U+2036,‶,REVERSED DOUBLE PRIME,DejaVu Serif: base vetorial licenciada
U+2037,‷,REVERSED TRIPLE PRIME,DejaVu Serif: base vetorial licenciada
U+2038,‸,CARET,DejaVu Serif: base vetorial licenciada
U+2039,‹,SINGLE LEFT-POINTING ANGLE QUOTATION MARK,DejaVu Serif: base vetorial licenciada
U+203A,›,SINGLE RIGHT-POINTING ANGLE QUOTATION MARK,DejaVu Serif: base vetorial licenciada
U+203B,※,REFERENCE MARK,Latin Modern Math: adaptação de escala; licença GUST
U+203C,‼,DOUBLE EXCLAMATION MARK,DejaVu Serif: base vetorial licenciada
U+203D,‽,INTERROBANG,DejaVu Serif: base vetorial licenciada
U+203E,‾,OVERLINE,DejaVu Serif: base vetorial licenciada
U+2042,⁂,ASTERISM,DejaVu Serif: base vetorial licenciada
U+2044,⁄,FRACTION SLASH,DejaVu Serif: base vetorial licenciada
U+2045,⁅,LEFT SQUARE BRACKET WITH QUILL,DejaVu Serif: base vetorial licenciada
U+2046,⁆,RIGHT SQUARE BRACKET WITH QUILL,DejaVu Serif: base vetorial licenciada
U+2047,⁇,DOUBLE QUESTION MARK,DejaVu Serif: base vetorial licenciada
U+2048,⁈,QUESTION EXCLAMATION MARK,DejaVu Serif: base vetorial licenciada
U+2049,⁉,EXCLAMATION QUESTION MARK,DejaVu Serif: base vetorial licenciada
U+204B,⁋,REVERSED PILCROW SIGN,DejaVu Serif: base vetorial licenciada
U+204C,⁌,BLACK LEFTWARDS BULLET,DejaVu Serif: base vetorial licenciada
U+204D,⁍,BLACK RIGHTWARDS BULLET,DejaVu Serif: base vetorial licenciada
U+204E,⁎,LOW ASTERISK,DejaVu Serif: base vetorial licenciada
U+204F,⁏,REVERSED SEMICOLON,DejaVu Serif: base vetorial licenciada
U+2051,⁑,TWO ASTERISKS ALIGNED VERTICALLY,DejaVu Serif: base vetorial licenciada
U+2052,⁒,COMMERCIAL MINUS SIGN,DejaVu Serif: base vetorial licenciada
U+2053,⁓,SWUNG DASH,DejaVu Serif: base vetorial licenciada
U+2057,⁗,QUADRUPLE PRIME,DejaVu Serif: base vetorial licenciada
U+205F, ,MEDIUM MATHEMATICAL SPACE,DejaVu Serif: base vetorial licenciada
U+2060,⁠,WORD JOINER,DejaVu Serif: base vetorial licenciada
U+2061,⁡,FUNCTION APPLICATION,DejaVu Serif: base vetorial licenciada
U+2062,⁢,INVISIBLE TIMES,DejaVu Serif: base vetorial licenciada
U+2063,⁣,INVISIBLE SEPARATOR,DejaVu Serif: base vetorial licenciada
U+2064,⁤,INVISIBLE PLUS,DejaVu Serif: base vetorial licenciada
U+206A,⁪,INHIBIT SYMMETRIC SWAPPING,DejaVu Serif: base vetorial licenciada
U+206B,⁫,ACTIVATE SYMMETRIC SWAPPING,DejaVu Serif: base vetorial licenciada
U+206C,⁬,INHIBIT ARABIC FORM SHAPING,DejaVu Serif: base vetorial licenciada
U+206D,⁭,ACTIVATE ARABIC FORM SHAPING,DejaVu Serif: base vetorial licenciada
U+206E,⁮,NATIONAL DIGIT SHAPES,DejaVu Serif: base vetorial licenciada
U+206F,⁯,NOMINAL DIGIT SHAPES,DejaVu Serif: base vetorial licenciada
U+2070,⁰,SUPERSCRIPT ZERO,DejaVu Serif: base vetorial licenciada
U+2071,ⁱ,SUPERSCRIPT LATIN SMALL LETTER I,DejaVu Serif: base vetorial licenciada
U+2074,⁴,SUPERSCRIPT FOUR,DejaVu Serif: base vetorial licenciada
U+2075,⁵,SUPERSCRIPT FIVE,DejaVu Serif: base vetorial licenciada
U+2076,⁶,SUPERSCRIPT SIX,DejaVu Serif: base vetorial licenciada
U+2077,⁷,SUPERSCRIPT SEVEN,DejaVu Serif: base vetorial licenciada
U+2078,⁸,SUPERSCRIPT EIGHT,DejaVu Serif: base vetorial licenciada
U+2079,⁹,SUPERSCRIPT NINE,DejaVu Serif: base vetorial licenciada
U+207A,⁺,SUPERSCRIPT PLUS SIGN,DejaVu Serif: base vetorial licenciada
U+207B,⁻,SUPERSCRIPT MINUS,DejaVu Serif: base vetorial licenciada
U+207C,⁼,SUPERSCRIPT EQUALS SIGN,DejaVu Serif: base vetorial licenciada
U+207D,⁽,SUPERSCRIPT LEFT PARENTHESIS,DejaVu Serif: base vetorial licenciada
U+207E,⁾,SUPERSCRIPT RIGHT PARENTHESIS,DejaVu Serif: base vetorial licenciada
U+207F,ⁿ,SUPERSCRIPT LATIN SMALL LETTER N,DejaVu Serif: base vetorial licenciada
U+2080,₀,SUBSCRIPT ZERO,DejaVu Serif: base vetorial licenciada
U+2081,₁,SUBSCRIPT ONE,DejaVu Serif: base vetorial licenciada
U+2082,₂,SUBSCRIPT TWO,DejaVu Serif: base vetorial licenciada
U+2083,₃,SUBSCRIPT THREE,DejaVu Serif: base vetorial licenciada
U+2084,₄,SUBSCRIPT FOUR,DejaVu Serif: base vetorial licenciada
U+2085,₅,SUBSCRIPT FIVE,DejaVu Serif: base vetorial licenciada
U+2086,₆,SUBSCRIPT SIX,DejaVu Serif: base vetorial licenciada
U+2087,₇,SUBSCRIPT SEVEN,DejaVu Serif: base vetorial licenciada
U+2088,₈,SUBSCRIPT EIGHT,DejaVu Serif: base vetorial licenciada
U+2089,₉,SUBSCRIPT NINE,DejaVu Serif: base vetorial licenciada
U+208A,₊,SUBSCRIPT PLUS SIGN,DejaVu Serif: base vetorial licenciada
U+208B,₋,SUBSCRIPT MINUS,DejaVu Serif: base vetorial licenciada
U+208C,₌,SUBSCRIPT EQUALS SIGN,DejaVu Serif: base vetorial licenciada
U+208D,₍,SUBSCRIPT LEFT PARENTHESIS,DejaVu Serif: base vetorial licenciada
U+208E,₎,SUBSCRIPT RIGHT PARENTHESIS,DejaVu Serif: base vetorial licenciada
U+2090,ₐ,LATIN SUBSCRIPT SMALL LETTER A,DejaVu Serif: base vetorial licenciada
U+2091,ₑ,LATIN SUBSCRIPT SMALL LETTER E,DejaVu Serif: base vetorial licenciada
U+2092,ₒ,LATIN SUBSCRIPT SMALL LETTER O,DejaVu Serif: base vetorial licenciada
U+2093,ₓ,LATIN SUBSCRIPT SMALL LETTER X,DejaVu Serif: base vetorial licenciada
U+2094,ₔ,LATIN SUBSCRIPT SMALL LETTER SCHWA,DejaVu Serif: base vetorial licenciada
U+2095,ₕ,LATIN SUBSCRIPT SMALL LETTER H,DejaVu Serif: base vetorial licenciada
U+2096,ₖ,LATIN SUBSCRIPT SMALL LETTER K,DejaVu Serif: base vetorial licenciada
U+2097,ₗ,LATIN SUBSCRIPT SMALL LETTER L,DejaVu Serif: base vetorial licenciada
U+2098,ₘ,LATIN SUBSCRIPT SMALL LETTER M,DejaVu Serif: base vetorial licenciada
U+2099,ₙ,LATIN SUBSCRIPT SMALL LETTER N,DejaVu Serif: base vetorial licenciada
U+209A,ₚ,LATIN SUBSCRIPT SMALL LETTER P,DejaVu Serif: base vetorial licenciada
U+209B,ₛ,LATIN SUBSCRIPT SMALL LETTER S,DejaVu Serif: base vetorial licenciada
U+209C,ₜ,LATIN SUBSCRIPT SMALL LETTER T,DejaVu Serif: base vetorial licenciada
U+20A1,₡,COLON SIGN,Latin Modern Math: adaptação de escala; licença GUST
U+20A6,₦,NAIRA SIGN,DejaVu Serif: base vetorial licenciada
U+20AC,€,EURO SIGN,DejaVu Serif: base vetorial licenciada
U+20AF,₯,DRACHMA SIGN,DejaVu Serif: base vetorial licenciada
U+20B1,₱,PESO SIGN,DejaVu Serif: base vetorial licenciada
U+20B4,₴,HRYVNIA SIGN,DejaVu Serif: base vetorial licenciada
U+20B5,₵,CEDI SIGN,DejaVu Serif: base vetorial licenciada
U+20B8,₸,TENGE SIGN,DejaVu Serif: base vetorial licenciada
U+20B9,₹,INDIAN RUPEE SIGN,DejaVu Serif: base vetorial licenciada
U+20BA,₺,TURKISH LIRA SIGN,DejaVu Serif: base vetorial licenciada
U+20BD,₽,RUBLE SIGN,DejaVu Serif: base vetorial licenciada
U+20D0,⃐,COMBINING LEFT HARPOON ABOVE,Latin Modern Math: adaptação de escala; licença GUST
U+20D1,⃑,COMBINING RIGHT HARPOON ABOVE,Latin Modern Math: adaptação de escala; licença GUST
U+20D2,⃒,COMBINING LONG VERTICAL LINE OVERLAY,Latin Modern Math: adaptação de escala; licença GUST
U+20D3,⃓,COMBINING SHORT VERTICAL LINE OVERLAY,Latin Modern Math: adaptação de escala; licença GUST
U+20D4,⃔,COMBINING ANTICLOCKWISE ARROW ABOVE,Latin Modern Math: adaptação de escala; licença GUST
U+20D5,⃕,COMBINING CLOCKWISE ARROW ABOVE,Latin Modern Math: adaptação de escala; licença GUST
U+20D6,⃖,COMBINING LEFT ARROW ABOVE,Latin Modern Math: adaptação de escala; licença GUST
U+20D7,⃗,COMBINING RIGHT ARROW ABOVE,Latin Modern Math: adaptação de escala; licença GUST
U+20D8,⃘,COMBINING RING OVERLAY,Latin Modern Math: adaptação de escala; licença GUST
U+20DB,⃛,COMBINING THREE DOTS ABOVE,Latin Modern Math: adaptação de escala; licença GUST
U+20DC,⃜,COMBINING FOUR DOTS ABOVE,Latin Modern Math: adaptação de escala; licença GUST
U+20DD,⃝,COMBINING ENCLOSING CIRCLE,Latin Modern Math: adaptação de escala; licença GUST
U+20DE,⃞,COMBINING ENCLOSING SQUARE,Latin Modern Math: adaptação de escala; licença GUST
U+20DF,⃟,COMBINING ENCLOSING DIAMOND,Latin Modern Math: adaptação de escala; licença GUST
U+20E1,⃡,COMBINING LEFT RIGHT ARROW ABOVE,Latin Modern Math: adaptação de escala; licença GUST
U+20E4,⃤,COMBINING ENCLOSING UPWARD POINTING TRIANGLE,Latin Modern Math: adaptação de escala; licença GUST
U+20E5,⃥,COMBINING REVERSE SOLIDUS OVERLAY,Latin Modern Math: adaptação de escala; licença GUST
U+20E6,⃦,COMBINING DOUBLE VERTICAL STROKE OVERLAY,Latin Modern Math: adaptação de escala; licença GUST
U+20E8,⃨,COMBINING TRIPLE UNDERDOT,Latin Modern Math: adaptação de escala; licença GUST
U+20E9,⃩,COMBINING WIDE BRIDGE ABOVE,Latin Modern Math: adaptação de escala; licença GUST
U+20EA,⃪,COMBINING LEFTWARDS ARROW OVERLAY,Latin Modern Math: adaptação de escala; licença GUST
U+20EB,⃫,COMBINING LONG DOUBLE SOLIDUS OVERLAY,Latin Modern Math: adaptação de escala; licença GUST
U+20EC,⃬,COMBINING RIGHTWARDS HARPOON WITH BARB DOWNWARDS,Latin Modern Math: adaptação de escala; licença GUST
U+20ED,⃭,COMBINING LEFTWARDS HARPOON WITH BARB DOWNWARDS,Latin Modern Math: adaptação de escala; licença GUST
U+20EE,⃮,COMBINING LEFT ARROW BELOW,Latin Modern Math: adaptação de escala; licença GUST
U+20EF,⃯,COMBINING RIGHT ARROW BELOW,Latin Modern Math: adaptação de escala; licença GUST
U+20F0,⃰,COMBINING ASTERISK ABOVE,Latin Modern Math: adaptação de escala; licença GUST
U+2102,ℂ,DOUBLE-STRUCK CAPITAL C,DejaVu Serif: base vetorial licenciada
U+2103,℃,DEGREE CELSIUS,DejaVu Serif: base vetorial licenciada
U+2107,ℇ,EULER CONSTANT,Latin Modern Math: adaptação de escala; licença GUST
U+2109,℉,DEGREE FAHRENHEIT,DejaVu Serif: base vetorial licenciada
U+210B,ℋ,SCRIPT CAPITAL H,Latin Modern Math: adaptação de escala; licença GUST
U+210C,ℌ,BLACK-LETTER CAPITAL H,Latin Modern Math: adaptação de escala; licença GUST
U+210D,ℍ,DOUBLE-STRUCK CAPITAL H,DejaVu Serif: base vetorial licenciada
U+210E,ℎ,PLANCK CONSTANT,DejaVu Serif: base vetorial licenciada
U+210F,ℏ,PLANCK CONSTANT OVER TWO PI,DejaVu Serif: base vetorial licenciada
U+2110,ℐ,SCRIPT CAPITAL I,Latin Modern Math: adaptação de escala; licença GUST
U+2111,ℑ,BLACK-LETTER CAPITAL I,Latin Modern Math: adaptação de escala; licença GUST
U+2112,ℒ,SCRIPT CAPITAL L,Latin Modern Math: adaptação de escala; licença GUST
U+2113,ℓ,SCRIPT SMALL L,Latin Modern Math: adaptação de escala; licença GUST
U+2115,ℕ,DOUBLE-STRUCK CAPITAL N,DejaVu Serif: base vetorial licenciada
U+2116,№,NUMERO SIGN,DejaVu Serif: base vetorial licenciada
U+2117,℗,SOUND RECORDING COPYRIGHT,Latin Modern Math: adaptação de escala; licença GUST
U+2118,℘,SCRIPT CAPITAL P,Latin Modern Math: adaptação de escala; licença GUST
U+2119,ℙ,DOUBLE-STRUCK CAPITAL P,DejaVu Serif: base vetorial licenciada
U+211A,ℚ,DOUBLE-STRUCK CAPITAL Q,DejaVu Serif: base vetorial licenciada
U+211B,ℛ,SCRIPT CAPITAL R,Latin Modern Math: adaptação de escala; licença GUST
U+211C,ℜ,BLACK-LETTER CAPITAL R,Latin Modern Math: adaptação de escala; licença GUST
U+211D,ℝ,DOUBLE-STRUCK CAPITAL R,DejaVu Serif: base vetorial licenciada
U+211E,℞,PRESCRIPTION TAKE,Latin Modern Math: adaptação de escala; licença GUST
U+2120,℠,SERVICE MARK,Latin Modern Math: adaptação de escala; licença GUST
U+2122,™,TRADE MARK SIGN,DejaVu Serif: base vetorial licenciada
U+2124,ℤ,DOUBLE-STRUCK CAPITAL Z,DejaVu Serif: base vetorial licenciada
U+2126,Ω,OHM SIGN,DejaVu Serif: base vetorial licenciada
U+2127,℧,INVERTED OHM SIGN,DejaVu Serif: base vetorial licenciada
U+2128,ℨ,BLACK-LETTER CAPITAL Z,Latin Modern Math: adaptação de escala; licença GUST
U+212A,K,KELVIN SIGN,DejaVu Serif: base vetorial licenciada
U+212B,Å,ANGSTROM SIGN,DejaVu Serif: base vetorial licenciada
U+212C,ℬ,SCRIPT CAPITAL B,Latin Modern Math: adaptação de escala; licença GUST
U+212D,ℭ,BLACK-LETTER CAPITAL C,Latin Modern Math: adaptação de escala; licença GUST
U+212E,℮,ESTIMATED SYMBOL,Latin Modern Math: adaptação de escala; licença GUST
U+2130,ℰ,SCRIPT CAPITAL E,Latin Modern Math: adaptação de escala; licença GUST
U+2131,ℱ,SCRIPT CAPITAL F,Latin Modern Math: adaptação de escala; licença GUST
U+2132,Ⅎ,TURNED CAPITAL F,DejaVu Serif: base vetorial licenciada
U+2133,ℳ,SCRIPT CAPITAL M,Latin Modern Math: adaptação de escala; licença GUST
U+2135,ℵ,ALEF SYMBOL,Latin Modern Math: adaptação de escala; licença GUST
U+2136,ℶ,BET SYMBOL,Latin Modern Math: adaptação de escala; licença GUST
U+2137,ℷ,GIMEL SYMBOL,Latin Modern Math: adaptação de escala; licença GUST
U+2138,ℸ,DALET SYMBOL,Latin Modern Math: adaptação de escala; licença GUST
U+213C,ℼ,DOUBLE-STRUCK SMALL PI,DejaVu Serif: base vetorial licenciada
U+213D,ℽ,DOUBLE-STRUCK SMALL GAMMA,DejaVu Serif: base vetorial licenciada
U+213E,ℾ,DOUBLE-STRUCK CAPITAL GAMMA,DejaVu Serif: base vetorial licenciada
U+213F,ℿ,DOUBLE-STRUCK CAPITAL PI,DejaVu Serif: base vetorial licenciada
U+2140,⅀,DOUBLE-STRUCK N-ARY SUMMATION,DejaVu Serif: base vetorial licenciada
U+2141,⅁,TURNED SANS-SERIF CAPITAL G,DejaVu Serif: base vetorial licenciada
U+2142,⅂,TURNED SANS-SERIF CAPITAL L,DejaVu Serif: base vetorial licenciada
U+2143,⅃,REVERSED SANS-SERIF CAPITAL L,DejaVu Serif: base vetorial licenciada
U+2144,⅄,TURNED SANS-SERIF CAPITAL Y,DejaVu Serif: base vetorial licenciada
U+2145,ⅅ,DOUBLE-STRUCK ITALIC CAPITAL D,DejaVu Serif: base vetorial licenciada
U+2146,ⅆ,DOUBLE-STRUCK ITALIC SMALL D,DejaVu Serif: base vetorial licenciada
U+2147,ⅇ,DOUBLE-STRUCK ITALIC SMALL E,DejaVu Serif: base vetorial licenciada
U+2148,ⅈ,DOUBLE-STRUCK ITALIC SMALL I,DejaVu Serif: base vetorial licenciada
U+2149,ⅉ,DOUBLE-STRUCK ITALIC SMALL J,DejaVu Serif: base vetorial licenciada
U+214B,⅋,TURNED AMPERSAND,DejaVu Serif: base vetorial licenciada
U+214E,ⅎ,TURNED SMALL F,DejaVu Serif: base vetorial licenciada
U+2150,⅐,VULGAR FRACTION ONE SEVENTH,DejaVu Serif: base vetorial licenciada
U+2151,⅑,VULGAR FRACTION ONE NINTH,DejaVu Serif: base vetorial licenciada
U+2152,⅒,VULGAR FRACTION ONE TENTH,DejaVu Serif: base vetorial licenciada
U+2153,⅓,VULGAR FRACTION ONE THIRD,DejaVu Serif: base vetorial licenciada
U+2154,⅔,VULGAR FRACTION TWO THIRDS,DejaVu Serif: base vetorial licenciada
U+2155,⅕,VULGAR FRACTION ONE FIFTH,DejaVu Serif: base vetorial licenciada
U+2156,⅖,VULGAR FRACTION TWO FIFTHS,DejaVu Serif: base vetorial licenciada
U+2157,⅗,VULGAR FRACTION THREE FIFTHS,DejaVu Serif: base vetorial licenciada
U+2158,⅘,VULGAR FRACTION FOUR FIFTHS,DejaVu Serif: base vetorial licenciada
U+2159,⅙,VULGAR FRACTION ONE SIXTH,DejaVu Serif: base vetorial licenciada
U+215A,⅚,VULGAR FRACTION FIVE SIXTHS,DejaVu Serif: base vetorial licenciada
U+215B,⅛,VULGAR FRACTION ONE EIGHTH,DejaVu Serif: base vetorial licenciada
U+215C,⅜,VULGAR FRACTION THREE EIGHTHS,DejaVu Serif: base vetorial licenciada
U+215D,⅝,VULGAR FRACTION FIVE EIGHTHS,DejaVu Serif: base vetorial licenciada
U+215E,⅞,VULGAR FRACTION SEVEN EIGHTHS,DejaVu Serif: base vetorial licenciada
U+215F,⅟,FRACTION NUMERATOR ONE,DejaVu Serif: base vetorial licenciada
U+2160,Ⅰ,ROMAN NUMERAL ONE,DejaVu Serif: base vetorial licenciada
U+2161,Ⅱ,ROMAN NUMERAL TWO,DejaVu Serif: base vetorial licenciada
U+2162,Ⅲ,ROMAN NUMERAL THREE,DejaVu Serif: base vetorial licenciada
U+2163,Ⅳ,ROMAN NUMERAL FOUR,DejaVu Serif: base vetorial licenciada
U+2164,Ⅴ,ROMAN NUMERAL FIVE,DejaVu Serif: base vetorial licenciada
U+2165,Ⅵ,ROMAN NUMERAL SIX,DejaVu Serif: base vetorial licenciada
U+2166,Ⅶ,ROMAN NUMERAL SEVEN,DejaVu Serif: base vetorial licenciada
U+2167,Ⅷ,ROMAN NUMERAL EIGHT,DejaVu Serif: base vetorial licenciada
U+2168,Ⅸ,ROMAN NUMERAL NINE,DejaVu Serif: base vetorial licenciada
U+2169,Ⅹ,ROMAN NUMERAL TEN,DejaVu Serif: base vetorial licenciada
U+216A,Ⅺ,ROMAN NUMERAL ELEVEN,DejaVu Serif: base vetorial licenciada
U+216B,Ⅻ,ROMAN NUMERAL TWELVE,DejaVu Serif: base vetorial licenciada
U+216C,Ⅼ,ROMAN NUMERAL FIFTY,DejaVu Serif: base vetorial licenciada
U+216D,Ⅽ,ROMAN NUMERAL ONE HUNDRED,DejaVu Serif: base vetorial licenciada
U+216E,Ⅾ,ROMAN NUMERAL FIVE HUNDRED,DejaVu Serif: base vetorial licenciada
U+216F,Ⅿ,ROMAN NUMERAL ONE THOUSAND,DejaVu Serif: base vetorial licenciada
U+2170,ⅰ,SMALL ROMAN NUMERAL ONE,DejaVu Serif: base vetorial licenciada
U+2171,ⅱ,SMALL ROMAN NUMERAL TWO,DejaVu Serif: base vetorial licenciada
U+2172,ⅲ,SMALL ROMAN NUMERAL THREE,DejaVu Serif: base vetorial licenciada
U+2173,ⅳ,SMALL ROMAN NUMERAL FOUR,DejaVu Serif: base vetorial licenciada
U+2174,ⅴ,SMALL ROMAN NUMERAL FIVE,DejaVu Serif: base vetorial licenciada
U+2175,ⅵ,SMALL ROMAN NUMERAL SIX,DejaVu Serif: base vetorial licenciada
U+2176,ⅶ,SMALL ROMAN NUMERAL SEVEN,DejaVu Serif: base vetorial licenciada
U+2177,ⅷ,SMALL ROMAN NUMERAL EIGHT,DejaVu Serif: base vetorial licenciada
U+2178,ⅸ,SMALL ROMAN NUMERAL NINE,DejaVu Serif: base vetorial licenciada
U+2179,ⅹ,SMALL ROMAN NUMERAL TEN,DejaVu Serif: base vetorial licenciada
U+217A,ⅺ,SMALL ROMAN NUMERAL ELEVEN,DejaVu Serif: base vetorial licenciada
U+217B,ⅻ,SMALL ROMAN NUMERAL TWELVE,DejaVu Serif: base vetorial licenciada
U+217C,ⅼ,SMALL ROMAN NUMERAL FIFTY,DejaVu Serif: base vetorial licenciada
U+217D,ⅽ,SMALL ROMAN NUMERAL ONE HUNDRED,DejaVu Serif: base vetorial licenciada
U+217E,ⅾ,SMALL ROMAN NUMERAL FIVE HUNDRED,DejaVu Serif: base vetorial licenciada
U+217F,ⅿ,SMALL ROMAN NUMERAL ONE THOUSAND,DejaVu Serif: base vetorial licenciada
U+2180,ↀ,ROMAN NUMERAL ONE THOUSAND C D,DejaVu Serif: base vetorial licenciada
U+2181,ↁ,ROMAN NUMERAL FIVE THOUSAND,DejaVu Serif: base vetorial licenciada
U+2182,ↂ,ROMAN NUMERAL TEN THOUSAND,DejaVu Serif: base vetorial licenciada
U+2183,Ↄ,ROMAN NUMERAL REVERSED ONE HUNDRED,DejaVu Serif: base vetorial licenciada
U+2184,ↄ,LATIN SMALL LETTER REVERSED C,DejaVu Serif: base vetorial licenciada
U+2185,ↅ,ROMAN NUMERAL SIX LATE FORM,DejaVu Serif: base vetorial licenciada
U+2189,↉,VULGAR FRACTION ZERO THIRDS,DejaVu Serif: base vetorial licenciada
U+2190,←,LEFTWARDS ARROW,DejaVu Serif: base vetorial licenciada
U+2191,↑,UPWARDS ARROW,DejaVu Serif: base vetorial licenciada
U+2192,→,RIGHTWARDS ARROW,DejaVu Serif: base vetorial licenciada
U+2193,↓,DOWNWARDS ARROW,DejaVu Serif: base vetorial licenciada
U+2194,↔,LEFT RIGHT ARROW,DejaVu Serif: base vetorial licenciada
U+2195,↕,UP DOWN ARROW,DejaVu Serif: base vetorial licenciada
U+2196,↖,NORTH WEST ARROW,DejaVu Serif: base vetorial licenciada
U+2197,↗,NORTH EAST ARROW,DejaVu Serif: base vetorial licenciada
U+2198,↘,SOUTH EAST ARROW,DejaVu Serif: base vetorial licenciada
U+2199,↙,SOUTH WEST ARROW,DejaVu Serif: base vetorial licenciada
U+219A,↚,LEFTWARDS ARROW WITH STROKE,DejaVu Serif: base vetorial licenciada
U+219B,↛,RIGHTWARDS ARROW WITH STROKE,DejaVu Serif: base vetorial licenciada
U+219C,↜,LEFTWARDS WAVE ARROW,DejaVu Serif: base vetorial licenciada
U+219D,↝,RIGHTWARDS WAVE ARROW,DejaVu Serif: base vetorial licenciada
U+219E,↞,LEFTWARDS TWO HEADED ARROW,DejaVu Serif: base vetorial licenciada
U+219F,↟,UPWARDS TWO HEADED ARROW,DejaVu Serif: base vetorial licenciada
U+21A0,↠,RIGHTWARDS TWO HEADED ARROW,DejaVu Serif: base vetorial licenciada
U+21A1,↡,DOWNWARDS TWO HEADED ARROW,DejaVu Serif: base vetorial licenciada
U+21A2,↢,LEFTWARDS ARROW WITH TAIL,DejaVu Serif: base vetorial licenciada
U+21A3,↣,RIGHTWARDS ARROW WITH TAIL,DejaVu Serif: base vetorial licenciada
U+21A4,↤,LEFTWARDS ARROW FROM BAR,DejaVu Serif: base vetorial licenciada
U+21A5,↥,UPWARDS ARROW FROM BAR,DejaVu Serif: base vetorial licenciada
U+21A6,↦,RIGHTWARDS ARROW FROM BAR,DejaVu Serif: base vetorial licenciada
U+21A7,↧,DOWNWARDS ARROW FROM BAR,DejaVu Serif: base vetorial licenciada
U+21A8,↨,UP DOWN ARROW WITH BASE,DejaVu Serif: base vetorial licenciada
U+21A9,↩,LEFTWARDS ARROW WITH HOOK,DejaVu Serif: base vetorial licenciada
U+21AA,↪,RIGHTWARDS ARROW WITH HOOK,DejaVu Serif: base vetorial licenciada
U+21AB,↫,LEFTWARDS ARROW WITH LOOP,DejaVu Serif: base vetorial licenciada
U+21AC,↬,RIGHTWARDS ARROW WITH LOOP,DejaVu Serif: base vetorial licenciada
U+21AD,↭,LEFT RIGHT WAVE ARROW,DejaVu Serif: base vetorial licenciada
U+21AE,↮,LEFT RIGHT ARROW WITH STROKE,DejaVu Serif: base vetorial licenciada
U+21AF,↯,DOWNWARDS ZIGZAG ARROW,DejaVu Serif: base vetorial licenciada
U+21B0,↰,UPWARDS ARROW WITH TIP LEFTWARDS,DejaVu Serif: base vetorial licenciada
U+21B1,↱,UPWARDS ARROW WITH TIP RIGHTWARDS,DejaVu Serif: base vetorial licenciada
U+21B2,↲,DOWNWARDS ARROW WITH TIP LEFTWARDS,DejaVu Serif: base vetorial licenciada
U+21B3,↳,DOWNWARDS ARROW WITH TIP RIGHTWARDS,DejaVu Serif: base vetorial licenciada
U+21B4,↴,RIGHTWARDS ARROW WITH CORNER DOWNWARDS,DejaVu Serif: base vetorial licenciada
U+21B5,↵,DOWNWARDS ARROW WITH CORNER LEFTWARDS,DejaVu Serif: base vetorial licenciada
U+21B6,↶,ANTICLOCKWISE TOP SEMICIRCLE ARROW,DejaVu Serif: base vetorial licenciada
U+21B7,↷,CLOCKWISE TOP SEMICIRCLE ARROW,DejaVu Serif: base vetorial licenciada
U+21B8,↸,NORTH WEST ARROW TO LONG BAR,DejaVu Serif: base vetorial licenciada
U+21B9,↹,LEFTWARDS ARROW TO BAR OVER RIGHTWARDS ARROW TO BAR,DejaVu Serif: base vetorial licenciada
U+21BA,↺,ANTICLOCKWISE OPEN CIRCLE ARROW,DejaVu Serif: base vetorial licenciada
U+21BB,↻,CLOCKWISE OPEN CIRCLE ARROW,DejaVu Serif: base vetorial licenciada
U+21BC,↼,LEFTWARDS HARPOON WITH BARB UPWARDS,DejaVu Serif: base vetorial licenciada
U+21BD,↽,LEFTWARDS HARPOON WITH BARB DOWNWARDS,DejaVu Serif: base vetorial licenciada
U+21BE,↾,UPWARDS HARPOON WITH BARB RIGHTWARDS,DejaVu Serif: base vetorial licenciada
U+21BF,↿,UPWARDS HARPOON WITH BARB LEFTWARDS,DejaVu Serif: base vetorial licenciada
U+21C0,⇀,RIGHTWARDS HARPOON WITH BARB UPWARDS,DejaVu Serif: base vetorial licenciada
U+21C1,⇁,RIGHTWARDS HARPOON WITH BARB DOWNWARDS,DejaVu Serif: base vetorial licenciada
U+21C2,⇂,DOWNWARDS HARPOON WITH BARB RIGHTWARDS,DejaVu Serif: base vetorial licenciada
U+21C3,⇃,DOWNWARDS HARPOON WITH BARB LEFTWARDS,DejaVu Serif: base vetorial licenciada
U+21C4,⇄,RIGHTWARDS ARROW OVER LEFTWARDS ARROW,DejaVu Serif: base vetorial licenciada
U+21C5,⇅,UPWARDS ARROW LEFTWARDS OF DOWNWARDS ARROW,DejaVu Serif: base vetorial licenciada
U+21C6,⇆,LEFTWARDS ARROW OVER RIGHTWARDS ARROW,DejaVu Serif: base vetorial licenciada
U+21C7,⇇,LEFTWARDS PAIRED ARROWS,DejaVu Serif: base vetorial licenciada
U+21C8,⇈,UPWARDS PAIRED ARROWS,DejaVu Serif: base vetorial licenciada
U+21C9,⇉,RIGHTWARDS PAIRED ARROWS,DejaVu Serif: base vetorial licenciada
U+21CA,⇊,DOWNWARDS PAIRED ARROWS,DejaVu Serif: base vetorial licenciada
U+21CB,⇋,LEFTWARDS HARPOON OVER RIGHTWARDS HARPOON,DejaVu Serif: base vetorial licenciada
U+21CC,⇌,RIGHTWARDS HARPOON OVER LEFTWARDS HARPOON,DejaVu Serif: base vetorial licenciada
U+21CD,⇍,LEFTWARDS DOUBLE ARROW WITH STROKE,DejaVu Serif: base vetorial licenciada
U+21CE,⇎,LEFT RIGHT DOUBLE ARROW WITH STROKE,DejaVu Serif: base vetorial licenciada
U+21CF,⇏,RIGHTWARDS DOUBLE ARROW WITH STROKE,DejaVu Serif: base vetorial licenciada
U+21D0,⇐,LEFTWARDS DOUBLE ARROW,DejaVu Serif: base vetorial licenciada
U+21D1,⇑,UPWARDS DOUBLE ARROW,DejaVu Serif: base vetorial licenciada
U+21D2,⇒,RIGHTWARDS DOUBLE ARROW,DejaVu Serif: base vetorial licenciada
U+21D3,⇓,DOWNWARDS DOUBLE ARROW,DejaVu Serif: base vetorial licenciada
U+21D4,⇔,LEFT RIGHT DOUBLE ARROW,DejaVu Serif: base vetorial licenciada
U+21D5,⇕,UP DOWN DOUBLE ARROW,DejaVu Serif: base vetorial licenciada
U+21D6,⇖,NORTH WEST DOUBLE ARROW,DejaVu Serif: base vetorial licenciada
U+21D7,⇗,NORTH EAST DOUBLE ARROW,DejaVu Serif: base vetorial licenciada
U+21D8,⇘,SOUTH EAST DOUBLE ARROW,DejaVu Serif: base vetorial licenciada
U+21D9,⇙,SOUTH WEST DOUBLE ARROW,DejaVu Serif: base vetorial licenciada
U+21DA,⇚,LEFTWARDS TRIPLE ARROW,DejaVu Serif: base vetorial licenciada
U+21DB,⇛,RIGHTWARDS TRIPLE ARROW,DejaVu Serif: base vetorial licenciada
U+21DC,⇜,LEFTWARDS SQUIGGLE ARROW,DejaVu Serif: base vetorial licenciada
U+21DD,⇝,RIGHTWARDS SQUIGGLE ARROW,DejaVu Serif: base vetorial licenciada
U+21DE,⇞,UPWARDS ARROW WITH DOUBLE STROKE,DejaVu Serif: base vetorial licenciada
U+21DF,⇟,DOWNWARDS ARROW WITH DOUBLE STROKE,DejaVu Serif: base vetorial licenciada
U+21E0,⇠,LEFTWARDS DASHED ARROW,DejaVu Serif: base vetorial licenciada
U+21E1,⇡,UPWARDS DASHED ARROW,DejaVu Serif: base vetorial licenciada
U+21E2,⇢,RIGHTWARDS DASHED ARROW,DejaVu Serif: base vetorial licenciada
U+21E3,⇣,DOWNWARDS DASHED ARROW,DejaVu Serif: base vetorial licenciada
U+21E4,⇤,LEFTWARDS ARROW TO BAR,DejaVu Serif: base vetorial licenciada
U+21E5,⇥,RIGHTWARDS ARROW TO BAR,DejaVu Serif: base vetorial licenciada
U+21E6,⇦,LEFTWARDS WHITE ARROW,DejaVu Serif: base vetorial licenciada
U+21E7,⇧,UPWARDS WHITE ARROW,DejaVu Serif: base vetorial licenciada
U+21E8,⇨,RIGHTWARDS WHITE ARROW,DejaVu Serif: base vetorial licenciada
U+21E9,⇩,DOWNWARDS WHITE ARROW,DejaVu Serif: base vetorial licenciada
U+21EA,⇪,UPWARDS WHITE ARROW FROM BAR,DejaVu Serif: base vetorial licenciada
U+21EB,⇫,UPWARDS WHITE ARROW ON PEDESTAL,DejaVu Serif: base vetorial licenciada
U+21EC,⇬,UPWARDS WHITE ARROW ON PEDESTAL WITH HORIZONTAL BAR,DejaVu Serif: base vetorial licenciada
U+21ED,⇭,UPWARDS WHITE ARROW ON PEDESTAL WITH VERTICAL BAR,DejaVu Serif: base vetorial licenciada
U+21EE,⇮,UPWARDS WHITE DOUBLE ARROW,DejaVu Serif: base vetorial licenciada
U+21EF,⇯,UPWARDS WHITE DOUBLE ARROW ON PEDESTAL,DejaVu Serif: base vetorial licenciada
U+21F0,⇰,RIGHTWARDS WHITE ARROW FROM WALL,DejaVu Serif: base vetorial licenciada
U+21F1,⇱,NORTH WEST ARROW TO CORNER,DejaVu Serif: base vetorial licenciada
U+21F2,⇲,SOUTH EAST ARROW TO CORNER,DejaVu Serif: base vetorial licenciada
U+21F3,⇳,UP DOWN WHITE ARROW,DejaVu Serif: base vetorial licenciada
U+21F4,⇴,RIGHT ARROW WITH SMALL CIRCLE,DejaVu Serif: base vetorial licenciada
U+21F5,⇵,DOWNWARDS ARROW LEFTWARDS OF UPWARDS ARROW,DejaVu Serif: base vetorial licenciada
U+21F6,⇶,THREE RIGHTWARDS ARROWS,DejaVu Serif: base vetorial licenciada
U+21F7,⇷,LEFTWARDS ARROW WITH VERTICAL STROKE,DejaVu Serif: base vetorial licenciada
U+21F8,⇸,RIGHTWARDS ARROW WITH VERTICAL STROKE,DejaVu Serif: base vetorial licenciada
U+21F9,⇹,LEFT RIGHT ARROW WITH VERTICAL STROKE,DejaVu Serif: base vetorial licenciada
U+21FA,⇺,LEFTWARDS ARROW WITH DOUBLE VERTICAL STROKE,DejaVu Serif: base vetorial licenciada
U+21FB,⇻,RIGHTWARDS ARROW WITH DOUBLE VERTICAL STROKE,DejaVu Serif: base vetorial licenciada
U+21FC,⇼,LEFT RIGHT ARROW WITH DOUBLE VERTICAL STROKE,DejaVu Serif: base vetorial licenciada
U+21FD,⇽,LEFTWARDS OPEN-HEADED ARROW,DejaVu Serif: base vetorial licenciada
U+21FE,⇾,RIGHTWARDS OPEN-HEADED ARROW,DejaVu Serif: base vetorial licenciada
U+21FF,⇿,LEFT RIGHT OPEN-HEADED ARROW,DejaVu Serif: base vetorial licenciada
U+2200,∀,FOR ALL,DejaVu Serif: base vetorial licenciada
U+2201,∁,COMPLEMENT,Latin Modern Math: adaptação de escala; licença GUST
U+2202,∂,PARTIAL DIFFERENTIAL,DejaVu Serif: base vetorial licenciada
U+2203,∃,THERE EXISTS,DejaVu Serif: base vetorial licenciada
U+2204,∄,THERE DOES NOT EXIST,DejaVu Serif: base vetorial licenciada
U+2205,∅,EMPTY SET,Latin Modern Math: adaptação de escala; licença GUST
U+2206,∆,INCREMENT,DejaVu Serif: base vetorial licenciada
U+2207,∇,NABLA,DejaVu Serif: base vetorial licenciada
U+2208,∈,ELEMENT OF,DejaVu Serif: base vetorial licenciada
U+2209,∉,NOT AN ELEMENT OF,DejaVu Serif: base vetorial licenciada
U+220A,∊,SMALL ELEMENT OF,Latin Modern Math: adaptação de escala; licença GUST
U+220B,∋,CONTAINS AS MEMBER,DejaVu Serif: base vetorial licenciada
U+220C,∌,DOES NOT CONTAIN AS MEMBER,DejaVu Serif: base vetorial licenciada
U+220D,∍,SMALL CONTAINS AS MEMBER,Latin Modern Math: adaptação de escala; licença GUST
U+220E,∎,END OF PROOF,Latin Modern Math: adaptação de escala; licença GUST
U+220F,∏,N-ARY PRODUCT,DejaVu Serif: base vetorial licenciada
U+2210,∐,N-ARY COPRODUCT,DejaVu Serif: base vetorial licenciada
U+2211,∑,N-ARY SUMMATION,DejaVu Serif: base vetorial licenciada
U+2212,−,MINUS SIGN,DejaVu Serif: base vetorial licenciada
U+2213,∓,MINUS-OR-PLUS SIGN,DejaVu Serif: base vetorial licenciada
U+2214,∔,DOT PLUS,DejaVu Serif: base vetorial licenciada
U+2215,∕,DIVISION SLASH,DejaVu Serif: base vetorial licenciada
U+2216,∖,SET MINUS,Latin Modern Math: adaptação de escala; licença GUST
U+2217,∗,ASTERISK OPERATOR,DejaVu Serif: base vetorial licenciada
U+2218,∘,RING OPERATOR,DejaVu Serif: base vetorial licenciada
U+2219,∙,BULLET OPERATOR,DejaVu Serif: base vetorial licenciada
U+221A,√,SQUARE ROOT,DejaVu Serif: base vetorial licenciada
U+221B,∛,CUBE ROOT,DejaVu Serif: base vetorial licenciada
U+221C,∜,FOURTH ROOT,DejaVu Serif: base vetorial licenciada
U+221D,∝,PROPORTIONAL TO,DejaVu Serif: base vetorial licenciada
U+221E,∞,INFINITY,DejaVu Serif: base vetorial licenciada
U+221F,∟,RIGHT ANGLE,DejaVu Serif: base vetorial licenciada
U+2220,∠,ANGLE,DejaVu Serif: base vetorial licenciada
U+2221,∡,MEASURED ANGLE,Latin Modern Math: adaptação de escala; licença GUST
U+2222,∢,SPHERICAL ANGLE,Latin Modern Math: adaptação de escala; licença GUST
U+2223,∣,DIVIDES,DejaVu Serif: base vetorial licenciada
U+2224,∤,DOES NOT DIVIDE,DejaVu Serif: base vetorial licenciada
U+2225,∥,PARALLEL TO,DejaVu Serif: base vetorial licenciada
U+2226,∦,NOT PARALLEL TO,DejaVu Serif: base vetorial licenciada
U+2227,∧,LOGICAL AND,DejaVu Serif: base vetorial licenciada
U+2228,∨,LOGICAL OR,DejaVu Serif: base vetorial licenciada
U+2229,∩,INTERSECTION,DejaVu Serif: base vetorial licenciada
U+222A,∪,UNION,DejaVu Serif: base vetorial licenciada
U+222B,∫,INTEGRAL,DejaVu Serif: base vetorial licenciada
U+222C,∬,DOUBLE INTEGRAL,DejaVu Serif: base vetorial licenciada
U+222D,∭,TRIPLE INTEGRAL,DejaVu Serif: base vetorial licenciada
U+222E,∮,CONTOUR INTEGRAL,Latin Modern Math: adaptação de escala; licença GUST
U+222F,∯,SURFACE INTEGRAL,Latin Modern Math: adaptação de escala; licença GUST
U+2230,∰,VOLUME INTEGRAL,Latin Modern Math: adaptação de escala; licença GUST
U+2231,∱,CLOCKWISE INTEGRAL,Latin Modern Math: adaptação de escala; licença GUST
U+2232,∲,CLOCKWISE CONTOUR INTEGRAL,Latin Modern Math: adaptação de escala; licença GUST
U+2233,∳,ANTICLOCKWISE CONTOUR INTEGRAL,Latin Modern Math: adaptação de escala; licença GUST
U+2234,∴,THEREFORE,Latin Modern Math: adaptação de escala; licença GUST
U+2235,∵,BECAUSE,Latin Modern Math: adaptação de escala; licença GUST
U+2236,∶,RATIO,Latin Modern Math: adaptação de escala; licença GUST
U+2237,∷,PROPORTION,Latin Modern Math: adaptação de escala; licença GUST
U+2238,∸,DOT MINUS,DejaVu Serif: base vetorial licenciada
U+2239,∹,EXCESS,DejaVu Serif: base vetorial licenciada
U+223A,∺,GEOMETRIC PROPORTION,DejaVu Serif: base vetorial licenciada
U+223B,∻,HOMOTHETIC,DejaVu Serif: base vetorial licenciada
U+223C,∼,TILDE OPERATOR,DejaVu Serif: base vetorial licenciada
U+223D,∽,REVERSED TILDE,DejaVu Serif: base vetorial licenciada
U+223E,∾,INVERTED LAZY S,Latin Modern Math: adaptação de escala; licença GUST
U+223F,∿,SINE WAVE,Latin Modern Math: adaptação de escala; licença GUST
U+2240,≀,WREATH PRODUCT,Latin Modern Math: adaptação de escala; licença GUST
U+2241,≁,NOT TILDE,Latin Modern Math: adaptação de escala; licença GUST
U+2242,≂,MINUS TILDE,DejaVu Serif: base vetorial licenciada
U+2243,≃,ASYMPTOTICALLY EQUAL TO,DejaVu Serif: base vetorial licenciada
U+2244,≄,NOT ASYMPTOTICALLY EQUAL TO,Latin Modern Math: adaptação de escala; licença GUST
U+2245,≅,APPROXIMATELY EQUAL TO,Latin Modern Math: adaptação de escala; licença GUST
U+2246,≆,APPROXIMATELY BUT NOT ACTUALLY EQUAL TO,Latin Modern Math: adaptação de escala; licença GUST
U+2247,≇,NEITHER APPROXIMATELY NOR ACTUALLY EQUAL TO,Latin Modern Math: adaptação de escala; licença GUST
U+2248,≈,ALMOST EQUAL TO,DejaVu Serif: base vetorial licenciada
U+2249,≉,NOT ALMOST EQUAL TO,Latin Modern Math: adaptação de escala; licença GUST
U+224A,≊,ALMOST EQUAL OR EQUAL TO,Latin Modern Math: adaptação de escala; licença GUST
U+224B,≋,TRIPLE TILDE,Latin Modern Math: adaptação de escala; licença GUST
U+224C,≌,ALL EQUAL TO,Latin Modern Math: adaptação de escala; licença GUST
U+224D,≍,EQUIVALENT TO,Latin Modern Math: adaptação de escala; licença GUST
U+224E,≎,GEOMETRICALLY EQUIVALENT TO,Latin Modern Math: adaptação de escala; licença GUST
U+224F,≏,DIFFERENCE BETWEEN,Latin Modern Math: adaptação de escala; licença GUST
U+2250,≐,APPROACHES THE LIMIT,DejaVu Serif: base vetorial licenciada
U+2251,≑,GEOMETRICALLY EQUAL TO,DejaVu Serif: base vetorial licenciada
U+2252,≒,APPROXIMATELY EQUAL TO OR THE IMAGE OF,DejaVu Serif: base vetorial licenciada
U+2253,≓,IMAGE OF OR APPROXIMATELY EQUAL TO,DejaVu Serif: base vetorial licenciada
U+2254,≔,COLON EQUALS,DejaVu Serif: base vetorial licenciada
U+2255,≕,EQUALS COLON,DejaVu Serif: base vetorial licenciada
U+2256,≖,RING IN EQUAL TO,Latin Modern Math: adaptação de escala; licença GUST
U+2257,≗,RING EQUAL TO,Latin Modern Math: adaptação de escala; licença GUST
U+2258,≘,CORRESPONDS TO,Latin Modern Math: adaptação de escala; licença GUST
U+2259,≙,ESTIMATES,Latin Modern Math: adaptação de escala; licença GUST
U+225A,≚,EQUIANGULAR TO,Latin Modern Math: adaptação de escala; licença GUST
U+225B,≛,STAR EQUALS,Latin Modern Math: adaptação de escala; licença GUST
U+225C,≜,DELTA EQUAL TO,Latin Modern Math: adaptação de escala; licença GUST
U+225D,≝,EQUAL TO BY DEFINITION,Latin Modern Math: adaptação de escala; licença GUST
U+225E,≞,MEASURED BY,Latin Modern Math: adaptação de escala; licença GUST
U+225F,≟,QUESTIONED EQUAL TO,Latin Modern Math: adaptação de escala; licença GUST
U+2260,≠,NOT EQUAL TO,DejaVu Serif: base vetorial licenciada
U+2261,≡,IDENTICAL TO,DejaVu Serif: base vetorial licenciada
U+2262,≢,NOT IDENTICAL TO,Latin Modern Math: adaptação de escala; licença GUST
U+2263,≣,STRICTLY EQUIVALENT TO,Latin Modern Math: adaptação de escala; licença GUST
U+2264,≤,LESS-THAN OR EQUAL TO,DejaVu Serif: base vetorial licenciada
U+2265,≥,GREATER-THAN OR EQUAL TO,DejaVu Serif: base vetorial licenciada
U+2266,≦,LESS-THAN OVER EQUAL TO,Latin Modern Math: adaptação de escala; licença GUST
U+2267,≧,GREATER-THAN OVER EQUAL TO,Latin Modern Math: adaptação de escala; licença GUST
U+2268,≨,LESS-THAN BUT NOT EQUAL TO,Latin Modern Math: adaptação de escala; licença GUST
U+2269,≩,GREATER-THAN BUT NOT EQUAL TO,Latin Modern Math: adaptação de escala; licença GUST
U+226A,≪,MUCH LESS-THAN,Latin Modern Math: adaptação de escala; licença GUST
U+226B,≫,MUCH GREATER-THAN,Latin Modern Math: adaptação de escala; licença GUST
U+226C,≬,BETWEEN,Latin Modern Math: adaptação de escala; licença GUST
U+226D,≭,NOT EQUIVALENT TO,Latin Modern Math: adaptação de escala; licença GUST
U+226E,≮,NOT LESS-THAN,Latin Modern Math: adaptação de escala; licença GUST
U+226F,≯,NOT GREATER-THAN,Latin Modern Math: adaptação de escala; licença GUST
U+2270,≰,NEITHER LESS-THAN NOR EQUAL TO,Latin Modern Math: adaptação de escala; licença GUST
U+2271,≱,NEITHER GREATER-THAN NOR EQUAL TO,Latin Modern Math: adaptação de escala; licença GUST
U+2272,≲,LESS-THAN OR EQUIVALENT TO,Latin Modern Math: adaptação de escala; licença GUST
U+2273,≳,GREATER-THAN OR EQUIVALENT TO,Latin Modern Math: adaptação de escala; licença GUST
U+2274,≴,NEITHER LESS-THAN NOR EQUIVALENT TO,Latin Modern Math: adaptação de escala; licença GUST
U+2275,≵,NEITHER GREATER-THAN NOR EQUIVALENT TO,Latin Modern Math: adaptação de escala; licença GUST
U+2276,≶,LESS-THAN OR GREATER-THAN,Latin Modern Math: adaptação de escala; licença GUST
U+2277,≷,GREATER-THAN OR LESS-THAN,Latin Modern Math: adaptação de escala; licença GUST
U+2278,≸,NEITHER LESS-THAN NOR GREATER-THAN,Latin Modern Math: adaptação de escala; licença GUST
U+2279,≹,NEITHER GREATER-THAN NOR LESS-THAN,Latin Modern Math: adaptação de escala; licença GUST
U+227A,≺,PRECEDES,Latin Modern Math: adaptação de escala; licença GUST
U+227B,≻,SUCCEEDS,Latin Modern Math: adaptação de escala; licença GUST
U+227C,≼,PRECEDES OR EQUAL TO,Latin Modern Math: adaptação de escala; licença GUST
U+227D,≽,SUCCEEDS OR EQUAL TO,Latin Modern Math: adaptação de escala; licença GUST
U+227E,≾,PRECEDES OR EQUIVALENT TO,Latin Modern Math: adaptação de escala; licença GUST
U+227F,≿,SUCCEEDS OR EQUIVALENT TO,Latin Modern Math: adaptação de escala; licença GUST
U+2280,⊀,DOES NOT PRECEDE,Latin Modern Math: adaptação de escala; licença GUST
U+2281,⊁,DOES NOT SUCCEED,Latin Modern Math: adaptação de escala; licença GUST
U+2282,⊂,SUBSET OF,DejaVu Serif: base vetorial licenciada
U+2283,⊃,SUPERSET OF,DejaVu Serif: base vetorial licenciada
U+2284,⊄,NOT A SUBSET OF,DejaVu Serif: base vetorial licenciada
U+2285,⊅,NOT A SUPERSET OF,DejaVu Serif: base vetorial licenciada
U+2286,⊆,SUBSET OF OR EQUAL TO,DejaVu Serif: base vetorial licenciada
U+2287,⊇,SUPERSET OF OR EQUAL TO,DejaVu Serif: base vetorial licenciada
U+2288,⊈,NEITHER A SUBSET OF NOR EQUAL TO,Latin Modern Math: adaptação de escala; licença GUST
U+2289,⊉,NEITHER A SUPERSET OF NOR EQUAL TO,Latin Modern Math: adaptação de escala; licença GUST
U+228A,⊊,SUBSET OF WITH NOT EQUAL TO,Latin Modern Math: adaptação de escala; licença GUST
U+228B,⊋,SUPERSET OF WITH NOT EQUAL TO,Latin Modern Math: adaptação de escala; licença GUST
U+228C,⊌,MULTISET,DejaVu Serif: base vetorial licenciada
U+228D,⊍,MULTISET MULTIPLICATION,DejaVu Serif: base vetorial licenciada
U+228E,⊎,MULTISET UNION,DejaVu Serif: base vetorial licenciada
U+228F,⊏,SQUARE IMAGE OF,DejaVu Serif: base vetorial licenciada
U+2290,⊐,SQUARE ORIGINAL OF,DejaVu Serif: base vetorial licenciada
U+2291,⊑,SQUARE IMAGE OF OR EQUAL TO,DejaVu Serif: base vetorial licenciada
U+2292,⊒,SQUARE ORIGINAL OF OR EQUAL TO,DejaVu Serif: base vetorial licenciada
U+2293,⊓,SQUARE CAP,DejaVu Serif: base vetorial licenciada
U+2294,⊔,SQUARE CUP,DejaVu Serif: base vetorial licenciada
U+2295,⊕,CIRCLED PLUS,DejaVu Serif: base vetorial licenciada
U+2296,⊖,CIRCLED MINUS,DejaVu Serif: base vetorial licenciada
U+2297,⊗,CIRCLED TIMES,DejaVu Serif: base vetorial licenciada
U+2298,⊘,CIRCLED DIVISION SLASH,DejaVu Serif: base vetorial licenciada
U+2299,⊙,CIRCLED DOT OPERATOR,DejaVu Serif: base vetorial licenciada
U+229A,⊚,CIRCLED RING OPERATOR,DejaVu Serif: base vetorial licenciada
U+229B,⊛,CIRCLED ASTERISK OPERATOR,DejaVu Serif: base vetorial licenciada
U+229C,⊜,CIRCLED EQUALS,DejaVu Serif: base vetorial licenciada
U+229D,⊝,CIRCLED DASH,DejaVu Serif: base vetorial licenciada
U+229E,⊞,SQUARED PLUS,DejaVu Serif: base vetorial licenciada
U+229F,⊟,SQUARED MINUS,DejaVu Serif: base vetorial licenciada
U+22A0,⊠,SQUARED TIMES,DejaVu Serif: base vetorial licenciada
U+22A1,⊡,SQUARED DOT OPERATOR,DejaVu Serif: base vetorial licenciada
U+22A2,⊢,RIGHT TACK,DejaVu Serif: base vetorial licenciada
U+22A3,⊣,LEFT TACK,DejaVu Serif: base vetorial licenciada
U+22A4,⊤,DOWN TACK,DejaVu Serif: base vetorial licenciada
U+22A5,⊥,UP TACK,DejaVu Serif: base vetorial licenciada
U+22A6,⊦,ASSERTION,DejaVu Serif: base vetorial licenciada
U+22A7,⊧,MODELS,DejaVu Serif: base vetorial licenciada
U+22A8,⊨,TRUE,DejaVu Serif: base vetorial licenciada
U+22A9,⊩,FORCES,DejaVu Serif: base vetorial licenciada
U+22AA,⊪,TRIPLE VERTICAL BAR RIGHT TURNSTILE,DejaVu Serif: base vetorial licenciada
U+22AB,⊫,DOUBLE VERTICAL BAR DOUBLE RIGHT TURNSTILE,DejaVu Serif: base vetorial licenciada
U+22AC,⊬,DOES NOT PROVE,DejaVu Serif: base vetorial licenciada
U+22AD,⊭,NOT TRUE,DejaVu Serif: base vetorial licenciada
U+22AE,⊮,DOES NOT FORCE,DejaVu Serif: base vetorial licenciada
U+22AF,⊯,NEGATED DOUBLE VERTICAL BAR DOUBLE RIGHT TURNSTILE,DejaVu Serif: base vetorial licenciada
U+22B2,⊲,NORMAL SUBGROUP OF,Latin Modern Math: adaptação de escala; licença GUST
U+22B3,⊳,CONTAINS AS NORMAL SUBGROUP,Latin Modern Math: adaptação de escala; licença GUST
U+22B4,⊴,NORMAL SUBGROUP OF OR EQUAL TO,Latin Modern Math: adaptação de escala; licença GUST
U+22B5,⊵,CONTAINS AS NORMAL SUBGROUP OR EQUAL TO,Latin Modern Math: adaptação de escala; licença GUST
U+22B6,⊶,ORIGINAL OF,Latin Modern Math: adaptação de escala; licença GUST
U+22B7,⊷,IMAGE OF,Latin Modern Math: adaptação de escala; licença GUST
U+22B8,⊸,MULTIMAP,Latin Modern Math: adaptação de escala; licença GUST
U+22B9,⊹,HERMITIAN CONJUGATE MATRIX,Latin Modern Math: adaptação de escala; licença GUST
U+22BA,⊺,INTERCALATE,Latin Modern Math: adaptação de escala; licença GUST
U+22BB,⊻,XOR,Latin Modern Math: adaptação de escala; licença GUST
U+22BC,⊼,NAND,Latin Modern Math: adaptação de escala; licença GUST
U+22BD,⊽,NOR,Latin Modern Math: adaptação de escala; licença GUST
U+22BE,⊾,RIGHT ANGLE WITH ARC,Latin Modern Math: adaptação de escala; licença GUST
U+22BF,⊿,RIGHT TRIANGLE,Latin Modern Math: adaptação de escala; licença GUST
U+22C0,⋀,N-ARY LOGICAL AND,Latin Modern Math: adaptação de escala; licença GUST
U+22C1,⋁,N-ARY LOGICAL OR,Latin Modern Math: adaptação de escala; licença GUST
U+22C2,⋂,N-ARY INTERSECTION,Latin Modern Math: adaptação de escala; licença GUST
U+22C3,⋃,N-ARY UNION,Latin Modern Math: adaptação de escala; licença GUST
U+22C4,⋄,DIAMOND OPERATOR,DejaVu Serif: base vetorial licenciada
U+22C5,⋅,DOT OPERATOR,DejaVu Serif: base vetorial licenciada
U+22C6,⋆,STAR OPERATOR,Latin Modern Math: adaptação de escala; licença GUST
U+22C7,⋇,DIVISION TIMES,Latin Modern Math: adaptação de escala; licença GUST
U+22C8,⋈,BOWTIE,Latin Modern Math: adaptação de escala; licença GUST
U+22C9,⋉,LEFT NORMAL FACTOR SEMIDIRECT PRODUCT,Latin Modern Math: adaptação de escala; licença GUST
U+22CA,⋊,RIGHT NORMAL FACTOR SEMIDIRECT PRODUCT,Latin Modern Math: adaptação de escala; licença GUST
U+22CB,⋋,LEFT SEMIDIRECT PRODUCT,Latin Modern Math: adaptação de escala; licença GUST
U+22CC,⋌,RIGHT SEMIDIRECT PRODUCT,Latin Modern Math: adaptação de escala; licença GUST
U+22CD,⋍,REVERSED TILDE EQUALS,Latin Modern Math: adaptação de escala; licença GUST
U+22CE,⋎,CURLY LOGICAL OR,Latin Modern Math: adaptação de escala; licença GUST
U+22CF,⋏,CURLY LOGICAL AND,Latin Modern Math: adaptação de escala; licença GUST
U+22D0,⋐,DOUBLE SUBSET,Latin Modern Math: adaptação de escala; licença GUST
U+22D1,⋑,DOUBLE SUPERSET,Latin Modern Math: adaptação de escala; licença GUST
U+22D2,⋒,DOUBLE INTERSECTION,Latin Modern Math: adaptação de escala; licença GUST
U+22D3,⋓,DOUBLE UNION,Latin Modern Math: adaptação de escala; licença GUST
U+22D5,⋕,EQUAL AND PARALLEL TO,Latin Modern Math: adaptação de escala; licença GUST
U+22D6,⋖,LESS-THAN WITH DOT,Latin Modern Math: adaptação de escala; licença GUST
U+22D7,⋗,GREATER-THAN WITH DOT,Latin Modern Math: adaptação de escala; licença GUST
U+22D8,⋘,VERY MUCH LESS-THAN,Latin Modern Math: adaptação de escala; licença GUST
U+22D9,⋙,VERY MUCH GREATER-THAN,Latin Modern Math: adaptação de escala; licença GUST
U+22DA,⋚,LESS-THAN EQUAL TO OR GREATER-THAN,Latin Modern Math: adaptação de escala; licença GUST
U+22DB,⋛,GREATER-THAN EQUAL TO OR LESS-THAN,Latin Modern Math: adaptação de escala; licença GUST
U+22DC,⋜,EQUAL TO OR LESS-THAN,Latin Modern Math: adaptação de escala; licença GUST
U+22DD,⋝,EQUAL TO OR GREATER-THAN,Latin Modern Math: adaptação de escala; licença GUST
U+22DE,⋞,EQUAL TO OR PRECEDES,Latin Modern Math: adaptação de escala; licença GUST
U+22DF,⋟,EQUAL TO OR SUCCEEDS,Latin Modern Math: adaptação de escala; licença GUST
U+22E0,⋠,DOES NOT PRECEDE OR EQUAL,Latin Modern Math: adaptação de escala; licença GUST
U+22E1,⋡,DOES NOT SUCCEED OR EQUAL,Latin Modern Math: adaptação de escala; licença GUST
U+22E2,⋢,NOT SQUARE IMAGE OF OR EQUAL TO,Latin Modern Math: adaptação de escala; licença GUST
U+22E3,⋣,NOT SQUARE ORIGINAL OF OR EQUAL TO,Latin Modern Math: adaptação de escala; licença GUST
U+22E4,⋤,SQUARE IMAGE OF OR NOT EQUAL TO,Latin Modern Math: adaptação de escala; licença GUST
U+22E5,⋥,SQUARE ORIGINAL OF OR NOT EQUAL TO,Latin Modern Math: adaptação de escala; licença GUST
U+22E6,⋦,LESS-THAN BUT NOT EQUIVALENT TO,Latin Modern Math: adaptação de escala; licença GUST
U+22E7,⋧,GREATER-THAN BUT NOT EQUIVALENT TO,Latin Modern Math: adaptação de escala; licença GUST
U+22E8,⋨,PRECEDES BUT NOT EQUIVALENT TO,Latin Modern Math: adaptação de escala; licença GUST
U+22E9,⋩,SUCCEEDS BUT NOT EQUIVALENT TO,Latin Modern Math: adaptação de escala; licença GUST
U+22EA,⋪,NOT NORMAL SUBGROUP OF,Latin Modern Math: adaptação de escala; licença GUST
U+22EB,⋫,DOES NOT CONTAIN AS NORMAL SUBGROUP,Latin Modern Math: adaptação de escala; licença GUST
U+22EC,⋬,NOT NORMAL SUBGROUP OF OR EQUAL TO,Latin Modern Math: adaptação de escala; licença GUST
U+22ED,⋭,DOES NOT CONTAIN AS NORMAL SUBGROUP OR EQUAL,Latin Modern Math: adaptação de escala; licença GUST
U+22EE,⋮,VERTICAL ELLIPSIS,Latin Modern Math: adaptação de escala; licença GUST
U+22EF,⋯,MIDLINE HORIZONTAL ELLIPSIS,Latin Modern Math: adaptação de escala; licença GUST
U+22F0,⋰,UP RIGHT DIAGONAL ELLIPSIS,Latin Modern Math: adaptação de escala; licença GUST
U+22F1,⋱,DOWN RIGHT DIAGONAL ELLIPSIS,Latin Modern Math: adaptação de escala; licença GUST
U+2300,⌀,DIAMETER SIGN,Latin Modern Math: adaptação de escala; licença GUST
U+2302,⌂,HOUSE,DejaVu Serif: base vetorial licenciada
U+2305,⌅,PROJECTIVE,Latin Modern Math: adaptação de escala; licença GUST
U+2306,⌆,PERSPECTIVE,Latin Modern Math: adaptação de escala; licença GUST
U+2308,⌈,LEFT CEILING,DejaVu Serif: base vetorial licenciada
U+2309,⌉,RIGHT CEILING,DejaVu Serif: base vetorial licenciada
U+230A,⌊,LEFT FLOOR,DejaVu Serif: base vetorial licenciada
U+230B,⌋,RIGHT FLOOR,DejaVu Serif: base vetorial licenciada
U+2310,⌐,REVERSED NOT SIGN,DejaVu Serif: base vetorial licenciada
U+2311,⌑,SQUARE LOZENGE,DejaVu Serif: base vetorial licenciada
U+2318,⌘,PLACE OF INTEREST SIGN,DejaVu Serif: base vetorial licenciada
U+2319,⌙,TURNED NOT SIGN,DejaVu Serif: base vetorial licenciada
U+231C,⌜,TOP LEFT CORNER,Latin Modern Math: adaptação de escala; licença GUST
U+231D,⌝,TOP RIGHT CORNER,Latin Modern Math: adaptação de escala; licença GUST
U+231E,⌞,BOTTOM LEFT CORNER,Latin Modern Math: adaptação de escala; licença GUST
U+231F,⌟,BOTTOM RIGHT CORNER,Latin Modern Math: adaptação de escala; licença GUST
U+2320,⌠,TOP HALF INTEGRAL,DejaVu Serif: base vetorial licenciada
U+2321,⌡,BOTTOM HALF INTEGRAL,DejaVu Serif: base vetorial licenciada
U+2322,⌢,FROWN,Latin Modern Math: adaptação de escala; licença GUST
U+2323,⌣,SMILE,Latin Modern Math: adaptação de escala; licença GUST
U+2325,⌥,OPTION KEY,DejaVu Serif: base vetorial licenciada
U+2328,⌨,KEYBOARD,DejaVu Serif: base vetorial licenciada
U+2329,〈,LEFT-POINTING ANGLE BRACKET,Latin Modern Math: adaptação de escala; licença GUST
U+232A,〉,RIGHT-POINTING ANGLE BRACKET,Latin Modern Math: adaptação de escala; licença GUST
U+237D,⍽,SHOULDERED OPEN BOX,DejaVu Serif: base vetorial licenciada
U+239B,⎛,LEFT PARENTHESIS UPPER HOOK,DejaVu Serif: base vetorial licenciada
U+239C,⎜,LEFT PARENTHESIS EXTENSION,DejaVu Serif: base vetorial licenciada
U+239D,⎝,LEFT PARENTHESIS LOWER HOOK,DejaVu Serif: base vetorial licenciada
U+239E,⎞,RIGHT PARENTHESIS UPPER HOOK,DejaVu Serif: base vetorial licenciada
U+239F,⎟,RIGHT PARENTHESIS EXTENSION,DejaVu Serif: base vetorial licenciada
U+23A0,⎠,RIGHT PARENTHESIS LOWER HOOK,DejaVu Serif: base vetorial licenciada
U+23A1,⎡,LEFT SQUARE BRACKET UPPER CORNER,DejaVu Serif: base vetorial licenciada
U+23A2,⎢,LEFT SQUARE BRACKET EXTENSION,DejaVu Serif: base vetorial licenciada
U+23A3,⎣,LEFT SQUARE BRACKET LOWER CORNER,DejaVu Serif: base vetorial licenciada
U+23A4,⎤,RIGHT SQUARE BRACKET UPPER CORNER,DejaVu Serif: base vetorial licenciada
U+23A5,⎥,RIGHT SQUARE BRACKET EXTENSION,DejaVu Serif: base vetorial licenciada
U+23A6,⎦,RIGHT SQUARE BRACKET LOWER CORNER,DejaVu Serif: base vetorial licenciada
U+23A7,⎧,LEFT CURLY BRACKET UPPER HOOK,DejaVu Serif: base vetorial licenciada
U+23A8,⎨,LEFT CURLY BRACKET MIDDLE PIECE,DejaVu Serif: base vetorial licenciada
U+23A9,⎩,LEFT CURLY BRACKET LOWER HOOK,DejaVu Serif: base vetorial licenciada
U+23AA,⎪,CURLY BRACKET EXTENSION,DejaVu Serif: base vetorial licenciada
U+23AB,⎫,RIGHT CURLY BRACKET UPPER HOOK,DejaVu Serif: base vetorial licenciada
U+23AC,⎬,RIGHT CURLY BRACKET MIDDLE PIECE,DejaVu Serif: base vetorial licenciada
U+23AD,⎭,RIGHT CURLY BRACKET LOWER HOOK,DejaVu Serif: base vetorial licenciada
U+23AE,⎮,INTEGRAL EXTENSION,DejaVu Serif: base vetorial licenciada
U+23B2,⎲,SUMMATION TOP,Latin Modern Math: adaptação de escala; licença GUST
U+23B3,⎳,SUMMATION BOTTOM,Latin Modern Math: adaptação de escala; licença GUST
U+23B4,⎴,TOP SQUARE BRACKET,Latin Modern Math: adaptação de escala; licença GUST
U+23B5,⎵,BOTTOM SQUARE BRACKET,Latin Modern Math: adaptação de escala; licença GUST
U+23B7,⎷,RADICAL SYMBOL BOTTOM,DejaVu Serif: base vetorial licenciada
U+23CF,⏏,EJECT SYMBOL,DejaVu Serif: base vetorial licenciada
U+23D0,⏐,VERTICAL LINE EXTENSION,Latin Modern Math: adaptação de escala; licença GUST
U+23DC,⏜,TOP PARENTHESIS,Latin Modern Math: adaptação de escala; licença GUST
U+23DD,⏝,BOTTOM PARENTHESIS,Latin Modern Math: adaptação de escala; licença GUST
U+23DE,⏞,TOP CURLY BRACKET,Latin Modern Math: adaptação de escala; licença GUST
U+23DF,⏟,BOTTOM CURLY BRACKET,Latin Modern Math: adaptação de escala; licença GUST
U+23E0,⏠,TOP TORTOISE SHELL BRACKET,Latin Modern Math: adaptação de escala; licença GUST
U+23E1,⏡,BOTTOM TORTOISE SHELL BRACKET,Latin Modern Math: adaptação de escala; licença GUST
U+2422,␢,BLANK SYMBOL,Latin Modern Math: adaptação de escala; licença GUST
U+2423,␣,OPEN BOX,DejaVu Serif: base vetorial licenciada
U+2500,─,BOX DRAWINGS LIGHT HORIZONTAL,DejaVu Serif: base vetorial licenciada
U+2501,━,BOX DRAWINGS HEAVY HORIZONTAL,DejaVu Serif: base vetorial licenciada
U+2502,│,BOX DRAWINGS LIGHT VERTICAL,DejaVu Serif: base vetorial licenciada
U+2503,┃,BOX DRAWINGS HEAVY VERTICAL,DejaVu Serif: base vetorial licenciada
U+2504,┄,BOX DRAWINGS LIGHT TRIPLE DASH HORIZONTAL,DejaVu Serif: base vetorial licenciada
U+2505,┅,BOX DRAWINGS HEAVY TRIPLE DASH HORIZONTAL,DejaVu Serif: base vetorial licenciada
U+2506,┆,BOX DRAWINGS LIGHT TRIPLE DASH VERTICAL,DejaVu Serif: base vetorial licenciada
U+2507,┇,BOX DRAWINGS HEAVY TRIPLE DASH VERTICAL,DejaVu Serif: base vetorial licenciada
U+2508,┈,BOX DRAWINGS LIGHT QUADRUPLE DASH HORIZONTAL,DejaVu Serif: base vetorial licenciada
U+2509,┉,BOX DRAWINGS HEAVY QUADRUPLE DASH HORIZONTAL,DejaVu Serif: base vetorial licenciada
U+250A,┊,BOX DRAWINGS LIGHT QUADRUPLE DASH VERTICAL,DejaVu Serif: base vetorial licenciada
U+250B,┋,BOX DRAWINGS HEAVY QUADRUPLE DASH VERTICAL,DejaVu Serif: base vetorial licenciada
U+250C,┌,BOX DRAWINGS LIGHT DOWN AND RIGHT,DejaVu Serif: base vetorial licenciada
U+250D,┍,BOX DRAWINGS DOWN LIGHT AND RIGHT HEAVY,DejaVu Serif: base vetorial licenciada
U+250E,┎,BOX DRAWINGS DOWN HEAVY AND RIGHT LIGHT,DejaVu Serif: base vetorial licenciada
U+250F,┏,BOX DRAWINGS HEAVY DOWN AND RIGHT,DejaVu Serif: base vetorial licenciada
U+2510,┐,BOX DRAWINGS LIGHT DOWN AND LEFT,DejaVu Serif: base vetorial licenciada
U+2511,┑,BOX DRAWINGS DOWN LIGHT AND LEFT HEAVY,DejaVu Serif: base vetorial licenciada
U+2512,┒,BOX DRAWINGS DOWN HEAVY AND LEFT LIGHT,DejaVu Serif: base vetorial licenciada
U+2513,┓,BOX DRAWINGS HEAVY DOWN AND LEFT,DejaVu Serif: base vetorial licenciada
U+2514,└,BOX DRAWINGS LIGHT UP AND RIGHT,DejaVu Serif: base vetorial licenciada
U+2515,┕,BOX DRAWINGS UP LIGHT AND RIGHT HEAVY,DejaVu Serif: base vetorial licenciada
U+2516,┖,BOX DRAWINGS UP HEAVY AND RIGHT LIGHT,DejaVu Serif: base vetorial licenciada
U+2517,┗,BOX DRAWINGS HEAVY UP AND RIGHT,DejaVu Serif: base vetorial licenciada
U+2518,┘,BOX DRAWINGS LIGHT UP AND LEFT,DejaVu Serif: base vetorial licenciada
U+2519,┙,BOX DRAWINGS UP LIGHT AND LEFT HEAVY,DejaVu Serif: base vetorial licenciada
U+251A,┚,BOX DRAWINGS UP HEAVY AND LEFT LIGHT,DejaVu Serif: base vetorial licenciada
U+251B,┛,BOX DRAWINGS HEAVY UP AND LEFT,DejaVu Serif: base vetorial licenciada
U+251C,├,BOX DRAWINGS LIGHT VERTICAL AND RIGHT,DejaVu Serif: base vetorial licenciada
U+251D,┝,BOX DRAWINGS VERTICAL LIGHT AND RIGHT HEAVY,DejaVu Serif: base vetorial licenciada
U+251E,┞,BOX DRAWINGS UP HEAVY AND RIGHT DOWN LIGHT,DejaVu Serif: base vetorial licenciada
U+251F,┟,BOX DRAWINGS DOWN HEAVY AND RIGHT UP LIGHT,DejaVu Serif: base vetorial licenciada
U+2520,┠,BOX DRAWINGS VERTICAL HEAVY AND RIGHT LIGHT,DejaVu Serif: base vetorial licenciada
U+2521,┡,BOX DRAWINGS DOWN LIGHT AND RIGHT UP HEAVY,DejaVu Serif: base vetorial licenciada
U+2522,┢,BOX DRAWINGS UP LIGHT AND RIGHT DOWN HEAVY,DejaVu Serif: base vetorial licenciada
U+2523,┣,BOX DRAWINGS HEAVY VERTICAL AND RIGHT,DejaVu Serif: base vetorial licenciada
U+2524,┤,BOX DRAWINGS LIGHT VERTICAL AND LEFT,DejaVu Serif: base vetorial licenciada
U+2525,┥,BOX DRAWINGS VERTICAL LIGHT AND LEFT HEAVY,DejaVu Serif: base vetorial licenciada
U+2526,┦,BOX DRAWINGS UP HEAVY AND LEFT DOWN LIGHT,DejaVu Serif: base vetorial licenciada
U+2527,┧,BOX DRAWINGS DOWN HEAVY AND LEFT UP LIGHT,DejaVu Serif: base vetorial licenciada
U+2528,┨,BOX DRAWINGS VERTICAL HEAVY AND LEFT LIGHT,DejaVu Serif: base vetorial licenciada
U+2529,┩,BOX DRAWINGS DOWN LIGHT AND LEFT UP HEAVY,DejaVu Serif: base vetorial licenciada
U+252A,┪,BOX DRAWINGS UP LIGHT AND LEFT DOWN HEAVY,DejaVu Serif: base vetorial licenciada
U+252B,┫,BOX DRAWINGS HEAVY VERTICAL AND LEFT,DejaVu Serif: base vetorial licenciada
U+252C,┬,BOX DRAWINGS LIGHT DOWN AND HORIZONTAL,DejaVu Serif: base vetorial licenciada
U+252D,┭,BOX DRAWINGS LEFT HEAVY AND RIGHT DOWN LIGHT,DejaVu Serif: base vetorial licenciada
U+252E,┮,BOX DRAWINGS RIGHT HEAVY AND LEFT DOWN LIGHT,DejaVu Serif: base vetorial licenciada
U+252F,┯,BOX DRAWINGS DOWN LIGHT AND HORIZONTAL HEAVY,DejaVu Serif: base vetorial licenciada
U+2530,┰,BOX DRAWINGS DOWN HEAVY AND HORIZONTAL LIGHT,DejaVu Serif: base vetorial licenciada
U+2531,┱,BOX DRAWINGS RIGHT LIGHT AND LEFT DOWN HEAVY,DejaVu Serif: base vetorial licenciada
U+2532,┲,BOX DRAWINGS LEFT LIGHT AND RIGHT DOWN HEAVY,DejaVu Serif: base vetorial licenciada
U+2533,┳,BOX DRAWINGS HEAVY DOWN AND HORIZONTAL,DejaVu Serif: base vetorial licenciada
U+2534,┴,BOX DRAWINGS LIGHT UP AND HORIZONTAL,DejaVu Serif: base vetorial licenciada
U+2535,┵,BOX DRAWINGS LEFT HEAVY AND RIGHT UP LIGHT,DejaVu Serif: base vetorial licenciada
U+2536,┶,BOX DRAWINGS RIGHT HEAVY AND LEFT UP LIGHT,DejaVu Serif: base vetorial licenciada
U+2537,┷,BOX DRAWINGS UP LIGHT AND HORIZONTAL HEAVY,DejaVu Serif: base vetorial licenciada
U+2538,┸,BOX DRAWINGS UP HEAVY AND HORIZONTAL LIGHT,DejaVu Serif: base vetorial licenciada
U+2539,┹,BOX DRAWINGS RIGHT LIGHT AND LEFT UP HEAVY,DejaVu Serif: base vetorial licenciada
U+253A,┺,BOX DRAWINGS LEFT LIGHT AND RIGHT UP HEAVY,DejaVu Serif: base vetorial licenciada
U+253B,┻,BOX DRAWINGS HEAVY UP AND HORIZONTAL,DejaVu Serif: base vetorial licenciada
U+253C,┼,BOX DRAWINGS LIGHT VERTICAL AND HORIZONTAL,DejaVu Serif: base vetorial licenciada
U+253D,┽,BOX DRAWINGS LEFT HEAVY AND RIGHT VERTICAL LIGHT,DejaVu Serif: base vetorial licenciada
U+253E,┾,BOX DRAWINGS RIGHT HEAVY AND LEFT VERTICAL LIGHT,DejaVu Serif: base vetorial licenciada
U+253F,┿,BOX DRAWINGS VERTICAL LIGHT AND HORIZONTAL HEAVY,DejaVu Serif: base vetorial licenciada
U+2540,╀,BOX DRAWINGS UP HEAVY AND DOWN HORIZONTAL LIGHT,DejaVu Serif: base vetorial licenciada
U+2541,╁,BOX DRAWINGS DOWN HEAVY AND UP HORIZONTAL LIGHT,DejaVu Serif: base vetorial licenciada
U+2542,╂,BOX DRAWINGS VERTICAL HEAVY AND HORIZONTAL LIGHT,DejaVu Serif: base vetorial licenciada
U+2543,╃,BOX DRAWINGS LEFT UP HEAVY AND RIGHT DOWN LIGHT,DejaVu Serif: base vetorial licenciada
U+2544,╄,BOX DRAWINGS RIGHT UP HEAVY AND LEFT DOWN LIGHT,DejaVu Serif: base vetorial licenciada
U+2545,╅,BOX DRAWINGS LEFT DOWN HEAVY AND RIGHT UP LIGHT,DejaVu Serif: base vetorial licenciada
U+2546,╆,BOX DRAWINGS RIGHT DOWN HEAVY AND LEFT UP LIGHT,DejaVu Serif: base vetorial licenciada
U+2547,╇,BOX DRAWINGS DOWN LIGHT AND UP HORIZONTAL HEAVY,DejaVu Serif: base vetorial licenciada
U+2548,╈,BOX DRAWINGS UP LIGHT AND DOWN HORIZONTAL HEAVY,DejaVu Serif: base vetorial licenciada
U+2549,╉,BOX DRAWINGS RIGHT LIGHT AND LEFT VERTICAL HEAVY,DejaVu Serif: base vetorial licenciada
U+254A,╊,BOX DRAWINGS LEFT LIGHT AND RIGHT VERTICAL HEAVY,DejaVu Serif: base vetorial licenciada
U+254B,╋,BOX DRAWINGS HEAVY VERTICAL AND HORIZONTAL,DejaVu Serif: base vetorial licenciada
U+254C,╌,BOX DRAWINGS LIGHT DOUBLE DASH HORIZONTAL,DejaVu Serif: base vetorial licenciada
U+254D,╍,BOX DRAWINGS HEAVY DOUBLE DASH HORIZONTAL,DejaVu Serif: base vetorial licenciada
U+254E,╎,BOX DRAWINGS LIGHT DOUBLE DASH VERTICAL,DejaVu Serif: base vetorial licenciada
U+254F,╏,BOX DRAWINGS HEAVY DOUBLE DASH VERTICAL,DejaVu Serif: base vetorial licenciada
U+2550,═,BOX DRAWINGS DOUBLE HORIZONTAL,DejaVu Serif: base vetorial licenciada
U+2551,║,BOX DRAWINGS DOUBLE VERTICAL,DejaVu Serif: base vetorial licenciada
U+2552,╒,BOX DRAWINGS DOWN SINGLE AND RIGHT DOUBLE,DejaVu Serif: base vetorial licenciada
U+2553,╓,BOX DRAWINGS DOWN DOUBLE AND RIGHT SINGLE,DejaVu Serif: base vetorial licenciada
U+2554,╔,BOX DRAWINGS DOUBLE DOWN AND RIGHT,DejaVu Serif: base vetorial licenciada
U+2555,╕,BOX DRAWINGS DOWN SINGLE AND LEFT DOUBLE,DejaVu Serif: base vetorial licenciada
U+2556,╖,BOX DRAWINGS DOWN DOUBLE AND LEFT SINGLE,DejaVu Serif: base vetorial licenciada
U+2557,╗,BOX DRAWINGS DOUBLE DOWN AND LEFT,DejaVu Serif: base vetorial licenciada
U+2558,╘,BOX DRAWINGS UP SINGLE AND RIGHT DOUBLE,DejaVu Serif: base vetorial licenciada
U+2559,╙,BOX DRAWINGS UP DOUBLE AND RIGHT SINGLE,DejaVu Serif: base vetorial licenciada
U+255A,╚,BOX DRAWINGS DOUBLE UP AND RIGHT,DejaVu Serif: base vetorial licenciada
U+255B,╛,BOX DRAWINGS UP SINGLE AND LEFT DOUBLE,DejaVu Serif: base vetorial licenciada
U+255C,╜,BOX DRAWINGS UP DOUBLE AND LEFT SINGLE,DejaVu Serif: base vetorial licenciada
U+255D,╝,BOX DRAWINGS DOUBLE UP AND LEFT,DejaVu Serif: base vetorial licenciada
U+255E,╞,BOX DRAWINGS VERTICAL SINGLE AND RIGHT DOUBLE,DejaVu Serif: base vetorial licenciada
U+255F,╟,BOX DRAWINGS VERTICAL DOUBLE AND RIGHT SINGLE,DejaVu Serif: base vetorial licenciada
U+2560,╠,BOX DRAWINGS DOUBLE VERTICAL AND RIGHT,DejaVu Serif: base vetorial licenciada
U+2561,╡,BOX DRAWINGS VERTICAL SINGLE AND LEFT DOUBLE,DejaVu Serif: base vetorial licenciada
U+2562,╢,BOX DRAWINGS VERTICAL DOUBLE AND LEFT SINGLE,DejaVu Serif: base vetorial licenciada
U+2563,╣,BOX DRAWINGS DOUBLE VERTICAL AND LEFT,DejaVu Serif: base vetorial licenciada
U+2564,╤,BOX DRAWINGS DOWN SINGLE AND HORIZONTAL DOUBLE,DejaVu Serif: base vetorial licenciada
U+2565,╥,BOX DRAWINGS DOWN DOUBLE AND HORIZONTAL SINGLE,DejaVu Serif: base vetorial licenciada
U+2566,╦,BOX DRAWINGS DOUBLE DOWN AND HORIZONTAL,DejaVu Serif: base vetorial licenciada
U+2567,╧,BOX DRAWINGS UP SINGLE AND HORIZONTAL DOUBLE,DejaVu Serif: base vetorial licenciada
U+2568,╨,BOX DRAWINGS UP DOUBLE AND HORIZONTAL SINGLE,DejaVu Serif: base vetorial licenciada
U+2569,╩,BOX DRAWINGS DOUBLE UP AND HORIZONTAL,DejaVu Serif: base vetorial licenciada
U+256A,╪,BOX DRAWINGS VERTICAL SINGLE AND HORIZONTAL DOUBLE,DejaVu Serif: base vetorial licenciada
U+256B,╫,BOX DRAWINGS VERTICAL DOUBLE AND HORIZONTAL SINGLE,DejaVu Serif: base vetorial licenciada
U+256C,╬,BOX DRAWINGS DOUBLE VERTICAL AND HORIZONTAL,DejaVu Serif: base vetorial licenciada
U+256D,╭,BOX DRAWINGS LIGHT ARC DOWN AND RIGHT,DejaVu Serif: base vetorial licenciada
U+256E,╮,BOX DRAWINGS LIGHT ARC DOWN AND LEFT,DejaVu Serif: base vetorial licenciada
U+256F,╯,BOX DRAWINGS LIGHT ARC UP AND LEFT,DejaVu Serif: base vetorial licenciada
U+2570,╰,BOX DRAWINGS LIGHT ARC UP AND RIGHT,DejaVu Serif: base vetorial licenciada
U+2571,╱,BOX DRAWINGS LIGHT DIAGONAL UPPER RIGHT TO LOWER LEFT,DejaVu Serif: base vetorial licenciada
U+2572,╲,BOX DRAWINGS LIGHT DIAGONAL UPPER LEFT TO LOWER RIGHT,DejaVu Serif: base vetorial licenciada
U+2573,╳,BOX DRAWINGS LIGHT DIAGONAL CROSS,DejaVu Serif: base vetorial licenciada
U+2574,╴,BOX DRAWINGS LIGHT LEFT,DejaVu Serif: base vetorial licenciada
U+2575,╵,BOX DRAWINGS LIGHT UP,DejaVu Serif: base vetorial licenciada
U+2576,╶,BOX DRAWINGS LIGHT RIGHT,DejaVu Serif: base vetorial licenciada
U+2577,╷,BOX DRAWINGS LIGHT DOWN,DejaVu Serif: base vetorial licenciada
U+2578,╸,BOX DRAWINGS HEAVY LEFT,DejaVu Serif: base vetorial licenciada
U+2579,╹,BOX DRAWINGS HEAVY UP,DejaVu Serif: base vetorial licenciada
U+257A,╺,BOX DRAWINGS HEAVY RIGHT,DejaVu Serif: base vetorial licenciada
U+257B,╻,BOX DRAWINGS HEAVY DOWN,DejaVu Serif: base vetorial licenciada
U+257C,╼,BOX DRAWINGS LIGHT LEFT AND HEAVY RIGHT,DejaVu Serif: base vetorial licenciada
U+257D,╽,BOX DRAWINGS LIGHT UP AND HEAVY DOWN,DejaVu Serif: base vetorial licenciada
U+257E,╾,BOX DRAWINGS HEAVY LEFT AND LIGHT RIGHT,DejaVu Serif: base vetorial licenciada
U+257F,╿,BOX DRAWINGS HEAVY UP AND LIGHT DOWN,DejaVu Serif: base vetorial licenciada
U+2580,▀,UPPER HALF BLOCK,DejaVu Serif: base vetorial licenciada
U+2581,▁,LOWER ONE EIGHTH BLOCK,DejaVu Serif: base vetorial licenciada
U+2582,▂,LOWER ONE QUARTER BLOCK,DejaVu Serif: base vetorial licenciada
U+2583,▃,LOWER THREE EIGHTHS BLOCK,DejaVu Serif: base vetorial licenciada
U+2584,▄,LOWER HALF BLOCK,DejaVu Serif: base vetorial licenciada
U+2585,▅,LOWER FIVE EIGHTHS BLOCK,DejaVu Serif: base vetorial licenciada
U+2586,▆,LOWER THREE QUARTERS BLOCK,DejaVu Serif: base vetorial licenciada
U+2587,▇,LOWER SEVEN EIGHTHS BLOCK,DejaVu Serif: base vetorial licenciada
U+2588,█,FULL BLOCK,DejaVu Serif: base vetorial licenciada
U+2589,▉,LEFT SEVEN EIGHTHS BLOCK,DejaVu Serif: base vetorial licenciada
U+258A,▊,LEFT THREE QUARTERS BLOCK,DejaVu Serif: base vetorial licenciada
U+258B,▋,LEFT FIVE EIGHTHS BLOCK,DejaVu Serif: base vetorial licenciada
U+258C,▌,LEFT HALF BLOCK,DejaVu Serif: base vetorial licenciada
U+258D,▍,LEFT THREE EIGHTHS BLOCK,DejaVu Serif: base vetorial licenciada
U+258E,▎,LEFT ONE QUARTER BLOCK,DejaVu Serif: base vetorial licenciada
U+258F,▏,LEFT ONE EIGHTH BLOCK,DejaVu Serif: base vetorial licenciada
U+2590,▐,RIGHT HALF BLOCK,DejaVu Serif: base vetorial licenciada
U+2591,░,LIGHT SHADE,DejaVu Serif: base vetorial licenciada
U+2592,▒,MEDIUM SHADE,DejaVu Serif: base vetorial licenciada
U+2593,▓,DARK SHADE,DejaVu Serif: base vetorial licenciada
U+2594,▔,UPPER ONE EIGHTH BLOCK,DejaVu Serif: base vetorial licenciada
U+2595,▕,RIGHT ONE EIGHTH BLOCK,DejaVu Serif: base vetorial licenciada
U+2596,▖,QUADRANT LOWER LEFT,DejaVu Serif: base vetorial licenciada
U+2597,▗,QUADRANT LOWER RIGHT,DejaVu Serif: base vetorial licenciada
U+2598,▘,QUADRANT UPPER LEFT,DejaVu Serif: base vetorial licenciada
U+2599,▙,QUADRANT UPPER LEFT AND LOWER LEFT AND LOWER RIGHT,DejaVu Serif: base vetorial licenciada
U+259A,▚,QUADRANT UPPER LEFT AND LOWER RIGHT,DejaVu Serif: base vetorial licenciada
U+259B,▛,QUADRANT UPPER LEFT AND UPPER RIGHT AND LOWER LEFT,DejaVu Serif: base vetorial licenciada
U+259C,▜,QUADRANT UPPER LEFT AND UPPER RIGHT AND LOWER RIGHT,DejaVu Serif: base vetorial licenciada
U+259D,▝,QUADRANT UPPER RIGHT,DejaVu Serif: base vetorial licenciada
U+259E,▞,QUADRANT UPPER RIGHT AND LOWER LEFT,DejaVu Serif: base vetorial licenciada
U+259F,▟,QUADRANT UPPER RIGHT AND LOWER LEFT AND LOWER RIGHT,DejaVu Serif: base vetorial licenciada
U+25A0,■,BLACK SQUARE,DejaVu Serif: base vetorial licenciada
U+25A1,□,WHITE SQUARE,DejaVu Serif: base vetorial licenciada
U+25A2,▢,WHITE SQUARE WITH ROUNDED CORNERS,DejaVu Serif: base vetorial licenciada
U+25A3,▣,WHITE SQUARE CONTAINING BLACK SMALL SQUARE,DejaVu Serif: base vetorial licenciada
U+25A4,▤,SQUARE WITH HORIZONTAL FILL,DejaVu Serif: base vetorial licenciada
U+25A5,▥,SQUARE WITH VERTICAL FILL,DejaVu Serif: base vetorial licenciada
U+25A6,▦,SQUARE WITH ORTHOGONAL CROSSHATCH FILL,DejaVu Serif: base vetorial licenciada
U+25A7,▧,SQUARE WITH UPPER LEFT TO LOWER RIGHT FILL,DejaVu Serif: base vetorial licenciada
U+25A8,▨,SQUARE WITH UPPER RIGHT TO LOWER LEFT FILL,DejaVu Serif: base vetorial licenciada
U+25A9,▩,SQUARE WITH DIAGONAL CROSSHATCH FILL,DejaVu Serif: base vetorial licenciada
U+25AA,▪,BLACK SMALL SQUARE,DejaVu Serif: base vetorial licenciada
U+25AB,▫,WHITE SMALL SQUARE,DejaVu Serif: base vetorial licenciada
U+25AC,▬,BLACK RECTANGLE,DejaVu Serif: base vetorial licenciada
U+25AD,▭,WHITE RECTANGLE,DejaVu Serif: base vetorial licenciada
U+25AE,▮,BLACK VERTICAL RECTANGLE,DejaVu Serif: base vetorial licenciada
U+25AF,▯,WHITE VERTICAL RECTANGLE,DejaVu Serif: base vetorial licenciada
U+25B0,▰,BLACK PARALLELOGRAM,DejaVu Serif: base vetorial licenciada
U+25B1,▱,WHITE PARALLELOGRAM,DejaVu Serif: base vetorial licenciada
U+25B2,▲,BLACK UP-POINTING TRIANGLE,DejaVu Serif: base vetorial licenciada
U+25B3,△,WHITE UP-POINTING TRIANGLE,DejaVu Serif: base vetorial licenciada
U+25B4,▴,BLACK UP-POINTING SMALL TRIANGLE,DejaVu Serif: base vetorial licenciada
U+25B5,▵,WHITE UP-POINTING SMALL TRIANGLE,DejaVu Serif: base vetorial licenciada
U+25B6,▶,BLACK RIGHT-POINTING TRIANGLE,DejaVu Serif: base vetorial licenciada
U+25B7,▷,WHITE RIGHT-POINTING TRIANGLE,DejaVu Serif: base vetorial licenciada
U+25B8,▸,BLACK RIGHT-POINTING SMALL TRIANGLE,DejaVu Serif: base vetorial licenciada
U+25B9,▹,WHITE RIGHT-POINTING SMALL TRIANGLE,DejaVu Serif: base vetorial licenciada
U+25BA,►,BLACK RIGHT-POINTING POINTER,DejaVu Serif: base vetorial licenciada
U+25BB,▻,WHITE RIGHT-POINTING POINTER,DejaVu Serif: base vetorial licenciada
U+25BC,▼,BLACK DOWN-POINTING TRIANGLE,DejaVu Serif: base vetorial licenciada
U+25BD,▽,WHITE DOWN-POINTING TRIANGLE,DejaVu Serif: base vetorial licenciada
U+25BE,▾,BLACK DOWN-POINTING SMALL TRIANGLE,DejaVu Serif: base vetorial licenciada
U+25BF,▿,WHITE DOWN-POINTING SMALL TRIANGLE,DejaVu Serif: base vetorial licenciada
U+25C0,◀,BLACK LEFT-POINTING TRIANGLE,DejaVu Serif: base vetorial licenciada
U+25C1,◁,WHITE LEFT-POINTING TRIANGLE,DejaVu Serif: base vetorial licenciada
U+25C2,◂,BLACK LEFT-POINTING SMALL TRIANGLE,DejaVu Serif: base vetorial licenciada
U+25C3,◃,WHITE LEFT-POINTING SMALL TRIANGLE,DejaVu Serif: base vetorial licenciada
U+25C4,◄,BLACK LEFT-POINTING POINTER,DejaVu Serif: base vetorial licenciada
U+25C5,◅,WHITE LEFT-POINTING POINTER,DejaVu Serif: base vetorial licenciada
U+25C6,◆,BLACK DIAMOND,DejaVu Serif: base vetorial licenciada
U+25C7,◇,WHITE DIAMOND,DejaVu Serif: base vetorial licenciada
U+25C8,◈,WHITE DIAMOND CONTAINING BLACK SMALL DIAMOND,DejaVu Serif: base vetorial licenciada
U+25C9,◉,FISHEYE,DejaVu Serif: base vetorial licenciada
U+25CA,◊,LOZENGE,DejaVu Serif: base vetorial licenciada
U+25CB,○,WHITE CIRCLE,DejaVu Serif: base vetorial licenciada
U+25CC,◌,DOTTED CIRCLE,DejaVu Serif: base vetorial licenciada
U+25CD,◍,CIRCLE WITH VERTICAL FILL,DejaVu Serif: base vetorial licenciada
U+25CE,◎,BULLSEYE,DejaVu Serif: base vetorial licenciada
U+25CF,●,BLACK CIRCLE,DejaVu Serif: base vetorial licenciada
U+25D0,◐,CIRCLE WITH LEFT HALF BLACK,DejaVu Serif: base vetorial licenciada
U+25D1,◑,CIRCLE WITH RIGHT HALF BLACK,DejaVu Serif: base vetorial licenciada
U+25D2,◒,CIRCLE WITH LOWER HALF BLACK,DejaVu Serif: base vetorial licenciada
U+25D3,◓,CIRCLE WITH UPPER HALF BLACK,DejaVu Serif: base vetorial licenciada
U+25D4,◔,CIRCLE WITH UPPER RIGHT QUADRANT BLACK,DejaVu Serif: base vetorial licenciada
U+25D5,◕,CIRCLE WITH ALL BUT UPPER LEFT QUADRANT BLACK,DejaVu Serif: base vetorial licenciada
U+25D6,◖,LEFT HALF BLACK CIRCLE,DejaVu Serif: base vetorial licenciada
U+25D7,◗,RIGHT HALF BLACK CIRCLE,DejaVu Serif: base vetorial licenciada
U+25D8,◘,INVERSE BULLET,DejaVu Serif: base vetorial licenciada
U+25D9,◙,INVERSE WHITE CIRCLE,DejaVu Serif: base vetorial licenciada
U+25DA,◚,UPPER HALF INVERSE WHITE CIRCLE,DejaVu Serif: base vetorial licenciada
U+25DB,◛,LOWER HALF INVERSE WHITE CIRCLE,DejaVu Serif: base vetorial licenciada
U+25DC,◜,UPPER LEFT QUADRANT CIRCULAR ARC,DejaVu Serif: base vetorial licenciada
U+25DD,◝,UPPER RIGHT QUADRANT CIRCULAR ARC,DejaVu Serif: base vetorial licenciada
U+25DE,◞,LOWER RIGHT QUADRANT CIRCULAR ARC,DejaVu Serif: base vetorial licenciada
U+25DF,◟,LOWER LEFT QUADRANT CIRCULAR ARC,DejaVu Serif: base vetorial licenciada
U+25E0,◠,UPPER HALF CIRCLE,DejaVu Serif: base vetorial licenciada
U+25E1,◡,LOWER HALF CIRCLE,DejaVu Serif: base vetorial licenciada
U+25E2,◢,BLACK LOWER RIGHT TRIANGLE,DejaVu Serif: base vetorial licenciada
U+25E3,◣,BLACK LOWER LEFT TRIANGLE,DejaVu Serif: base vetorial licenciada
U+25E4,◤,BLACK UPPER LEFT TRIANGLE,DejaVu Serif: base vetorial licenciada
U+25E5,◥,BLACK UPPER RIGHT TRIANGLE,DejaVu Serif: base vetorial licenciada
U+25E6,◦,WHITE BULLET,DejaVu Serif: base vetorial licenciada
U+25E7,◧,SQUARE WITH LEFT HALF BLACK,DejaVu Serif: base vetorial licenciada
U+25E8,◨,SQUARE WITH RIGHT HALF BLACK,DejaVu Serif: base vetorial licenciada
U+25E9,◩,SQUARE WITH UPPER LEFT DIAGONAL HALF BLACK,DejaVu Serif: base vetorial licenciada
U+25EA,◪,SQUARE WITH LOWER RIGHT DIAGONAL HALF BLACK,DejaVu Serif: base vetorial licenciada
U+25EB,◫,WHITE SQUARE WITH VERTICAL BISECTING LINE,DejaVu Serif: base vetorial licenciada
U+25EC,◬,WHITE UP-POINTING TRIANGLE WITH DOT,DejaVu Serif: base vetorial licenciada
U+25ED,◭,UP-POINTING TRIANGLE WITH LEFT HALF BLACK,DejaVu Serif: base vetorial licenciada
U+25EE,◮,UP-POINTING TRIANGLE WITH RIGHT HALF BLACK,DejaVu Serif: base vetorial licenciada
U+25EF,◯,LARGE CIRCLE,DejaVu Serif: base vetorial licenciada
U+25F0,◰,WHITE SQUARE WITH UPPER LEFT QUADRANT,DejaVu Serif: base vetorial licenciada
U+25F1,◱,WHITE SQUARE WITH LOWER LEFT QUADRANT,DejaVu Serif: base vetorial licenciada
U+25F2,◲,WHITE SQUARE WITH LOWER RIGHT QUADRANT,DejaVu Serif: base vetorial licenciada
U+25F3,◳,WHITE SQUARE WITH UPPER RIGHT QUADRANT,DejaVu Serif: base vetorial licenciada
U+25F4,◴,WHITE CIRCLE WITH UPPER LEFT QUADRANT,DejaVu Serif: base vetorial licenciada
U+25F5,◵,WHITE CIRCLE WITH LOWER LEFT QUADRANT,DejaVu Serif: base vetorial licenciada
U+25F6,◶,WHITE CIRCLE WITH LOWER RIGHT QUADRANT,DejaVu Serif: base vetorial licenciada
U+25F7,◷,WHITE CIRCLE WITH UPPER RIGHT QUADRANT,DejaVu Serif: base vetorial licenciada
U+25F8,◸,UPPER LEFT TRIANGLE,DejaVu Serif: base vetorial licenciada
U+25F9,◹,UPPER RIGHT TRIANGLE,DejaVu Serif: base vetorial licenciada
U+25FA,◺,LOWER LEFT TRIANGLE,DejaVu Serif: base vetorial licenciada
U+25FB,◻,WHITE MEDIUM SQUARE,DejaVu Serif: base vetorial licenciada
U+25FC,◼,BLACK MEDIUM SQUARE,DejaVu Serif: base vetorial licenciada
U+25FD,◽,WHITE MEDIUM SMALL SQUARE,DejaVu Serif: base vetorial licenciada
U+25FE,◾,BLACK MEDIUM SMALL SQUARE,DejaVu Serif: base vetorial licenciada
U+25FF,◿,LOWER RIGHT TRIANGLE,DejaVu Serif: base vetorial licenciada
U+2600,☀,BLACK SUN WITH RAYS,DejaVu Serif: base vetorial licenciada
U+2638,☸,WHEEL OF DHARMA,DejaVu Serif: base vetorial licenciada
U+2639,☹,WHITE FROWNING FACE,DejaVu Serif: base vetorial licenciada
U+263A,☺,WHITE SMILING FACE,DejaVu Serif: base vetorial licenciada
U+263B,☻,BLACK SMILING FACE,DejaVu Serif: base vetorial licenciada
U+263C,☼,WHITE SUN WITH RAYS,DejaVu Serif: base vetorial licenciada
U+263F,☿,MERCURY,DejaVu Serif: base vetorial licenciada
U+2640,♀,FEMALE SIGN,DejaVu Serif: base vetorial licenciada
U+2641,♁,EARTH,DejaVu Serif: base vetorial licenciada
U+2642,♂,MALE SIGN,DejaVu Serif: base vetorial licenciada
U+2643,♃,JUPITER,DejaVu Serif: base vetorial licenciada
U+2644,♄,SATURN,DejaVu Serif: base vetorial licenciada
U+2645,♅,URANUS,DejaVu Serif: base vetorial licenciada
U+2646,♆,NEPTUNE,DejaVu Serif: base vetorial licenciada
U+2647,♇,PLUTO,DejaVu Serif: base vetorial licenciada
U+2660,♠,BLACK SPADE SUIT,DejaVu Serif: base vetorial licenciada
U+2661,♡,WHITE HEART SUIT,DejaVu Serif: base vetorial licenciada
U+2662,♢,WHITE DIAMOND SUIT,DejaVu Serif: base vetorial licenciada
U+2663,♣,BLACK CLUB SUIT,DejaVu Serif: base vetorial licenciada
U+2664,♤,WHITE SPADE SUIT,DejaVu Serif: base vetorial licenciada
U+2665,♥,BLACK HEART SUIT,DejaVu Serif: base vetorial licenciada
U+2666,♦,BLACK DIAMOND SUIT,DejaVu Serif: base vetorial licenciada
U+2667,♧,WHITE CLUB SUIT,DejaVu Serif: base vetorial licenciada
U+2669,♩,QUARTER NOTE,DejaVu Serif: base vetorial licenciada
U+266A,♪,EIGHTH NOTE,DejaVu Serif: base vetorial licenciada
U+266B,♫,BEAMED EIGHTH NOTES,DejaVu Serif: base vetorial licenciada
U+266C,♬,BEAMED SIXTEENTH NOTES,DejaVu Serif: base vetorial licenciada
U+266D,♭,MUSIC FLAT SIGN,DejaVu Serif: base vetorial licenciada
U+266E,♮,MUSIC NATURAL SIGN,DejaVu Serif: base vetorial licenciada
U+266F,♯,MUSIC SHARP SIGN,DejaVu Serif: base vetorial licenciada
U+26AD,⚭,MARRIAGE SYMBOL,Latin Modern Math: adaptação de escala; licença GUST
U+26AE,⚮,DIVORCE SYMBOL,Latin Modern Math: adaptação de escala; licença GUST
U+2713,✓,CHECK MARK,Latin Modern Math: adaptação de escala; licença GUST
U+2720,✠,MALTESE CROSS,Latin Modern Math: adaptação de escala; licença GUST
U+275A,❚,HEAVY VERTICAL BAR,Latin Modern Math: adaptação de escala; licença GUST
U+27A1,➡,BLACK RIGHTWARDS ARROW,DejaVu Serif: base vetorial licenciada
U+27C2,⟂,PERPENDICULAR,Latin Modern Math: adaptação de escala; licença GUST
U+27C5,⟅,LEFT S-SHAPED BAG DELIMITER,DejaVu Serif: base vetorial licenciada
U+27C6,⟆,RIGHT S-SHAPED BAG DELIMITER,DejaVu Serif: base vetorial licenciada
U+27D8,⟘,LARGE UP TACK,Latin Modern Math: adaptação de escala; licença GUST
U+27D9,⟙,LARGE DOWN TACK,Latin Modern Math: adaptação de escala; licença GUST
U+27DA,⟚,LEFT AND RIGHT DOUBLE TURNSTILE,Latin Modern Math: adaptação de escala; licença GUST
U+27DB,⟛,LEFT AND RIGHT TACK,Latin Modern Math: adaptação de escala; licença GUST
U+27DC,⟜,LEFT MULTIMAP,Latin Modern Math: adaptação de escala; licença GUST
U+27DD,⟝,LONG RIGHT TACK,Latin Modern Math: adaptação de escala; licença GUST
U+27DE,⟞,LONG LEFT TACK,Latin Modern Math: adaptação de escala; licença GUST
U+27E0,⟠,LOZENGE DIVIDED BY HORIZONTAL RULE,DejaVu Serif: base vetorial licenciada
U+27E1,⟡,WHITE CONCAVE-SIDED DIAMOND,Latin Modern Math: adaptação de escala; licença GUST
U+27E2,⟢,WHITE CONCAVE-SIDED DIAMOND WITH LEFTWARDS TICK,Latin Modern Math: adaptação de escala; licença GUST
U+27E3,⟣,WHITE CONCAVE-SIDED DIAMOND WITH RIGHTWARDS TICK,Latin Modern Math: adaptação de escala; licença GUST
U+27E6,⟦,MATHEMATICAL LEFT WHITE SQUARE BRACKET,Latin Modern Math: adaptação de escala; licença GUST
U+27E7,⟧,MATHEMATICAL RIGHT WHITE SQUARE BRACKET,Latin Modern Math: adaptação de escala; licença GUST
U+27E8,⟨,MATHEMATICAL LEFT ANGLE BRACKET,DejaVu Serif: base vetorial licenciada
U+27E9,⟩,MATHEMATICAL RIGHT ANGLE BRACKET,DejaVu Serif: base vetorial licenciada
U+27EA,⟪,MATHEMATICAL LEFT DOUBLE ANGLE BRACKET,Latin Modern Math: adaptação de escala; licença GUST
U+27EB,⟫,MATHEMATICAL RIGHT DOUBLE ANGLE BRACKET,Latin Modern Math: adaptação de escala; licença GUST
U+27EE,⟮,MATHEMATICAL LEFT FLATTENED PARENTHESIS,Latin Modern Math: adaptação de escala; licença GUST
U+27EF,⟯,MATHEMATICAL RIGHT FLATTENED PARENTHESIS,Latin Modern Math: adaptação de escala; licença GUST
U+27F0,⟰,UPWARDS QUADRUPLE ARROW,DejaVu Serif: base vetorial licenciada
U+27F1,⟱,DOWNWARDS QUADRUPLE ARROW,DejaVu Serif: base vetorial licenciada
U+27F2,⟲,ANTICLOCKWISE GAPPED CIRCLE ARROW,DejaVu Serif: base vetorial licenciada
U+27F3,⟳,CLOCKWISE GAPPED CIRCLE ARROW,DejaVu Serif: base vetorial licenciada
U+27F4,⟴,RIGHT ARROW WITH CIRCLED PLUS,DejaVu Serif: base vetorial licenciada
U+27F5,⟵,LONG LEFTWARDS ARROW,DejaVu Serif: base vetorial licenciada
U+27F6,⟶,LONG RIGHTWARDS ARROW,DejaVu Serif: base vetorial licenciada
U+27F7,⟷,LONG LEFT RIGHT ARROW,DejaVu Serif: base vetorial licenciada
U+27F8,⟸,LONG LEFTWARDS DOUBLE ARROW,DejaVu Serif: base vetorial licenciada
U+27F9,⟹,LONG RIGHTWARDS DOUBLE ARROW,DejaVu Serif: base vetorial licenciada
U+27FA,⟺,LONG LEFT RIGHT DOUBLE ARROW,DejaVu Serif: base vetorial licenciada
U+27FB,⟻,LONG LEFTWARDS ARROW FROM BAR,DejaVu Serif: base vetorial licenciada
U+27FC,⟼,LONG RIGHTWARDS ARROW FROM BAR,DejaVu Serif: base vetorial licenciada
U+27FD,⟽,LONG LEFTWARDS DOUBLE ARROW FROM BAR,DejaVu Serif: base vetorial licenciada
U+27FE,⟾,LONG RIGHTWARDS DOUBLE ARROW FROM BAR,DejaVu Serif: base vetorial licenciada
U+27FF,⟿,LONG RIGHTWARDS SQUIGGLE ARROW,DejaVu Serif: base vetorial licenciada
U+2800,⠀,BRAILLE PATTERN BLANK,DejaVu Serif: base vetorial licenciada
U+2801,⠁,BRAILLE PATTERN DOTS-1,DejaVu Serif: base vetorial licenciada
U+2802,⠂,BRAILLE PATTERN DOTS-2,DejaVu Serif: base vetorial licenciada
U+2803,⠃,BRAILLE PATTERN DOTS-12,DejaVu Serif: base vetorial licenciada
U+2804,⠄,BRAILLE PATTERN DOTS-3,DejaVu Serif: base vetorial licenciada
U+2805,⠅,BRAILLE PATTERN DOTS-13,DejaVu Serif: base vetorial licenciada
U+2806,⠆,BRAILLE PATTERN DOTS-23,DejaVu Serif: base vetorial licenciada
U+2807,⠇,BRAILLE PATTERN DOTS-123,DejaVu Serif: base vetorial licenciada
U+2808,⠈,BRAILLE PATTERN DOTS-4,DejaVu Serif: base vetorial licenciada
U+2809,⠉,BRAILLE PATTERN DOTS-14,DejaVu Serif: base vetorial licenciada
U+280A,⠊,BRAILLE PATTERN DOTS-24,DejaVu Serif: base vetorial licenciada
U+280B,⠋,BRAILLE PATTERN DOTS-124,DejaVu Serif: base vetorial licenciada
U+280C,⠌,BRAILLE PATTERN DOTS-34,DejaVu Serif: base vetorial licenciada
U+280D,⠍,BRAILLE PATTERN DOTS-134,DejaVu Serif: base vetorial licenciada
U+280E,⠎,BRAILLE PATTERN DOTS-234,DejaVu Serif: base vetorial licenciada
U+280F,⠏,BRAILLE PATTERN DOTS-1234,DejaVu Serif: base vetorial licenciada
U+2810,⠐,BRAILLE PATTERN DOTS-5,DejaVu Serif: base vetorial licenciada
U+2811,⠑,BRAILLE PATTERN DOTS-15,DejaVu Serif: base vetorial licenciada
U+2812,⠒,BRAILLE PATTERN DOTS-25,DejaVu Serif: base vetorial licenciada
U+2813,⠓,BRAILLE PATTERN DOTS-125,DejaVu Serif: base vetorial licenciada
U+2814,⠔,BRAILLE PATTERN DOTS-35,DejaVu Serif: base vetorial licenciada
U+2815,⠕,BRAILLE PATTERN DOTS-135,DejaVu Serif: base vetorial licenciada
U+2816,⠖,BRAILLE PATTERN DOTS-235,DejaVu Serif: base vetorial licenciada
U+2817,⠗,BRAILLE PATTERN DOTS-1235,DejaVu Serif: base vetorial licenciada
U+2818,⠘,BRAILLE PATTERN DOTS-45,DejaVu Serif: base vetorial licenciada
U+2819,⠙,BRAILLE PATTERN DOTS-145,DejaVu Serif: base vetorial licenciada
U+281A,⠚,BRAILLE PATTERN DOTS-245,DejaVu Serif: base vetorial licenciada
U+281B,⠛,BRAILLE PATTERN DOTS-1245,DejaVu Serif: base vetorial licenciada
U+281C,⠜,BRAILLE PATTERN DOTS-345,DejaVu Serif: base vetorial licenciada
U+281D,⠝,BRAILLE PATTERN DOTS-1345,DejaVu Serif: base vetorial licenciada
U+281E,⠞,BRAILLE PATTERN DOTS-2345,DejaVu Serif: base vetorial licenciada
U+281F,⠟,BRAILLE PATTERN DOTS-12345,DejaVu Serif: base vetorial licenciada
U+2820,⠠,BRAILLE PATTERN DOTS-6,DejaVu Serif: base vetorial licenciada
U+2821,⠡,BRAILLE PATTERN DOTS-16,DejaVu Serif: base vetorial licenciada
U+2822,⠢,BRAILLE PATTERN DOTS-26,DejaVu Serif: base vetorial licenciada
U+2823,⠣,BRAILLE PATTERN DOTS-126,DejaVu Serif: base vetorial licenciada
U+2824,⠤,BRAILLE PATTERN DOTS-36,DejaVu Serif: base vetorial licenciada
U+2825,⠥,BRAILLE PATTERN DOTS-136,DejaVu Serif: base vetorial licenciada
U+2826,⠦,BRAILLE PATTERN DOTS-236,DejaVu Serif: base vetorial licenciada
U+2827,⠧,BRAILLE PATTERN DOTS-1236,DejaVu Serif: base vetorial licenciada
U+2828,⠨,BRAILLE PATTERN DOTS-46,DejaVu Serif: base vetorial licenciada
U+2829,⠩,BRAILLE PATTERN DOTS-146,DejaVu Serif: base vetorial licenciada
U+282A,⠪,BRAILLE PATTERN DOTS-246,DejaVu Serif: base vetorial licenciada
U+282B,⠫,BRAILLE PATTERN DOTS-1246,DejaVu Serif: base vetorial licenciada
U+282C,⠬,BRAILLE PATTERN DOTS-346,DejaVu Serif: base vetorial licenciada
U+282D,⠭,BRAILLE PATTERN DOTS-1346,DejaVu Serif: base vetorial licenciada
U+282E,⠮,BRAILLE PATTERN DOTS-2346,DejaVu Serif: base vetorial licenciada
U+282F,⠯,BRAILLE PATTERN DOTS-12346,DejaVu Serif: base vetorial licenciada
U+2830,⠰,BRAILLE PATTERN DOTS-56,DejaVu Serif: base vetorial licenciada
U+2831,⠱,BRAILLE PATTERN DOTS-156,DejaVu Serif: base vetorial licenciada
U+2832,⠲,BRAILLE PATTERN DOTS-256,DejaVu Serif: base vetorial licenciada
U+2833,⠳,BRAILLE PATTERN DOTS-1256,DejaVu Serif: base vetorial licenciada
U+2834,⠴,BRAILLE PATTERN DOTS-356,DejaVu Serif: base vetorial licenciada
U+2835,⠵,BRAILLE PATTERN DOTS-1356,DejaVu Serif: base vetorial licenciada
U+2836,⠶,BRAILLE PATTERN DOTS-2356,DejaVu Serif: base vetorial licenciada
U+2837,⠷,BRAILLE PATTERN DOTS-12356,DejaVu Serif: base vetorial licenciada
U+2838,⠸,BRAILLE PATTERN DOTS-456,DejaVu Serif: base vetorial licenciada
U+2839,⠹,BRAILLE PATTERN DOTS-1456,DejaVu Serif: base vetorial licenciada
U+283A,⠺,BRAILLE PATTERN DOTS-2456,DejaVu Serif: base vetorial licenciada
U+283B,⠻,BRAILLE PATTERN DOTS-12456,DejaVu Serif: base vetorial licenciada
U+283C,⠼,BRAILLE PATTERN DOTS-3456,DejaVu Serif: base vetorial licenciada
U+283D,⠽,BRAILLE PATTERN DOTS-13456,DejaVu Serif: base vetorial licenciada
U+283E,⠾,BRAILLE PATTERN DOTS-23456,DejaVu Serif: base vetorial licenciada
U+283F,⠿,BRAILLE PATTERN DOTS-123456,DejaVu Serif: base vetorial licenciada
U+2840,⡀,BRAILLE PATTERN DOTS-7,DejaVu Serif: base vetorial licenciada
U+2841,⡁,BRAILLE PATTERN DOTS-17,DejaVu Serif: base vetorial licenciada
U+2842,⡂,BRAILLE PATTERN DOTS-27,DejaVu Serif: base vetorial licenciada
U+2843,⡃,BRAILLE PATTERN DOTS-127,DejaVu Serif: base vetorial licenciada
U+2844,⡄,BRAILLE PATTERN DOTS-37,DejaVu Serif: base vetorial licenciada
U+2845,⡅,BRAILLE PATTERN DOTS-137,DejaVu Serif: base vetorial licenciada
U+2846,⡆,BRAILLE PATTERN DOTS-237,DejaVu Serif: base vetorial licenciada
U+2847,⡇,BRAILLE PATTERN DOTS-1237,DejaVu Serif: base vetorial licenciada
U+2848,⡈,BRAILLE PATTERN DOTS-47,DejaVu Serif: base vetorial licenciada
U+2849,⡉,BRAILLE PATTERN DOTS-147,DejaVu Serif: base vetorial licenciada
U+284A,⡊,BRAILLE PATTERN DOTS-247,DejaVu Serif: base vetorial licenciada
U+284B,⡋,BRAILLE PATTERN DOTS-1247,DejaVu Serif: base vetorial licenciada
U+284C,⡌,BRAILLE PATTERN DOTS-347,DejaVu Serif: base vetorial licenciada
U+284D,⡍,BRAILLE PATTERN DOTS-1347,DejaVu Serif: base vetorial licenciada
U+284E,⡎,BRAILLE PATTERN DOTS-2347,DejaVu Serif: base vetorial licenciada
U+284F,⡏,BRAILLE PATTERN DOTS-12347,DejaVu Serif: base vetorial licenciada
U+2850,⡐,BRAILLE PATTERN DOTS-57,DejaVu Serif: base vetorial licenciada
U+2851,⡑,BRAILLE PATTERN DOTS-157,DejaVu Serif: base vetorial licenciada
U+2852,⡒,BRAILLE PATTERN DOTS-257,DejaVu Serif: base vetorial licenciada
U+2853,⡓,BRAILLE PATTERN DOTS-1257,DejaVu Serif: base vetorial licenciada
U+2854,⡔,BRAILLE PATTERN DOTS-357,DejaVu Serif: base vetorial licenciada
U+2855,⡕,BRAILLE PATTERN DOTS-1357,DejaVu Serif: base vetorial licenciada
U+2856,⡖,BRAILLE PATTERN DOTS-2357,DejaVu Serif: base vetorial licenciada
U+2857,⡗,BRAILLE PATTERN DOTS-12357,DejaVu Serif: base vetorial licenciada
U+2858,⡘,BRAILLE PATTERN DOTS-457,DejaVu Serif: base vetorial licenciada
U+2859,⡙,BRAILLE PATTERN DOTS-1457,DejaVu Serif: base vetorial licenciada
U+285A,⡚,BRAILLE PATTERN DOTS-2457,DejaVu Serif: base vetorial licenciada
U+285B,⡛,BRAILLE PATTERN DOTS-12457,DejaVu Serif: base vetorial licenciada
U+285C,⡜,BRAILLE PATTERN DOTS-3457,DejaVu Serif: base vetorial licenciada
U+285D,⡝,BRAILLE PATTERN DOTS-13457,DejaVu Serif: base vetorial licenciada
U+285E,⡞,BRAILLE PATTERN DOTS-23457,DejaVu Serif: base vetorial licenciada
U+285F,⡟,BRAILLE PATTERN DOTS-123457,DejaVu Serif: base vetorial licenciada
U+2860,⡠,BRAILLE PATTERN DOTS-67,DejaVu Serif: base vetorial licenciada
U+2861,⡡,BRAILLE PATTERN DOTS-167,DejaVu Serif: base vetorial licenciada
U+2862,⡢,BRAILLE PATTERN DOTS-267,DejaVu Serif: base vetorial licenciada
U+2863,⡣,BRAILLE PATTERN DOTS-1267,DejaVu Serif: base vetorial licenciada
U+2864,⡤,BRAILLE PATTERN DOTS-367,DejaVu Serif: base vetorial licenciada
U+2865,⡥,BRAILLE PATTERN DOTS-1367,DejaVu Serif: base vetorial licenciada
U+2866,⡦,BRAILLE PATTERN DOTS-2367,DejaVu Serif: base vetorial licenciada
U+2867,⡧,BRAILLE PATTERN DOTS-12367,DejaVu Serif: base vetorial licenciada
U+2868,⡨,BRAILLE PATTERN DOTS-467,DejaVu Serif: base vetorial licenciada
U+2869,⡩,BRAILLE PATTERN DOTS-1467,DejaVu Serif: base vetorial licenciada
U+286A,⡪,BRAILLE PATTERN DOTS-2467,DejaVu Serif: base vetorial licenciada
U+286B,⡫,BRAILLE PATTERN DOTS-12467,DejaVu Serif: base vetorial licenciada
U+286C,⡬,BRAILLE PATTERN DOTS-3467,DejaVu Serif: base vetorial licenciada
U+286D,⡭,BRAILLE PATTERN DOTS-13467,DejaVu Serif: base vetorial licenciada
U+286E,⡮,BRAILLE PATTERN DOTS-23467,DejaVu Serif: base vetorial licenciada
U+286F,⡯,BRAILLE PATTERN DOTS-123467,DejaVu Serif: base vetorial licenciada
U+2870,⡰,BRAILLE PATTERN DOTS-567,DejaVu Serif: base vetorial licenciada
U+2871,⡱,BRAILLE PATTERN DOTS-1567,DejaVu Serif: base vetorial licenciada
U+2872,⡲,BRAILLE PATTERN DOTS-2567,DejaVu Serif: base vetorial licenciada
U+2873,⡳,BRAILLE PATTERN DOTS-12567,DejaVu Serif: base vetorial licenciada
U+2874,⡴,BRAILLE PATTERN DOTS-3567,DejaVu Serif: base vetorial licenciada
U+2875,⡵,BRAILLE PATTERN DOTS-13567,DejaVu Serif: base vetorial licenciada
U+2876,⡶,BRAILLE PATTERN DOTS-23567,DejaVu Serif: base vetorial licenciada
U+2877,⡷,BRAILLE PATTERN DOTS-123567,DejaVu Serif: base vetorial licenciada
U+2878,⡸,BRAILLE PATTERN DOTS-4567,DejaVu Serif: base vetorial licenciada
U+2879,⡹,BRAILLE PATTERN DOTS-14567,DejaVu Serif: base vetorial licenciada
U+287A,⡺,BRAILLE PATTERN DOTS-24567,DejaVu Serif: base vetorial licenciada
U+287B,⡻,BRAILLE PATTERN DOTS-124567,DejaVu Serif: base vetorial licenciada
U+287C,⡼,BRAILLE PATTERN DOTS-34567,DejaVu Serif: base vetorial licenciada
U+287D,⡽,BRAILLE PATTERN DOTS-134567,DejaVu Serif: base vetorial licenciada
U+287E,⡾,BRAILLE PATTERN DOTS-234567,DejaVu Serif: base vetorial licenciada
U+287F,⡿,BRAILLE PATTERN DOTS-1234567,DejaVu Serif: base vetorial licenciada
U+2880,⢀,BRAILLE PATTERN DOTS-8,DejaVu Serif: base vetorial licenciada
U+2881,⢁,BRAILLE PATTERN DOTS-18,DejaVu Serif: base vetorial licenciada
U+2882,⢂,BRAILLE PATTERN DOTS-28,DejaVu Serif: base vetorial licenciada
U+2883,⢃,BRAILLE PATTERN DOTS-128,DejaVu Serif: base vetorial licenciada
U+2884,⢄,BRAILLE PATTERN DOTS-38,DejaVu Serif: base vetorial licenciada
U+2885,⢅,BRAILLE PATTERN DOTS-138,DejaVu Serif: base vetorial licenciada
U+2886,⢆,BRAILLE PATTERN DOTS-238,DejaVu Serif: base vetorial licenciada
U+2887,⢇,BRAILLE PATTERN DOTS-1238,DejaVu Serif: base vetorial licenciada
U+2888,⢈,BRAILLE PATTERN DOTS-48,DejaVu Serif: base vetorial licenciada
U+2889,⢉,BRAILLE PATTERN DOTS-148,DejaVu Serif: base vetorial licenciada
U+288A,⢊,BRAILLE PATTERN DOTS-248,DejaVu Serif: base vetorial licenciada
U+288B,⢋,BRAILLE PATTERN DOTS-1248,DejaVu Serif: base vetorial licenciada
U+288C,⢌,BRAILLE PATTERN DOTS-348,DejaVu Serif: base vetorial licenciada
U+288D,⢍,BRAILLE PATTERN DOTS-1348,DejaVu Serif: base vetorial licenciada
U+288E,⢎,BRAILLE PATTERN DOTS-2348,DejaVu Serif: base vetorial licenciada
U+288F,⢏,BRAILLE PATTERN DOTS-12348,DejaVu Serif: base vetorial licenciada
U+2890,⢐,BRAILLE PATTERN DOTS-58,DejaVu Serif: base vetorial licenciada
U+2891,⢑,BRAILLE PATTERN DOTS-158,DejaVu Serif: base vetorial licenciada
U+2892,⢒,BRAILLE PATTERN DOTS-258,DejaVu Serif: base vetorial licenciada
U+2893,⢓,BRAILLE PATTERN DOTS-1258,DejaVu Serif: base vetorial licenciada
U+2894,⢔,BRAILLE PATTERN DOTS-358,DejaVu Serif: base vetorial licenciada
U+2895,⢕,BRAILLE PATTERN DOTS-1358,DejaVu Serif: base vetorial licenciada
U+2896,⢖,BRAILLE PATTERN DOTS-2358,DejaVu Serif: base vetorial licenciada
U+2897,⢗,BRAILLE PATTERN DOTS-12358,DejaVu Serif: base vetorial licenciada
U+2898,⢘,BRAILLE PATTERN DOTS-458,DejaVu Serif: base vetorial licenciada
U+2899,⢙,BRAILLE PATTERN DOTS-1458,DejaVu Serif: base vetorial licenciada
U+289A,⢚,BRAILLE PATTERN DOTS-2458,DejaVu Serif: base vetorial licenciada
U+289B,⢛,BRAILLE PATTERN DOTS-12458,DejaVu Serif: base vetorial licenciada
U+289C,⢜,BRAILLE PATTERN DOTS-3458,DejaVu Serif: base vetorial licenciada
U+289D,⢝,BRAILLE PATTERN DOTS-13458,DejaVu Serif: base vetorial licenciada
U+289E,⢞,BRAILLE PATTERN DOTS-23458,DejaVu Serif: base vetorial licenciada
U+289F,⢟,BRAILLE PATTERN DOTS-123458,DejaVu Serif: base vetorial licenciada
U+28A0,⢠,BRAILLE PATTERN DOTS-68,DejaVu Serif: base vetorial licenciada
U+28A1,⢡,BRAILLE PATTERN DOTS-168,DejaVu Serif: base vetorial licenciada
U+28A2,⢢,BRAILLE PATTERN DOTS-268,DejaVu Serif: base vetorial licenciada
U+28A3,⢣,BRAILLE PATTERN DOTS-1268,DejaVu Serif: base vetorial licenciada
U+28A4,⢤,BRAILLE PATTERN DOTS-368,DejaVu Serif: base vetorial licenciada
U+28A5,⢥,BRAILLE PATTERN DOTS-1368,DejaVu Serif: base vetorial licenciada
U+28A6,⢦,BRAILLE PATTERN DOTS-2368,DejaVu Serif: base vetorial licenciada
U+28A7,⢧,BRAILLE PATTERN DOTS-12368,DejaVu Serif: base vetorial licenciada
U+28A8,⢨,BRAILLE PATTERN DOTS-468,DejaVu Serif: base vetorial licenciada
U+28A9,⢩,BRAILLE PATTERN DOTS-1468,DejaVu Serif: base vetorial licenciada
U+28AA,⢪,BRAILLE PATTERN DOTS-2468,DejaVu Serif: base vetorial licenciada
U+28AB,⢫,BRAILLE PATTERN DOTS-12468,DejaVu Serif: base vetorial licenciada
U+28AC,⢬,BRAILLE PATTERN DOTS-3468,DejaVu Serif: base vetorial licenciada
U+28AD,⢭,BRAILLE PATTERN DOTS-13468,DejaVu Serif: base vetorial licenciada
U+28AE,⢮,BRAILLE PATTERN DOTS-23468,DejaVu Serif: base vetorial licenciada
U+28AF,⢯,BRAILLE PATTERN DOTS-123468,DejaVu Serif: base vetorial licenciada
U+28B0,⢰,BRAILLE PATTERN DOTS-568,DejaVu Serif: base vetorial licenciada
U+28B1,⢱,BRAILLE PATTERN DOTS-1568,DejaVu Serif: base vetorial licenciada
U+28B2,⢲,BRAILLE PATTERN DOTS-2568,DejaVu Serif: base vetorial licenciada
U+28B3,⢳,BRAILLE PATTERN DOTS-12568,DejaVu Serif: base vetorial licenciada
U+28B4,⢴,BRAILLE PATTERN DOTS-3568,DejaVu Serif: base vetorial licenciada
U+28B5,⢵,BRAILLE PATTERN DOTS-13568,DejaVu Serif: base vetorial licenciada
U+28B6,⢶,BRAILLE PATTERN DOTS-23568,DejaVu Serif: base vetorial licenciada
U+28B7,⢷,BRAILLE PATTERN DOTS-123568,DejaVu Serif: base vetorial licenciada
U+28B8,⢸,BRAILLE PATTERN DOTS-4568,DejaVu Serif: base vetorial licenciada
U+28B9,⢹,BRAILLE PATTERN DOTS-14568,DejaVu Serif: base vetorial licenciada
U+28BA,⢺,BRAILLE PATTERN DOTS-24568,DejaVu Serif: base vetorial licenciada
U+28BB,⢻,BRAILLE PATTERN DOTS-124568,DejaVu Serif: base vetorial licenciada
U+28BC,⢼,BRAILLE PATTERN DOTS-34568,DejaVu Serif: base vetorial licenciada
U+28BD,⢽,BRAILLE PATTERN DOTS-134568,DejaVu Serif: base vetorial licenciada
U+28BE,⢾,BRAILLE PATTERN DOTS-234568,DejaVu Serif: base vetorial licenciada
U+28BF,⢿,BRAILLE PATTERN DOTS-1234568,DejaVu Serif: base vetorial licenciada
U+28C0,⣀,BRAILLE PATTERN DOTS-78,DejaVu Serif: base vetorial licenciada
U+28C1,⣁,BRAILLE PATTERN DOTS-178,DejaVu Serif: base vetorial licenciada
U+28C2,⣂,BRAILLE PATTERN DOTS-278,DejaVu Serif: base vetorial licenciada
U+28C3,⣃,BRAILLE PATTERN DOTS-1278,DejaVu Serif: base vetorial licenciada
U+28C4,⣄,BRAILLE PATTERN DOTS-378,DejaVu Serif: base vetorial licenciada
U+28C5,⣅,BRAILLE PATTERN DOTS-1378,DejaVu Serif: base vetorial licenciada
U+28C6,⣆,BRAILLE PATTERN DOTS-2378,DejaVu Serif: base vetorial licenciada
U+28C7,⣇,BRAILLE PATTERN DOTS-12378,DejaVu Serif: base vetorial licenciada
U+28C8,⣈,BRAILLE PATTERN DOTS-478,DejaVu Serif: base vetorial licenciada
U+28C9,⣉,BRAILLE PATTERN DOTS-1478,DejaVu Serif: base vetorial licenciada
U+28CA,⣊,BRAILLE PATTERN DOTS-2478,DejaVu Serif: base vetorial licenciada
U+28CB,⣋,BRAILLE PATTERN DOTS-12478,DejaVu Serif: base vetorial licenciada
U+28CC,⣌,BRAILLE PATTERN DOTS-3478,DejaVu Serif: base vetorial licenciada
U+28CD,⣍,BRAILLE PATTERN DOTS-13478,DejaVu Serif: base vetorial licenciada
U+28CE,⣎,BRAILLE PATTERN DOTS-23478,DejaVu Serif: base vetorial licenciada
U+28CF,⣏,BRAILLE PATTERN DOTS-123478,DejaVu Serif: base vetorial licenciada
U+28D0,⣐,BRAILLE PATTERN DOTS-578,DejaVu Serif: base vetorial licenciada
U+28D1,⣑,BRAILLE PATTERN DOTS-1578,DejaVu Serif: base vetorial licenciada
U+28D2,⣒,BRAILLE PATTERN DOTS-2578,DejaVu Serif: base vetorial licenciada
U+28D3,⣓,BRAILLE PATTERN DOTS-12578,DejaVu Serif: base vetorial licenciada
U+28D4,⣔,BRAILLE PATTERN DOTS-3578,DejaVu Serif: base vetorial licenciada
U+28D5,⣕,BRAILLE PATTERN DOTS-13578,DejaVu Serif: base vetorial licenciada
U+28D6,⣖,BRAILLE PATTERN DOTS-23578,DejaVu Serif: base vetorial licenciada
U+28D7,⣗,BRAILLE PATTERN DOTS-123578,DejaVu Serif: base vetorial licenciada
U+28D8,⣘,BRAILLE PATTERN DOTS-4578,DejaVu Serif: base vetorial licenciada
U+28D9,⣙,BRAILLE PATTERN DOTS-14578,DejaVu Serif: base vetorial licenciada
U+28DA,⣚,BRAILLE PATTERN DOTS-24578,DejaVu Serif: base vetorial licenciada
U+28DB,⣛,BRAILLE PATTERN DOTS-124578,DejaVu Serif: base vetorial licenciada
U+28DC,⣜,BRAILLE PATTERN DOTS-34578,DejaVu Serif: base vetorial licenciada
U+28DD,⣝,BRAILLE PATTERN DOTS-134578,DejaVu Serif: base vetorial licenciada
U+28DE,⣞,BRAILLE PATTERN DOTS-234578,DejaVu Serif: base vetorial licenciada
U+28DF,⣟,BRAILLE PATTERN DOTS-1234578,DejaVu Serif: base vetorial licenciada
U+28E0,⣠,BRAILLE PATTERN DOTS-678,DejaVu Serif: base vetorial licenciada
U+28E1,⣡,BRAILLE PATTERN DOTS-1678,DejaVu Serif: base vetorial licenciada
U+28E2,⣢,BRAILLE PATTERN DOTS-2678,DejaVu Serif: base vetorial licenciada
U+28E3,⣣,BRAILLE PATTERN DOTS-12678,DejaVu Serif: base vetorial licenciada
U+28E4,⣤,BRAILLE PATTERN DOTS-3678,DejaVu Serif: base vetorial licenciada
U+28E5,⣥,BRAILLE PATTERN DOTS-13678,DejaVu Serif: base vetorial licenciada
U+28E6,⣦,BRAILLE PATTERN DOTS-23678,DejaVu Serif: base vetorial licenciada
U+28E7,⣧,BRAILLE PATTERN DOTS-123678,DejaVu Serif: base vetorial licenciada
U+28E8,⣨,BRAILLE PATTERN DOTS-4678,DejaVu Serif: base vetorial licenciada
U+28E9,⣩,BRAILLE PATTERN DOTS-14678,DejaVu Serif: base vetorial licenciada
U+28EA,⣪,BRAILLE PATTERN DOTS-24678,DejaVu Serif: base vetorial licenciada
U+28EB,⣫,BRAILLE PATTERN DOTS-124678,DejaVu Serif: base vetorial licenciada
U+28EC,⣬,BRAILLE PATTERN DOTS-34678,DejaVu Serif: base vetorial licenciada
U+28ED,⣭,BRAILLE PATTERN DOTS-134678,DejaVu Serif: base vetorial licenciada
U+28EE,⣮,BRAILLE PATTERN DOTS-234678,DejaVu Serif: base vetorial licenciada
U+28EF,⣯,BRAILLE PATTERN DOTS-1234678,DejaVu Serif: base vetorial licenciada
U+28F0,⣰,BRAILLE PATTERN DOTS-5678,DejaVu Serif: base vetorial licenciada
U+28F1,⣱,BRAILLE PATTERN DOTS-15678,DejaVu Serif: base vetorial licenciada
U+28F2,⣲,BRAILLE PATTERN DOTS-25678,DejaVu Serif: base vetorial licenciada
U+28F3,⣳,BRAILLE PATTERN DOTS-125678,DejaVu Serif: base vetorial licenciada
U+28F4,⣴,BRAILLE PATTERN DOTS-35678,DejaVu Serif: base vetorial licenciada
U+28F5,⣵,BRAILLE PATTERN DOTS-135678,DejaVu Serif: base vetorial licenciada
U+28F6,⣶,BRAILLE PATTERN DOTS-235678,DejaVu Serif: base vetorial licenciada
U+28F7,⣷,BRAILLE PATTERN DOTS-1235678,DejaVu Serif: base vetorial licenciada
U+28F8,⣸,BRAILLE PATTERN DOTS-45678,DejaVu Serif: base vetorial licenciada
U+28F9,⣹,BRAILLE PATTERN DOTS-145678,DejaVu Serif: base vetorial licenciada
U+28FA,⣺,BRAILLE PATTERN DOTS-245678,DejaVu Serif: base vetorial licenciada
U+28FB,⣻,BRAILLE PATTERN DOTS-1245678,DejaVu Serif: base vetorial licenciada
U+28FC,⣼,BRAILLE PATTERN DOTS-345678,DejaVu Serif: base vetorial licenciada
U+28FD,⣽,BRAILLE PATTERN DOTS-1345678,DejaVu Serif: base vetorial licenciada
U+28FE,⣾,BRAILLE PATTERN DOTS-2345678,DejaVu Serif: base vetorial licenciada
U+28FF,⣿,BRAILLE PATTERN DOTS-12345678,DejaVu Serif: base vetorial licenciada
U+2900,⤀,RIGHTWARDS TWO-HEADED ARROW WITH VERTICAL STROKE,DejaVu Serif: base vetorial licenciada
U+2901,⤁,RIGHTWARDS TWO-HEADED ARROW WITH DOUBLE VERTICAL STROKE,DejaVu Serif: base vetorial licenciada
U+2902,⤂,LEFTWARDS DOUBLE ARROW WITH VERTICAL STROKE,DejaVu Serif: base vetorial licenciada
U+2903,⤃,RIGHTWARDS DOUBLE ARROW WITH VERTICAL STROKE,DejaVu Serif: base vetorial licenciada
U+2904,⤄,LEFT RIGHT DOUBLE ARROW WITH VERTICAL STROKE,DejaVu Serif: base vetorial licenciada
U+2905,⤅,RIGHTWARDS TWO-HEADED ARROW FROM BAR,DejaVu Serif: base vetorial licenciada
U+2906,⤆,LEFTWARDS DOUBLE ARROW FROM BAR,DejaVu Serif: base vetorial licenciada
U+2907,⤇,RIGHTWARDS DOUBLE ARROW FROM BAR,DejaVu Serif: base vetorial licenciada
U+2908,⤈,DOWNWARDS ARROW WITH HORIZONTAL STROKE,DejaVu Serif: base vetorial licenciada
U+2909,⤉,UPWARDS ARROW WITH HORIZONTAL STROKE,DejaVu Serif: base vetorial licenciada
U+290A,⤊,UPWARDS TRIPLE ARROW,DejaVu Serif: base vetorial licenciada
U+290B,⤋,DOWNWARDS TRIPLE ARROW,DejaVu Serif: base vetorial licenciada
U+290C,⤌,LEFTWARDS DOUBLE DASH ARROW,DejaVu Serif: base vetorial licenciada
U+290D,⤍,RIGHTWARDS DOUBLE DASH ARROW,DejaVu Serif: base vetorial licenciada
U+290E,⤎,LEFTWARDS TRIPLE DASH ARROW,DejaVu Serif: base vetorial licenciada
U+290F,⤏,RIGHTWARDS TRIPLE DASH ARROW,DejaVu Serif: base vetorial licenciada
U+2910,⤐,RIGHTWARDS TWO-HEADED TRIPLE DASH ARROW,DejaVu Serif: base vetorial licenciada
U+2911,⤑,RIGHTWARDS ARROW WITH DOTTED STEM,DejaVu Serif: base vetorial licenciada
U+2912,⤒,UPWARDS ARROW TO BAR,DejaVu Serif: base vetorial licenciada
U+2913,⤓,DOWNWARDS ARROW TO BAR,DejaVu Serif: base vetorial licenciada
U+2914,⤔,RIGHTWARDS ARROW WITH TAIL WITH VERTICAL STROKE,DejaVu Serif: base vetorial licenciada
U+2915,⤕,RIGHTWARDS ARROW WITH TAIL WITH DOUBLE VERTICAL STROKE,DejaVu Serif: base vetorial licenciada
U+2916,⤖,RIGHTWARDS TWO-HEADED ARROW WITH TAIL,DejaVu Serif: base vetorial licenciada
U+2917,⤗,RIGHTWARDS TWO-HEADED ARROW WITH TAIL WITH VERTICAL STROKE,DejaVu Serif: base vetorial licenciada
U+2918,⤘,RIGHTWARDS TWO-HEADED ARROW WITH TAIL WITH DOUBLE VERTICAL STROKE,DejaVu Serif: base vetorial licenciada
U+2919,⤙,LEFTWARDS ARROW-TAIL,DejaVu Serif: base vetorial licenciada
U+291A,⤚,RIGHTWARDS ARROW-TAIL,DejaVu Serif: base vetorial licenciada
U+291B,⤛,LEFTWARDS DOUBLE ARROW-TAIL,DejaVu Serif: base vetorial licenciada
U+291C,⤜,RIGHTWARDS DOUBLE ARROW-TAIL,DejaVu Serif: base vetorial licenciada
U+291D,⤝,LEFTWARDS ARROW TO BLACK DIAMOND,DejaVu Serif: base vetorial licenciada
U+291E,⤞,RIGHTWARDS ARROW TO BLACK DIAMOND,DejaVu Serif: base vetorial licenciada
U+291F,⤟,LEFTWARDS ARROW FROM BAR TO BLACK DIAMOND,DejaVu Serif: base vetorial licenciada
U+2920,⤠,RIGHTWARDS ARROW FROM BAR TO BLACK DIAMOND,DejaVu Serif: base vetorial licenciada
U+2921,⤡,NORTH WEST AND SOUTH EAST ARROW,DejaVu Serif: base vetorial licenciada
U+2922,⤢,NORTH EAST AND SOUTH WEST ARROW,DejaVu Serif: base vetorial licenciada
U+2923,⤣,NORTH WEST ARROW WITH HOOK,DejaVu Serif: base vetorial licenciada
U+2924,⤤,NORTH EAST ARROW WITH HOOK,DejaVu Serif: base vetorial licenciada
U+2925,⤥,SOUTH EAST ARROW WITH HOOK,DejaVu Serif: base vetorial licenciada
U+2926,⤦,SOUTH WEST ARROW WITH HOOK,DejaVu Serif: base vetorial licenciada
U+2927,⤧,NORTH WEST ARROW AND NORTH EAST ARROW,DejaVu Serif: base vetorial licenciada
U+2928,⤨,NORTH EAST ARROW AND SOUTH EAST ARROW,DejaVu Serif: base vetorial licenciada
U+2929,⤩,SOUTH EAST ARROW AND SOUTH WEST ARROW,DejaVu Serif: base vetorial licenciada
U+292A,⤪,SOUTH WEST ARROW AND NORTH WEST ARROW,DejaVu Serif: base vetorial licenciada
U+292B,⤫,RISING DIAGONAL CROSSING FALLING DIAGONAL,DejaVu Serif: base vetorial licenciada
U+292C,⤬,FALLING DIAGONAL CROSSING RISING DIAGONAL,DejaVu Serif: base vetorial licenciada
U+292D,⤭,SOUTH EAST ARROW CROSSING NORTH EAST ARROW,DejaVu Serif: base vetorial licenciada
U+292E,⤮,NORTH EAST ARROW CROSSING SOUTH EAST ARROW,DejaVu Serif: base vetorial licenciada
U+292F,⤯,FALLING DIAGONAL CROSSING NORTH EAST ARROW,DejaVu Serif: base vetorial licenciada
U+2930,⤰,RISING DIAGONAL CROSSING SOUTH EAST ARROW,DejaVu Serif: base vetorial licenciada
U+2931,⤱,NORTH EAST ARROW CROSSING NORTH WEST ARROW,DejaVu Serif: base vetorial licenciada
U+2932,⤲,NORTH WEST ARROW CROSSING NORTH EAST ARROW,DejaVu Serif: base vetorial licenciada
U+2933,⤳,WAVE ARROW POINTING DIRECTLY RIGHT,DejaVu Serif: base vetorial licenciada
U+2934,⤴,ARROW POINTING RIGHTWARDS THEN CURVING UPWARDS,DejaVu Serif: base vetorial licenciada
U+2935,⤵,ARROW POINTING RIGHTWARDS THEN CURVING DOWNWARDS,DejaVu Serif: base vetorial licenciada
U+2936,⤶,ARROW POINTING DOWNWARDS THEN CURVING LEFTWARDS,DejaVu Serif: base vetorial licenciada
U+2937,⤷,ARROW POINTING DOWNWARDS THEN CURVING RIGHTWARDS,DejaVu Serif: base vetorial licenciada
U+2938,⤸,RIGHT-SIDE ARC CLOCKWISE ARROW,DejaVu Serif: base vetorial licenciada
U+2939,⤹,LEFT-SIDE ARC ANTICLOCKWISE ARROW,DejaVu Serif: base vetorial licenciada
U+293A,⤺,TOP ARC ANTICLOCKWISE ARROW,DejaVu Serif: base vetorial licenciada
U+293B,⤻,BOTTOM ARC ANTICLOCKWISE ARROW,DejaVu Serif: base vetorial licenciada
U+293C,⤼,TOP ARC CLOCKWISE ARROW WITH MINUS,DejaVu Serif: base vetorial licenciada
U+293D,⤽,TOP ARC ANTICLOCKWISE ARROW WITH PLUS,DejaVu Serif: base vetorial licenciada
U+293E,⤾,LOWER RIGHT SEMICIRCULAR CLOCKWISE ARROW,DejaVu Serif: base vetorial licenciada
U+293F,⤿,LOWER LEFT SEMICIRCULAR ANTICLOCKWISE ARROW,DejaVu Serif: base vetorial licenciada
U+2940,⥀,ANTICLOCKWISE CLOSED CIRCLE ARROW,DejaVu Serif: base vetorial licenciada
U+2941,⥁,CLOCKWISE CLOSED CIRCLE ARROW,DejaVu Serif: base vetorial licenciada
U+2942,⥂,RIGHTWARDS ARROW ABOVE SHORT LEFTWARDS ARROW,DejaVu Serif: base vetorial licenciada
U+2943,⥃,LEFTWARDS ARROW ABOVE SHORT RIGHTWARDS ARROW,DejaVu Serif: base vetorial licenciada
U+2944,⥄,SHORT RIGHTWARDS ARROW ABOVE LEFTWARDS ARROW,DejaVu Serif: base vetorial licenciada
U+2945,⥅,RIGHTWARDS ARROW WITH PLUS BELOW,DejaVu Serif: base vetorial licenciada
U+2946,⥆,LEFTWARDS ARROW WITH PLUS BELOW,DejaVu Serif: base vetorial licenciada
U+2947,⥇,RIGHTWARDS ARROW THROUGH X,DejaVu Serif: base vetorial licenciada
U+2948,⥈,LEFT RIGHT ARROW THROUGH SMALL CIRCLE,DejaVu Serif: base vetorial licenciada
U+2949,⥉,UPWARDS TWO-HEADED ARROW FROM SMALL CIRCLE,DejaVu Serif: base vetorial licenciada
U+294A,⥊,LEFT BARB UP RIGHT BARB DOWN HARPOON,DejaVu Serif: base vetorial licenciada
U+294B,⥋,LEFT BARB DOWN RIGHT BARB UP HARPOON,DejaVu Serif: base vetorial licenciada
U+294C,⥌,UP BARB RIGHT DOWN BARB LEFT HARPOON,DejaVu Serif: base vetorial licenciada
U+294D,⥍,UP BARB LEFT DOWN BARB RIGHT HARPOON,DejaVu Serif: base vetorial licenciada
U+294E,⥎,LEFT BARB UP RIGHT BARB UP HARPOON,DejaVu Serif: base vetorial licenciada
U+294F,⥏,UP BARB RIGHT DOWN BARB RIGHT HARPOON,DejaVu Serif: base vetorial licenciada
U+2950,⥐,LEFT BARB DOWN RIGHT BARB DOWN HARPOON,DejaVu Serif: base vetorial licenciada
U+2951,⥑,UP BARB LEFT DOWN BARB LEFT HARPOON,DejaVu Serif: base vetorial licenciada
U+2952,⥒,LEFTWARDS HARPOON WITH BARB UP TO BAR,DejaVu Serif: base vetorial licenciada
U+2953,⥓,RIGHTWARDS HARPOON WITH BARB UP TO BAR,DejaVu Serif: base vetorial licenciada
U+2954,⥔,UPWARDS HARPOON WITH BARB RIGHT TO BAR,DejaVu Serif: base vetorial licenciada
U+2955,⥕,DOWNWARDS HARPOON WITH BARB RIGHT TO BAR,DejaVu Serif: base vetorial licenciada
U+2956,⥖,LEFTWARDS HARPOON WITH BARB DOWN TO BAR,DejaVu Serif: base vetorial licenciada
U+2957,⥗,RIGHTWARDS HARPOON WITH BARB DOWN TO BAR,DejaVu Serif: base vetorial licenciada
U+2958,⥘,UPWARDS HARPOON WITH BARB LEFT TO BAR,DejaVu Serif: base vetorial licenciada
U+2959,⥙,DOWNWARDS HARPOON WITH BARB LEFT TO BAR,DejaVu Serif: base vetorial licenciada
U+295A,⥚,LEFTWARDS HARPOON WITH BARB UP FROM BAR,DejaVu Serif: base vetorial licenciada
U+295B,⥛,RIGHTWARDS HARPOON WITH BARB UP FROM BAR,DejaVu Serif: base vetorial licenciada
U+295C,⥜,UPWARDS HARPOON WITH BARB RIGHT FROM BAR,DejaVu Serif: base vetorial licenciada
U+295D,⥝,DOWNWARDS HARPOON WITH BARB RIGHT FROM BAR,DejaVu Serif: base vetorial licenciada
U+295E,⥞,LEFTWARDS HARPOON WITH BARB DOWN FROM BAR,DejaVu Serif: base vetorial licenciada
U+295F,⥟,RIGHTWARDS HARPOON WITH BARB DOWN FROM BAR,DejaVu Serif: base vetorial licenciada
U+2960,⥠,UPWARDS HARPOON WITH BARB LEFT FROM BAR,DejaVu Serif: base vetorial licenciada
U+2961,⥡,DOWNWARDS HARPOON WITH BARB LEFT FROM BAR,DejaVu Serif: base vetorial licenciada
U+2962,⥢,LEFTWARDS HARPOON WITH BARB UP ABOVE LEFTWARDS HARPOON WITH BARB DOWN,DejaVu Serif: base vetorial licenciada
U+2963,⥣,UPWARDS HARPOON WITH BARB LEFT BESIDE UPWARDS HARPOON WITH BARB RIGHT,DejaVu Serif: base vetorial licenciada
U+2964,⥤,RIGHTWARDS HARPOON WITH BARB UP ABOVE RIGHTWARDS HARPOON WITH BARB DOWN,DejaVu Serif: base vetorial licenciada
U+2965,⥥,DOWNWARDS HARPOON WITH BARB LEFT BESIDE DOWNWARDS HARPOON WITH BARB RIGHT,DejaVu Serif: base vetorial licenciada
U+2966,⥦,LEFTWARDS HARPOON WITH BARB UP ABOVE RIGHTWARDS HARPOON WITH BARB UP,DejaVu Serif: base vetorial licenciada
U+2967,⥧,LEFTWARDS HARPOON WITH BARB DOWN ABOVE RIGHTWARDS HARPOON WITH BARB DOWN,DejaVu Serif: base vetorial licenciada
U+2968,⥨,RIGHTWARDS HARPOON WITH BARB UP ABOVE LEFTWARDS HARPOON WITH BARB UP,DejaVu Serif: base vetorial licenciada
U+2969,⥩,RIGHTWARDS HARPOON WITH BARB DOWN ABOVE LEFTWARDS HARPOON WITH BARB DOWN,DejaVu Serif: base vetorial licenciada
U+296A,⥪,LEFTWARDS HARPOON WITH BARB UP ABOVE LONG DASH,DejaVu Serif: base vetorial licenciada
U+296B,⥫,LEFTWARDS HARPOON WITH BARB DOWN BELOW LONG DASH,DejaVu Serif: base vetorial licenciada
U+296C,⥬,RIGHTWARDS HARPOON WITH BARB UP ABOVE LONG DASH,DejaVu Serif: base vetorial licenciada
U+296D,⥭,RIGHTWARDS HARPOON WITH BARB DOWN BELOW LONG DASH,DejaVu Serif: base vetorial licenciada
U+296E,⥮,UPWARDS HARPOON WITH BARB LEFT BESIDE DOWNWARDS HARPOON WITH BARB RIGHT,DejaVu Serif: base vetorial licenciada
U+296F,⥯,DOWNWARDS HARPOON WITH BARB LEFT BESIDE UPWARDS HARPOON WITH BARB RIGHT,DejaVu Serif: base vetorial licenciada
U+2970,⥰,RIGHT DOUBLE ARROW WITH ROUNDED HEAD,DejaVu Serif: base vetorial licenciada
U+2971,⥱,EQUALS SIGN ABOVE RIGHTWARDS ARROW,DejaVu Serif: base vetorial licenciada
U+2972,⥲,TILDE OPERATOR ABOVE RIGHTWARDS ARROW,DejaVu Serif: base vetorial licenciada
U+2973,⥳,LEFTWARDS ARROW ABOVE TILDE OPERATOR,DejaVu Serif: base vetorial licenciada
U+2974,⥴,RIGHTWARDS ARROW ABOVE TILDE OPERATOR,DejaVu Serif: base vetorial licenciada
U+2975,⥵,RIGHTWARDS ARROW ABOVE ALMOST EQUAL TO,DejaVu Serif: base vetorial licenciada
U+2976,⥶,LESS-THAN ABOVE LEFTWARDS ARROW,DejaVu Serif: base vetorial licenciada
U+2977,⥷,LEFTWARDS ARROW THROUGH LESS-THAN,DejaVu Serif: base vetorial licenciada
U+2978,⥸,GREATER-THAN ABOVE RIGHTWARDS ARROW,DejaVu Serif: base vetorial licenciada
U+2979,⥹,SUBSET ABOVE RIGHTWARDS ARROW,DejaVu Serif: base vetorial licenciada
U+297A,⥺,LEFTWARDS ARROW THROUGH SUBSET,DejaVu Serif: base vetorial licenciada
U+297B,⥻,SUPERSET ABOVE LEFTWARDS ARROW,DejaVu Serif: base vetorial licenciada
U+297C,⥼,LEFT FISH TAIL,DejaVu Serif: base vetorial licenciada
U+297D,⥽,RIGHT FISH TAIL,DejaVu Serif: base vetorial licenciada
U+297E,⥾,UP FISH TAIL,DejaVu Serif: base vetorial licenciada
U+297F,⥿,DOWN FISH TAIL,DejaVu Serif: base vetorial licenciada
U+29EB,⧫,BLACK LOZENGE,DejaVu Serif: base vetorial licenciada
U+2A00,⨀,N-ARY CIRCLED DOT OPERATOR,Latin Modern Math: adaptação de escala; licença GUST
U+2A01,⨁,N-ARY CIRCLED PLUS OPERATOR,Latin Modern Math: adaptação de escala; licença GUST
U+2A02,⨂,N-ARY CIRCLED TIMES OPERATOR,Latin Modern Math: adaptação de escala; licença GUST
U+2A03,⨃,N-ARY UNION OPERATOR WITH DOT,Latin Modern Math: adaptação de escala; licença GUST
U+2A04,⨄,N-ARY UNION OPERATOR WITH PLUS,Latin Modern Math: adaptação de escala; licença GUST
U+2A05,⨅,N-ARY SQUARE INTERSECTION OPERATOR,Latin Modern Math: adaptação de escala; licença GUST
U+2A06,⨆,N-ARY SQUARE UNION OPERATOR,Latin Modern Math: adaptação de escala; licença GUST
U+2A09,⨉,N-ARY TIMES OPERATOR,Latin Modern Math: adaptação de escala; licença GUST
U+2A0C,⨌,QUADRUPLE INTEGRAL OPERATOR,DejaVu Serif: base vetorial licenciada
U+2A0D,⨍,FINITE PART INTEGRAL,DejaVu Serif: base vetorial licenciada
U+2A0E,⨎,INTEGRAL WITH DOUBLE STROKE,DejaVu Serif: base vetorial licenciada
U+2A11,⨑,ANTICLOCKWISE INTEGRATION,Latin Modern Math: adaptação de escala; licença GUST
U+2A2F,⨯,VECTOR OR CROSS PRODUCT,DejaVu Serif: base vetorial licenciada
U+2A3F,⨿,AMALGAMATION OR COPRODUCT,Latin Modern Math: adaptação de escala; licença GUST
U+2A6A,⩪,TILDE OPERATOR WITH DOT ABOVE,DejaVu Serif: base vetorial licenciada
U+2A6B,⩫,TILDE OPERATOR WITH RISING DOTS,DejaVu Serif: base vetorial licenciada
U+2A7D,⩽,LESS-THAN OR SLANTED EQUAL TO,Latin Modern Math: adaptação de escala; licença GUST
U+2A7E,⩾,GREATER-THAN OR SLANTED EQUAL TO,Latin Modern Math: adaptação de escala; licença GUST
U+2A85,⪅,LESS-THAN OR APPROXIMATE,Latin Modern Math: adaptação de escala; licença GUST
U+2A86,⪆,GREATER-THAN OR APPROXIMATE,Latin Modern Math: adaptação de escala; licença GUST
U+2A87,⪇,LESS-THAN AND SINGLE-LINE NOT EQUAL TO,Latin Modern Math: adaptação de escala; licença GUST
U+2A88,⪈,GREATER-THAN AND SINGLE-LINE NOT EQUAL TO,Latin Modern Math: adaptação de escala; licença GUST
U+2A89,⪉,LESS-THAN AND NOT APPROXIMATE,Latin Modern Math: adaptação de escala; licença GUST
U+2A8A,⪊,GREATER-THAN AND NOT APPROXIMATE,Latin Modern Math: adaptação de escala; licença GUST
U+2A8B,⪋,LESS-THAN ABOVE DOUBLE-LINE EQUAL ABOVE GREATER-THAN,Latin Modern Math: adaptação de escala; licença GUST
U+2A8C,⪌,GREATER-THAN ABOVE DOUBLE-LINE EQUAL ABOVE LESS-THAN,Latin Modern Math: adaptação de escala; licença GUST
U+2A95,⪕,SLANTED EQUAL TO OR LESS-THAN,Latin Modern Math: adaptação de escala; licença GUST
U+2A96,⪖,SLANTED EQUAL TO OR GREATER-THAN,Latin Modern Math: adaptação de escala; licença GUST
U+2AAF,⪯,PRECEDES ABOVE SINGLE-LINE EQUALS SIGN,Latin Modern Math: adaptação de escala; licença GUST
U+2AB0,⪰,SUCCEEDS ABOVE SINGLE-LINE EQUALS SIGN,Latin Modern Math: adaptação de escala; licença GUST
U+2B00,⬀,NORTH EAST WHITE ARROW,DejaVu Serif: base vetorial licenciada
U+2B01,⬁,NORTH WEST WHITE ARROW,DejaVu Serif: base vetorial licenciada
U+2B02,⬂,SOUTH EAST WHITE ARROW,DejaVu Serif: base vetorial licenciada
U+2B03,⬃,SOUTH WEST WHITE ARROW,DejaVu Serif: base vetorial licenciada
U+2B04,⬄,LEFT RIGHT WHITE ARROW,DejaVu Serif: base vetorial licenciada
U+2B05,⬅,LEFTWARDS BLACK ARROW,DejaVu Serif: base vetorial licenciada
U+2B06,⬆,UPWARDS BLACK ARROW,DejaVu Serif: base vetorial licenciada
U+2B07,⬇,DOWNWARDS BLACK ARROW,DejaVu Serif: base vetorial licenciada
U+2B08,⬈,NORTH EAST BLACK ARROW,DejaVu Serif: base vetorial licenciada
U+2B09,⬉,NORTH WEST BLACK ARROW,DejaVu Serif: base vetorial licenciada
U+2B0A,⬊,SOUTH EAST BLACK ARROW,DejaVu Serif: base vetorial licenciada
U+2B0B,⬋,SOUTH WEST BLACK ARROW,DejaVu Serif: base vetorial licenciada
U+2B0C,⬌,LEFT RIGHT BLACK ARROW,DejaVu Serif: base vetorial licenciada
U+2B0D,⬍,UP DOWN BLACK ARROW,DejaVu Serif: base vetorial licenciada
U+2B0E,⬎,RIGHTWARDS ARROW WITH TIP DOWNWARDS,DejaVu Serif: base vetorial licenciada
U+2B0F,⬏,RIGHTWARDS ARROW WITH TIP UPWARDS,DejaVu Serif: base vetorial licenciada
U+2B10,⬐,LEFTWARDS ARROW WITH TIP DOWNWARDS,DejaVu Serif: base vetorial licenciada
U+2B11,⬑,LEFTWARDS ARROW WITH TIP UPWARDS,DejaVu Serif: base vetorial licenciada
U+2B12,⬒,SQUARE WITH TOP HALF BLACK,DejaVu Serif: base vetorial licenciada
U+2B13,⬓,SQUARE WITH BOTTOM HALF BLACK,DejaVu Serif: base vetorial licenciada
U+2B14,⬔,SQUARE WITH UPPER RIGHT DIAGONAL HALF BLACK,DejaVu Serif: base vetorial licenciada
U+2B15,⬕,SQUARE WITH LOWER LEFT DIAGONAL HALF BLACK,DejaVu Serif: base vetorial licenciada
U+2B16,⬖,DIAMOND WITH LEFT HALF BLACK,DejaVu Serif: base vetorial licenciada
U+2B17,⬗,DIAMOND WITH RIGHT HALF BLACK,DejaVu Serif: base vetorial licenciada
U+2B18,⬘,DIAMOND WITH TOP HALF BLACK,DejaVu Serif: base vetorial licenciada
U+2B19,⬙,DIAMOND WITH BOTTOM HALF BLACK,DejaVu Serif: base vetorial licenciada
U+2B1A,⬚,DOTTED SQUARE,DejaVu Serif: base vetorial licenciada
U+2B31,⬱,THREE LEFTWARDS ARROWS,Latin Modern Math: adaptação de escala; licença GUST
U+2B33,⬳,LONG LEFTWARDS SQUIGGLE ARROW,Latin Modern Math: adaptação de escala; licença GUST
U+2C60,Ⱡ,LATIN CAPITAL LETTER L WITH DOUBLE BAR,DejaVu Serif: base vetorial licenciada
U+2C61,ⱡ,LATIN SMALL LETTER L WITH DOUBLE BAR,DejaVu Serif: base vetorial licenciada
U+2C63,Ᵽ,LATIN CAPITAL LETTER P WITH STROKE,DejaVu Serif: base vetorial licenciada
U+2C64,Ɽ,LATIN CAPITAL LETTER R WITH TAIL,DejaVu Serif: base vetorial licenciada
U+2C67,Ⱨ,LATIN CAPITAL LETTER H WITH DESCENDER,DejaVu Serif: base vetorial licenciada
U+2C68,ⱨ,LATIN SMALL LETTER H WITH DESCENDER,DejaVu Serif: base vetorial licenciada
U+2C69,Ⱪ,LATIN CAPITAL LETTER K WITH DESCENDER,DejaVu Serif: base vetorial licenciada
U+2C6A,ⱪ,LATIN SMALL LETTER K WITH DESCENDER,DejaVu Serif: base vetorial licenciada
U+2C6B,Ⱬ,LATIN CAPITAL LETTER Z WITH DESCENDER,DejaVu Serif: base vetorial licenciada
U+2C6C,ⱬ,LATIN SMALL LETTER Z WITH DESCENDER,DejaVu Serif: base vetorial licenciada
U+2C6D,Ɑ,LATIN CAPITAL LETTER ALPHA,DejaVu Serif: base vetorial licenciada
U+2C6E,Ɱ,LATIN CAPITAL LETTER M WITH HOOK,DejaVu Serif: base vetorial licenciada
U+2C6F,Ɐ,LATIN CAPITAL LETTER TURNED A,DejaVu Serif: base vetorial licenciada
U+2C70,Ɒ,LATIN CAPITAL LETTER TURNED ALPHA,DejaVu Serif: base vetorial licenciada
U+2C71,ⱱ,LATIN SMALL LETTER V WITH RIGHT HOOK,DejaVu Serif: base vetorial licenciada
U+2C72,Ⱳ,LATIN CAPITAL LETTER W WITH HOOK,DejaVu Serif: base vetorial licenciada
U+2C73,ⱳ,LATIN SMALL LETTER W WITH HOOK,DejaVu Serif: base vetorial licenciada
U+2C75,Ⱶ,LATIN CAPITAL LETTER HALF H,DejaVu Serif: base vetorial licenciada
U+2C76,ⱶ,LATIN SMALL LETTER HALF H,DejaVu Serif: base vetorial licenciada
U+2C77,ⱷ,LATIN SMALL LETTER TAILLESS PHI,DejaVu Serif: base vetorial licenciada
U+2C79,ⱹ,LATIN SMALL LETTER TURNED R WITH TAIL,DejaVu Serif: base vetorial licenciada
U+2C7A,ⱺ,LATIN SMALL LETTER O WITH LOW RING INSIDE,DejaVu Serif: base vetorial licenciada
U+2C7B,ⱻ,LATIN LETTER SMALL CAPITAL TURNED E,DejaVu Serif: base vetorial licenciada
U+2C7C,ⱼ,LATIN SUBSCRIPT SMALL LETTER J,DejaVu Serif: base vetorial licenciada
U+2C7D,ⱽ,MODIFIER LETTER CAPITAL V,DejaVu Serif: base vetorial licenciada
U+2C7E,Ȿ,LATIN CAPITAL LETTER S WITH SWASH TAIL,DejaVu Serif: base vetorial licenciada
U+2C7F,Ɀ,LATIN CAPITAL LETTER Z WITH SWASH TAIL,DejaVu Serif: base vetorial licenciada
U+2D00,ⴀ,GEORGIAN SMALL LETTER AN,DejaVu Serif: base vetorial licenciada
U+2D01,ⴁ,GEORGIAN SMALL LETTER BAN,DejaVu Serif: base vetorial licenciada
U+2D02,ⴂ,GEORGIAN SMALL LETTER GAN,DejaVu Serif: base vetorial licenciada
U+2D03,ⴃ,GEORGIAN SMALL LETTER DON,DejaVu Serif: base vetorial licenciada
U+2D04,ⴄ,GEORGIAN SMALL LETTER EN,DejaVu Serif: base vetorial licenciada
U+2D05,ⴅ,GEORGIAN SMALL LETTER VIN,DejaVu Serif: base vetorial licenciada
U+2D06,ⴆ,GEORGIAN SMALL LETTER ZEN,DejaVu Serif: base vetorial licenciada
U+2D07,ⴇ,GEORGIAN SMALL LETTER TAN,DejaVu Serif: base vetorial licenciada
U+2D08,ⴈ,GEORGIAN SMALL LETTER IN,DejaVu Serif: base vetorial licenciada
U+2D09,ⴉ,GEORGIAN SMALL LETTER KAN,DejaVu Serif: base vetorial licenciada
U+2D0A,ⴊ,GEORGIAN SMALL LETTER LAS,DejaVu Serif: base vetorial licenciada
U+2D0B,ⴋ,GEORGIAN SMALL LETTER MAN,DejaVu Serif: base vetorial licenciada
U+2D0C,ⴌ,GEORGIAN SMALL LETTER NAR,DejaVu Serif: base vetorial licenciada
U+2D0D,ⴍ,GEORGIAN SMALL LETTER ON,DejaVu Serif: base vetorial licenciada
U+2D0E,ⴎ,GEORGIAN SMALL LETTER PAR,DejaVu Serif: base vetorial licenciada
U+2D0F,ⴏ,GEORGIAN SMALL LETTER ZHAR,DejaVu Serif: base vetorial licenciada
U+2D10,ⴐ,GEORGIAN SMALL LETTER RAE,DejaVu Serif: base vetorial licenciada
U+2D11,ⴑ,GEORGIAN SMALL LETTER SAN,DejaVu Serif: base vetorial licenciada
U+2D12,ⴒ,GEORGIAN SMALL LETTER TAR,DejaVu Serif: base vetorial licenciada
U+2D13,ⴓ,GEORGIAN SMALL LETTER UN,DejaVu Serif: base vetorial licenciada
U+2D14,ⴔ,GEORGIAN SMALL LETTER PHAR,DejaVu Serif: base vetorial licenciada
U+2D15,ⴕ,GEORGIAN SMALL LETTER KHAR,DejaVu Serif: base vetorial licenciada
U+2D16,ⴖ,GEORGIAN SMALL LETTER GHAN,DejaVu Serif: base vetorial licenciada
U+2D17,ⴗ,GEORGIAN SMALL LETTER QAR,DejaVu Serif: base vetorial licenciada
U+2D18,ⴘ,GEORGIAN SMALL LETTER SHIN,DejaVu Serif: base vetorial licenciada
U+2D19,ⴙ,GEORGIAN SMALL LETTER CHIN,DejaVu Serif: base vetorial licenciada
U+2D1A,ⴚ,GEORGIAN SMALL LETTER CAN,DejaVu Serif: base vetorial licenciada
U+2D1B,ⴛ,GEORGIAN SMALL LETTER JIL,DejaVu Serif: base vetorial licenciada
U+2D1C,ⴜ,GEORGIAN SMALL LETTER CIL,DejaVu Serif: base vetorial licenciada
U+2D1D,ⴝ,GEORGIAN SMALL LETTER CHAR,DejaVu Serif: base vetorial licenciada
U+2D1E,ⴞ,GEORGIAN SMALL LETTER XAN,DejaVu Serif: base vetorial licenciada
U+2D1F,ⴟ,GEORGIAN SMALL LETTER JHAN,DejaVu Serif: base vetorial licenciada
U+2D20,ⴠ,GEORGIAN SMALL LETTER HAE,DejaVu Serif: base vetorial licenciada
U+2D21,ⴡ,GEORGIAN SMALL LETTER HE,DejaVu Serif: base vetorial licenciada
U+2D22,ⴢ,GEORGIAN SMALL LETTER HIE,DejaVu Serif: base vetorial licenciada
U+2D23,ⴣ,GEORGIAN SMALL LETTER WE,DejaVu Serif: base vetorial licenciada
U+2D24,ⴤ,GEORGIAN SMALL LETTER HAR,DejaVu Serif: base vetorial licenciada
U+2D25,ⴥ,GEORGIAN SMALL LETTER HOE,DejaVu Serif: base vetorial licenciada
U+2E18,⸘,INVERTED INTERROBANG,DejaVu Serif: base vetorial licenciada
U+2E1F,⸟,TILDE WITH DOT BELOW,DejaVu Serif: base vetorial licenciada
U+2E22,⸢,TOP LEFT HALF BRACKET,DejaVu Serif: base vetorial licenciada
U+2E23,⸣,TOP RIGHT HALF BRACKET,DejaVu Serif: base vetorial licenciada
U+2E24,⸤,BOTTOM LEFT HALF BRACKET,DejaVu Serif: base vetorial licenciada
U+2E25,⸥,BOTTOM RIGHT HALF BRACKET,DejaVu Serif: base vetorial licenciada
U+2E2E,⸮,REVERSED QUESTION MARK,DejaVu Serif: base vetorial licenciada
U+A644,Ꙅ,CYRILLIC CAPITAL LETTER REVERSED DZE,DejaVu Serif: base vetorial licenciada
U+A645,ꙅ,CYRILLIC SMALL LETTER REVERSED DZE,DejaVu Serif: base vetorial licenciada
U+A646,Ꙇ,CYRILLIC CAPITAL LETTER IOTA,DejaVu Serif: base vetorial licenciada
U+A647,ꙇ,CYRILLIC SMALL LETTER IOTA,DejaVu Serif: base vetorial licenciada
U+A650,Ꙑ,CYRILLIC CAPITAL LETTER YERU WITH BACK YER,DejaVu Serif: base vetorial licenciada
U+A651,ꙑ,CYRILLIC SMALL LETTER YERU WITH BACK YER,DejaVu Serif: base vetorial licenciada
U+A654,Ꙕ,CYRILLIC CAPITAL LETTER REVERSED YU,DejaVu Serif: base vetorial licenciada
U+A655,ꙕ,CYRILLIC SMALL LETTER REVERSED YU,DejaVu Serif: base vetorial licenciada
U+A656,Ꙗ,CYRILLIC CAPITAL LETTER IOTIFIED A,DejaVu Serif: base vetorial licenciada
U+A657,ꙗ,CYRILLIC SMALL LETTER IOTIFIED A,DejaVu Serif: base vetorial licenciada
U+A698,Ꚙ,CYRILLIC CAPITAL LETTER DOUBLE O,DejaVu Serif: base vetorial licenciada
U+A699,ꚙ,CYRILLIC SMALL LETTER DOUBLE O,DejaVu Serif: base vetorial licenciada
U+A708,꜈,MODIFIER LETTER EXTRA-HIGH DOTTED TONE BAR,DejaVu Serif: base vetorial licenciada
U+A709,꜉,MODIFIER LETTER HIGH DOTTED TONE BAR,DejaVu Serif: base vetorial licenciada
U+A70A,꜊,MODIFIER LETTER MID DOTTED TONE BAR,DejaVu Serif: base vetorial licenciada
U+A70B,꜋,MODIFIER LETTER LOW DOTTED TONE BAR,DejaVu Serif: base vetorial licenciada
U+A70C,꜌,MODIFIER LETTER EXTRA-LOW DOTTED TONE BAR,DejaVu Serif: base vetorial licenciada
U+A70D,꜍,MODIFIER LETTER EXTRA-HIGH DOTTED LEFT-STEM TONE BAR,DejaVu Serif: base vetorial licenciada
U+A70E,꜎,MODIFIER LETTER HIGH DOTTED LEFT-STEM TONE BAR,DejaVu Serif: base vetorial licenciada
U+A70F,꜏,MODIFIER LETTER MID DOTTED LEFT-STEM TONE BAR,DejaVu Serif: base vetorial licenciada
U+A710,꜐,MODIFIER LETTER LOW DOTTED LEFT-STEM TONE BAR,DejaVu Serif: base vetorial licenciada
U+A711,꜑,MODIFIER LETTER EXTRA-LOW DOTTED LEFT-STEM TONE BAR,DejaVu Serif: base vetorial licenciada
U+A712,꜒,MODIFIER LETTER EXTRA-HIGH LEFT-STEM TONE BAR,DejaVu Serif: base vetorial licenciada
U+A713,꜓,MODIFIER LETTER HIGH LEFT-STEM TONE BAR,DejaVu Serif: base vetorial licenciada
U+A714,꜔,MODIFIER LETTER MID LEFT-STEM TONE BAR,DejaVu Serif: base vetorial licenciada
U+A715,꜕,MODIFIER LETTER LOW LEFT-STEM TONE BAR,DejaVu Serif: base vetorial licenciada
U+A716,꜖,MODIFIER LETTER EXTRA-LOW LEFT-STEM TONE BAR,DejaVu Serif: base vetorial licenciada
U+A71B,ꜛ,MODIFIER LETTER RAISED UP ARROW,DejaVu Serif: base vetorial licenciada
U+A71C,ꜜ,MODIFIER LETTER RAISED DOWN ARROW,DejaVu Serif: base vetorial licenciada
U+A71D,ꜝ,MODIFIER LETTER RAISED EXCLAMATION MARK,DejaVu Serif: base vetorial licenciada
U+A71E,ꜞ,MODIFIER LETTER RAISED INVERTED EXCLAMATION MARK,DejaVu Serif: base vetorial licenciada
U+A71F,ꜟ,MODIFIER LETTER LOW INVERTED EXCLAMATION MARK,DejaVu Serif: base vetorial licenciada
U+A726,Ꜧ,LATIN CAPITAL LETTER HENG,DejaVu Serif: base vetorial licenciada
U+A727,ꜧ,LATIN SMALL LETTER HENG,DejaVu Serif: base vetorial licenciada
U+A728,Ꜩ,LATIN CAPITAL LETTER TZ,DejaVu Serif: base vetorial licenciada
U+A729,ꜩ,LATIN SMALL LETTER TZ,DejaVu Serif: base vetorial licenciada
U+A72A,Ꜫ,LATIN CAPITAL LETTER TRESILLO,DejaVu Serif: base vetorial licenciada
U+A72B,ꜫ,LATIN SMALL LETTER TRESILLO,DejaVu Serif: base vetorial licenciada
U+A72C,Ꜭ,LATIN CAPITAL LETTER CUATRILLO,DejaVu Serif: base vetorial licenciada
U+A72D,ꜭ,LATIN SMALL LETTER CUATRILLO,DejaVu Serif: base vetorial licenciada
U+A72E,Ꜯ,LATIN CAPITAL LETTER CUATRILLO WITH COMMA,DejaVu Serif: base vetorial licenciada
U+A72F,ꜯ,LATIN SMALL LETTER CUATRILLO WITH COMMA,DejaVu Serif: base vetorial licenciada
U+A730,ꜰ,LATIN LETTER SMALL CAPITAL F,DejaVu Serif: base vetorial licenciada
U+A731,ꜱ,LATIN LETTER SMALL CAPITAL S,DejaVu Serif: base vetorial licenciada
U+A732,Ꜳ,LATIN CAPITAL LETTER AA,DejaVu Serif: base vetorial licenciada
U+A733,ꜳ,LATIN SMALL LETTER AA,DejaVu Serif: base vetorial licenciada
U+A734,Ꜵ,LATIN CAPITAL LETTER AO,DejaVu Serif: base vetorial licenciada
U+A735,ꜵ,LATIN SMALL LETTER AO,DejaVu Serif: base vetorial licenciada
U+A736,Ꜷ,LATIN CAPITAL LETTER AU,DejaVu Serif: base vetorial licenciada
U+A737,ꜷ,LATIN SMALL LETTER AU,DejaVu Serif: base vetorial licenciada
U+A738,Ꜹ,LATIN CAPITAL LETTER AV,DejaVu Serif: base vetorial licenciada
U+A739,ꜹ,LATIN SMALL LETTER AV,DejaVu Serif: base vetorial licenciada
U+A73A,Ꜻ,LATIN CAPITAL LETTER AV WITH HORIZONTAL BAR,DejaVu Serif: base vetorial licenciada
U+A73B,ꜻ,LATIN SMALL LETTER AV WITH HORIZONTAL BAR,DejaVu Serif: base vetorial licenciada
U+A73C,Ꜽ,LATIN CAPITAL LETTER AY,DejaVu Serif: base vetorial licenciada
U+A73D,ꜽ,LATIN SMALL LETTER AY,DejaVu Serif: base vetorial licenciada
U+A73E,Ꜿ,LATIN CAPITAL LETTER REVERSED C WITH DOT,DejaVu Serif: base vetorial licenciada
U+A73F,ꜿ,LATIN SMALL LETTER REVERSED C WITH DOT,DejaVu Serif: base vetorial licenciada
U+A740,Ꝁ,LATIN CAPITAL LETTER K WITH STROKE,DejaVu Serif: base vetorial licenciada
U+A741,ꝁ,LATIN SMALL LETTER K WITH STROKE,DejaVu Serif: base vetorial licenciada
U+A746,Ꝇ,LATIN CAPITAL LETTER BROKEN L,DejaVu Serif: base vetorial licenciada
U+A747,ꝇ,LATIN SMALL LETTER BROKEN L,DejaVu Serif: base vetorial licenciada
U+A74A,Ꝋ,LATIN CAPITAL LETTER O WITH LONG STROKE OVERLAY,DejaVu Serif: base vetorial licenciada
U+A74B,ꝋ,LATIN SMALL LETTER O WITH LONG STROKE OVERLAY,DejaVu Serif: base vetorial licenciada
U+A74E,Ꝏ,LATIN CAPITAL LETTER OO,DejaVu Serif: base vetorial licenciada
U+A74F,ꝏ,LATIN SMALL LETTER OO,DejaVu Serif: base vetorial licenciada
U+A768,Ꝩ,LATIN CAPITAL LETTER VEND,DejaVu Serif: base vetorial licenciada
U+A769,ꝩ,LATIN SMALL LETTER VEND,DejaVu Serif: base vetorial licenciada
U+A77B,Ꝼ,LATIN CAPITAL LETTER INSULAR F,DejaVu Serif: base vetorial licenciada
U+A77C,ꝼ,LATIN SMALL LETTER INSULAR F,DejaVu Serif: base vetorial licenciada
U+A780,Ꞁ,LATIN CAPITAL LETTER TURNED L,DejaVu Serif: base vetorial licenciada
U+A781,ꞁ,LATIN SMALL LETTER TURNED L,DejaVu Serif: base vetorial licenciada
U+A782,Ꞃ,LATIN CAPITAL LETTER INSULAR R,DejaVu Serif: base vetorial licenciada
U+A783,ꞃ,LATIN SMALL LETTER INSULAR R,DejaVu Serif: base vetorial licenciada
U+A784,Ꞅ,LATIN CAPITAL LETTER INSULAR S,DejaVu Serif: base vetorial licenciada
U+A785,ꞅ,LATIN SMALL LETTER INSULAR S,DejaVu Serif: base vetorial licenciada
U+A786,Ꞇ,LATIN CAPITAL LETTER INSULAR T,DejaVu Serif: base vetorial licenciada
U+A787,ꞇ,LATIN SMALL LETTER INSULAR T,DejaVu Serif: base vetorial licenciada
U+A78B,Ꞌ,LATIN CAPITAL LETTER SALTILLO,DejaVu Serif: base vetorial licenciada
U+A78C,ꞌ,LATIN SMALL LETTER SALTILLO,DejaVu Serif: base vetorial licenciada
U+A78D,Ɥ,LATIN CAPITAL LETTER TURNED H,DejaVu Serif: base vetorial licenciada
U+A790,Ꞑ,LATIN CAPITAL LETTER N WITH DESCENDER,DejaVu Serif: base vetorial licenciada
U+A791,ꞑ,LATIN SMALL LETTER N WITH DESCENDER,DejaVu Serif: base vetorial licenciada
U+A7AA,Ɦ,LATIN CAPITAL LETTER H WITH HOOK,DejaVu Serif: base vetorial licenciada
U+A7F8,ꟸ,MODIFIER LETTER CAPITAL H WITH STROKE,DejaVu Serif: base vetorial licenciada
U+A7F9,ꟹ,MODIFIER LETTER SMALL LIGATURE OE,DejaVu Serif: base vetorial licenciada
U+A7FA,ꟺ,LATIN LETTER SMALL CAPITAL TURNED M,DejaVu Serif: base vetorial licenciada
U+A7FB,ꟻ,LATIN EPIGRAPHIC LETTER REVERSED F,DejaVu Serif: base vetorial licenciada
U+A7FC,ꟼ,LATIN EPIGRAPHIC LETTER REVERSED P,DejaVu Serif: base vetorial licenciada
U+A7FD,ꟽ,LATIN EPIGRAPHIC LETTER INVERTED M,DejaVu Serif: base vetorial licenciada
U+A7FE,ꟾ,LATIN EPIGRAPHIC LETTER I LONGA,DejaVu Serif: base vetorial licenciada
U+A7FF,ꟿ,LATIN EPIGRAPHIC LETTER ARCHAIC M,DejaVu Serif: base vetorial licenciada
U+F400,,,DejaVu Serif: base vetorial licenciada
U+F401,,,DejaVu Serif: base vetorial licenciada
U+F402,,,DejaVu Serif: base vetorial licenciada
U+F403,,,DejaVu Serif: base vetorial licenciada
U+F404,,,DejaVu Serif: base vetorial licenciada
U+F405,,,DejaVu Serif: base vetorial licenciada
U+F406,,,DejaVu Serif: base vetorial licenciada
U+F407,,,DejaVu Serif: base vetorial licenciada
U+F408,,,DejaVu Serif: base vetorial licenciada
U+F409,,,DejaVu Serif: base vetorial licenciada
U+F40A,,,DejaVu Serif: base vetorial licenciada
U+F40B,,,DejaVu Serif: base vetorial licenciada
U+F40C,,,DejaVu Serif: base vetorial licenciada
U+F40D,,,DejaVu Serif: base vetorial licenciada
U+F40E,,,DejaVu Serif: base vetorial licenciada
U+F40F,,,DejaVu Serif: base vetorial licenciada
U+F410,,,DejaVu Serif: base vetorial licenciada
U+F411,,,DejaVu Serif: base vetorial licenciada
U+F412,,,DejaVu Serif: base vetorial licenciada
U+F413,,,DejaVu Serif: base vetorial licenciada
U+F414,,,DejaVu Serif: base vetorial licenciada
U+F415,,,DejaVu Serif: base vetorial licenciada
U+F416,,,DejaVu Serif: base vetorial licenciada
U+F417,,,DejaVu Serif: base vetorial licenciada
U+F418,,,DejaVu Serif: base vetorial licenciada
U+F419,,,DejaVu Serif: base vetorial licenciada
U+F41A,,,DejaVu Serif: base vetorial licenciada
U+F41B,,,DejaVu Serif: base vetorial licenciada
U+F41C,,,DejaVu Serif: base vetorial licenciada
U+F41D,,,DejaVu Serif: base vetorial licenciada
U+F41E,,,DejaVu Serif: base vetorial licenciada
U+F41F,,,DejaVu Serif: base vetorial licenciada
U+F420,,,DejaVu Serif: base vetorial licenciada
U+F421,,,DejaVu Serif: base vetorial licenciada
U+F422,,,DejaVu Serif: base vetorial licenciada
U+F423,,,DejaVu Serif: base vetorial licenciada
U+F424,,,DejaVu Serif: base vetorial licenciada
U+F425,,,DejaVu Serif: base vetorial licenciada
U+F426,,,DejaVu Serif: base vetorial licenciada
U+F428,,,DejaVu Serif: base vetorial licenciada
U+F6C5,,,DejaVu Serif: base vetorial licenciada
U+F6D1,,,DejaVu Serif: base vetorial licenciada
U+F6D4,,,DejaVu Serif: base vetorial licenciada
U+FB00,ﬀ,LATIN SMALL LIGATURE FF,DejaVu Serif: base vetorial licenciada
U+FB01,ﬁ,LATIN SMALL LIGATURE FI,DejaVu Serif: base vetorial licenciada
U+FB02,ﬂ,LATIN SMALL LIGATURE FL,DejaVu Serif: base vetorial licenciada
U+FB03,ﬃ,LATIN SMALL LIGATURE FFI,DejaVu Serif: base vetorial licenciada
U+FB04,ﬄ,LATIN SMALL LIGATURE FFL,DejaVu Serif: base vetorial licenciada
U+FB05,ﬅ,LATIN SMALL LIGATURE LONG S T,DejaVu Serif: base vetorial licenciada
U+FB06,ﬆ,LATIN SMALL LIGATURE ST,DejaVu Serif: base vetorial licenciada
U+FE00,︀,VARIATION SELECTOR-1,DejaVu Serif: base vetorial licenciada
U+FE01,︁,VARIATION SELECTOR-2,DejaVu Serif: base vetorial licenciada
U+FE02,︂,VARIATION SELECTOR-3,DejaVu Serif: base vetorial licenciada
U+FE03,︃,VARIATION SELECTOR-4,DejaVu Serif: base vetorial licenciada
U+FE04,︄,VARIATION SELECTOR-5,DejaVu Serif: base vetorial licenciada
U+FE05,︅,VARIATION SELECTOR-6,DejaVu Serif: base vetorial licenciada
U+FE06,︆,VARIATION SELECTOR-7,DejaVu Serif: base vetorial licenciada
U+FE07,︇,VARIATION SELECTOR-8,DejaVu Serif: base vetorial licenciada
U+FE08,︈,VARIATION SELECTOR-9,DejaVu Serif: base vetorial licenciada
U+FE09,︉,VARIATION SELECTOR-10,DejaVu Serif: base vetorial licenciada
U+FE0A,︊,VARIATION SELECTOR-11,DejaVu Serif: base vetorial licenciada
U+FE0B,︋,VARIATION SELECTOR-12,DejaVu Serif: base vetorial licenciada
U+FE0C,︌,VARIATION SELECTOR-13,DejaVu Serif: base vetorial licenciada
U+FE0D,︍,VARIATION SELECTOR-14,DejaVu Serif: base vetorial licenciada
U+FE0E,︎,VARIATION SELECTOR-15,DejaVu Serif: base vetorial licenciada
U+FE0F,️,VARIATION SELECTOR-16,DejaVu Serif: base vetorial licenciada
U+FFF9,￹,INTERLINEAR ANNOTATION ANCHOR,DejaVu Serif: base vetorial licenciada
U+FFFA,￺,INTERLINEAR ANNOTATION SEPARATOR,DejaVu Serif: base vetorial licenciada
U+FFFB,￻,INTERLINEAR ANNOTATION TERMINATOR,DejaVu Serif: base vetorial licenciada
U+FFFC,￼,OBJECT REPLACEMENT CHARACTER,DejaVu Serif: base vetorial licenciada
U+FFFD,�,REPLACEMENT CHARACTER,DejaVu Serif: base vetorial licenciada
U+1D400,𝐀,MATHEMATICAL BOLD CAPITAL A,Latin Modern Math: adaptação de escala; licença GUST
U+1D401,𝐁,MATHEMATICAL BOLD CAPITAL B,Latin Modern Math: adaptação de escala; licença GUST
U+1D402,𝐂,MATHEMATICAL BOLD CAPITAL C,Latin Modern Math: adaptação de escala; licença GUST
U+1D403,𝐃,MATHEMATICAL BOLD CAPITAL D,Latin Modern Math: adaptação de escala; licença GUST
U+1D404,𝐄,MATHEMATICAL BOLD CAPITAL E,Latin Modern Math: adaptação de escala; licença GUST
U+1D405,𝐅,MATHEMATICAL BOLD CAPITAL F,Latin Modern Math: adaptação de escala; licença GUST
U+1D406,𝐆,MATHEMATICAL BOLD CAPITAL G,Latin Modern Math: adaptação de escala; licença GUST
U+1D407,𝐇,MATHEMATICAL BOLD CAPITAL H,Latin Modern Math: adaptação de escala; licença GUST
U+1D408,𝐈,MATHEMATICAL BOLD CAPITAL I,Latin Modern Math: adaptação de escala; licença GUST
U+1D409,𝐉,MATHEMATICAL BOLD CAPITAL J,Latin Modern Math: adaptação de escala; licença GUST
U+1D40A,𝐊,MATHEMATICAL BOLD CAPITAL K,Latin Modern Math: adaptação de escala; licença GUST
U+1D40B,𝐋,MATHEMATICAL BOLD CAPITAL L,Latin Modern Math: adaptação de escala; licença GUST
U+1D40C,𝐌,MATHEMATICAL BOLD CAPITAL M,Latin Modern Math: adaptação de escala; licença GUST
U+1D40D,𝐍,MATHEMATICAL BOLD CAPITAL N,Latin Modern Math: adaptação de escala; licença GUST
U+1D40E,𝐎,MATHEMATICAL BOLD CAPITAL O,Latin Modern Math: adaptação de escala; licença GUST
U+1D40F,𝐏,MATHEMATICAL BOLD CAPITAL P,Latin Modern Math: adaptação de escala; licença GUST
U+1D410,𝐐,MATHEMATICAL BOLD CAPITAL Q,Latin Modern Math: adaptação de escala; licença GUST
U+1D411,𝐑,MATHEMATICAL BOLD CAPITAL R,Latin Modern Math: adaptação de escala; licença GUST
U+1D412,𝐒,MATHEMATICAL BOLD CAPITAL S,Latin Modern Math: adaptação de escala; licença GUST
U+1D413,𝐓,MATHEMATICAL BOLD CAPITAL T,Latin Modern Math: adaptação de escala; licença GUST
U+1D414,𝐔,MATHEMATICAL BOLD CAPITAL U,Latin Modern Math: adaptação de escala; licença GUST
U+1D415,𝐕,MATHEMATICAL BOLD CAPITAL V,Latin Modern Math: adaptação de escala; licença GUST
U+1D416,𝐖,MATHEMATICAL BOLD CAPITAL W,Latin Modern Math: adaptação de escala; licença GUST
U+1D417,𝐗,MATHEMATICAL BOLD CAPITAL X,Latin Modern Math: adaptação de escala; licença GUST
U+1D418,𝐘,MATHEMATICAL BOLD CAPITAL Y,Latin Modern Math: adaptação de escala; licença GUST
U+1D419,𝐙,MATHEMATICAL BOLD CAPITAL Z,Latin Modern Math: adaptação de escala; licença GUST
U+1D41A,𝐚,MATHEMATICAL BOLD SMALL A,Latin Modern Math: adaptação de escala; licença GUST
U+1D41B,𝐛,MATHEMATICAL BOLD SMALL B,Latin Modern Math: adaptação de escala; licença GUST
U+1D41C,𝐜,MATHEMATICAL BOLD SMALL C,Latin Modern Math: adaptação de escala; licença GUST
U+1D41D,𝐝,MATHEMATICAL BOLD SMALL D,Latin Modern Math: adaptação de escala; licença GUST
U+1D41E,𝐞,MATHEMATICAL BOLD SMALL E,Latin Modern Math: adaptação de escala; licença GUST
U+1D41F,𝐟,MATHEMATICAL BOLD SMALL F,Latin Modern Math: adaptação de escala; licença GUST
U+1D420,𝐠,MATHEMATICAL BOLD SMALL G,Latin Modern Math: adaptação de escala; licença GUST
U+1D421,𝐡,MATHEMATICAL BOLD SMALL H,Latin Modern Math: adaptação de escala; licença GUST
U+1D422,𝐢,MATHEMATICAL BOLD SMALL I,Latin Modern Math: adaptação de escala; licença GUST
U+1D423,𝐣,MATHEMATICAL BOLD SMALL J,Latin Modern Math: adaptação de escala; licença GUST
U+1D424,𝐤,MATHEMATICAL BOLD SMALL K,Latin Modern Math: adaptação de escala; licença GUST
U+1D425,𝐥,MATHEMATICAL BOLD SMALL L,Latin Modern Math: adaptação de escala; licença GUST
U+1D426,𝐦,MATHEMATICAL BOLD SMALL M,Latin Modern Math: adaptação de escala; licença GUST
U+1D427,𝐧,MATHEMATICAL BOLD SMALL N,Latin Modern Math: adaptação de escala; licença GUST
U+1D428,𝐨,MATHEMATICAL BOLD SMALL O,Latin Modern Math: adaptação de escala; licença GUST
U+1D429,𝐩,MATHEMATICAL BOLD SMALL P,Latin Modern Math: adaptação de escala; licença GUST
U+1D42A,𝐪,MATHEMATICAL BOLD SMALL Q,Latin Modern Math: adaptação de escala; licença GUST
U+1D42B,𝐫,MATHEMATICAL BOLD SMALL R,Latin Modern Math: adaptação de escala; licença GUST
U+1D42C,𝐬,MATHEMATICAL BOLD SMALL S,Latin Modern Math: adaptação de escala; licença GUST
U+1D42D,𝐭,MATHEMATICAL BOLD SMALL T,Latin Modern Math: adaptação de escala; licença GUST
U+1D42E,𝐮,MATHEMATICAL BOLD SMALL U,Latin Modern Math: adaptação de escala; licença GUST
U+1D42F,𝐯,MATHEMATICAL BOLD SMALL V,Latin Modern Math: adaptação de escala; licença GUST
U+1D430,𝐰,MATHEMATICAL BOLD SMALL W,Latin Modern Math: adaptação de escala; licença GUST
U+1D431,𝐱,MATHEMATICAL BOLD SMALL X,Latin Modern Math: adaptação de escala; licença GUST
U+1D432,𝐲,MATHEMATICAL BOLD SMALL Y,Latin Modern Math: adaptação de escala; licença GUST
U+1D433,𝐳,MATHEMATICAL BOLD SMALL Z,Latin Modern Math: adaptação de escala; licença GUST
U+1D434,𝐴,MATHEMATICAL ITALIC CAPITAL A,DejaVu Serif: base vetorial licenciada
U+1D435,𝐵,MATHEMATICAL ITALIC CAPITAL B,DejaVu Serif: base vetorial licenciada
U+1D436,𝐶,MATHEMATICAL ITALIC CAPITAL C,DejaVu Serif: base vetorial licenciada
U+1D437,𝐷,MATHEMATICAL ITALIC CAPITAL D,DejaVu Serif: base vetorial licenciada
U+1D438,𝐸,MATHEMATICAL ITALIC CAPITAL E,DejaVu Serif: base vetorial licenciada
U+1D439,𝐹,MATHEMATICAL ITALIC CAPITAL F,DejaVu Serif: base vetorial licenciada
U+1D43A,𝐺,MATHEMATICAL ITALIC CAPITAL G,DejaVu Serif: base vetorial licenciada
U+1D43B,𝐻,MATHEMATICAL ITALIC CAPITAL H,DejaVu Serif: base vetorial licenciada
U+1D43C,𝐼,MATHEMATICAL ITALIC CAPITAL I,DejaVu Serif: base vetorial licenciada
U+1D43D,𝐽,MATHEMATICAL ITALIC CAPITAL J,DejaVu Serif: base vetorial licenciada
U+1D43E,𝐾,MATHEMATICAL ITALIC CAPITAL K,DejaVu Serif: base vetorial licenciada
U+1D43F,𝐿,MATHEMATICAL ITALIC CAPITAL L,DejaVu Serif: base vetorial licenciada
U+1D440,𝑀,MATHEMATICAL ITALIC CAPITAL M,DejaVu Serif: base vetorial licenciada
U+1D441,𝑁,MATHEMATICAL ITALIC CAPITAL N,DejaVu Serif: base vetorial licenciada
U+1D442,𝑂,MATHEMATICAL ITALIC CAPITAL O,DejaVu Serif: base vetorial licenciada
U+1D443,𝑃,MATHEMATICAL ITALIC CAPITAL P,DejaVu Serif: base vetorial licenciada
U+1D444,𝑄,MATHEMATICAL ITALIC CAPITAL Q,DejaVu Serif: base vetorial licenciada
U+1D445,𝑅,MATHEMATICAL ITALIC CAPITAL R,DejaVu Serif: base vetorial licenciada
U+1D446,𝑆,MATHEMATICAL ITALIC CAPITAL S,DejaVu Serif: base vetorial licenciada
U+1D447,𝑇,MATHEMATICAL ITALIC CAPITAL T,DejaVu Serif: base vetorial licenciada
U+1D448,𝑈,MATHEMATICAL ITALIC CAPITAL U,DejaVu Serif: base vetorial licenciada
U+1D449,𝑉,MATHEMATICAL ITALIC CAPITAL V,DejaVu Serif: base vetorial licenciada
U+1D44A,𝑊,MATHEMATICAL ITALIC CAPITAL W,DejaVu Serif: base vetorial licenciada
U+1D44B,𝑋,MATHEMATICAL ITALIC CAPITAL X,DejaVu Serif: base vetorial licenciada
U+1D44C,𝑌,MATHEMATICAL ITALIC CAPITAL Y,DejaVu Serif: base vetorial licenciada
U+1D44D,𝑍,MATHEMATICAL ITALIC CAPITAL Z,DejaVu Serif: base vetorial licenciada
U+1D44E,𝑎,MATHEMATICAL ITALIC SMALL A,DejaVu Serif: base vetorial licenciada
U+1D44F,𝑏,MATHEMATICAL ITALIC SMALL B,DejaVu Serif: base vetorial licenciada
U+1D450,𝑐,MATHEMATICAL ITALIC SMALL C,DejaVu Serif: base vetorial licenciada
U+1D451,𝑑,MATHEMATICAL ITALIC SMALL D,DejaVu Serif: base vetorial licenciada
U+1D452,𝑒,MATHEMATICAL ITALIC SMALL E,DejaVu Serif: base vetorial licenciada
U+1D453,𝑓,MATHEMATICAL ITALIC SMALL F,DejaVu Serif: base vetorial licenciada
U+1D454,𝑔,MATHEMATICAL ITALIC SMALL G,DejaVu Serif: base vetorial licenciada
U+1D456,𝑖,MATHEMATICAL ITALIC SMALL I,DejaVu Serif: base vetorial licenciada
U+1D457,𝑗,MATHEMATICAL ITALIC SMALL J,DejaVu Serif: base vetorial licenciada
U+1D458,𝑘,MATHEMATICAL ITALIC SMALL K,DejaVu Serif: base vetorial licenciada
U+1D459,𝑙,MATHEMATICAL ITALIC SMALL L,DejaVu Serif: base vetorial licenciada
U+1D45A,𝑚,MATHEMATICAL ITALIC SMALL M,DejaVu Serif: base vetorial licenciada
U+1D45B,𝑛,MATHEMATICAL ITALIC SMALL N,DejaVu Serif: base vetorial licenciada
U+1D45C,𝑜,MATHEMATICAL ITALIC SMALL O,DejaVu Serif: base vetorial licenciada
U+1D45D,𝑝,MATHEMATICAL ITALIC SMALL P,DejaVu Serif: base vetorial licenciada
U+1D45E,𝑞,MATHEMATICAL ITALIC SMALL Q,DejaVu Serif: base vetorial licenciada
U+1D45F,𝑟,MATHEMATICAL ITALIC SMALL R,DejaVu Serif: base vetorial licenciada
U+1D460,𝑠,MATHEMATICAL ITALIC SMALL S,DejaVu Serif: base vetorial licenciada
U+1D461,𝑡,MATHEMATICAL ITALIC SMALL T,DejaVu Serif: base vetorial licenciada
U+1D462,𝑢,MATHEMATICAL ITALIC SMALL U,DejaVu Serif: base vetorial licenciada
U+1D463,𝑣,MATHEMATICAL ITALIC SMALL V,DejaVu Serif: base vetorial licenciada
U+1D464,𝑤,MATHEMATICAL ITALIC SMALL W,DejaVu Serif: base vetorial licenciada
U+1D465,𝑥,MATHEMATICAL ITALIC SMALL X,DejaVu Serif: base vetorial licenciada
U+1D466,𝑦,MATHEMATICAL ITALIC SMALL Y,DejaVu Serif: base vetorial licenciada
U+1D467,𝑧,MATHEMATICAL ITALIC SMALL Z,DejaVu Serif: base vetorial licenciada
U+1D468,𝑨,MATHEMATICAL BOLD ITALIC CAPITAL A,Latin Modern Math: adaptação de escala; licença GUST
U+1D469,𝑩,MATHEMATICAL BOLD ITALIC CAPITAL B,Latin Modern Math: adaptação de escala; licença GUST
U+1D46A,𝑪,MATHEMATICAL BOLD ITALIC CAPITAL C,Latin Modern Math: adaptação de escala; licença GUST
U+1D46B,𝑫,MATHEMATICAL BOLD ITALIC CAPITAL D,Latin Modern Math: adaptação de escala; licença GUST
U+1D46C,𝑬,MATHEMATICAL BOLD ITALIC CAPITAL E,Latin Modern Math: adaptação de escala; licença GUST
U+1D46D,𝑭,MATHEMATICAL BOLD ITALIC CAPITAL F,Latin Modern Math: adaptação de escala; licença GUST
U+1D46E,𝑮,MATHEMATICAL BOLD ITALIC CAPITAL G,Latin Modern Math: adaptação de escala; licença GUST
U+1D46F,𝑯,MATHEMATICAL BOLD ITALIC CAPITAL H,Latin Modern Math: adaptação de escala; licença GUST
U+1D470,𝑰,MATHEMATICAL BOLD ITALIC CAPITAL I,Latin Modern Math: adaptação de escala; licença GUST
U+1D471,𝑱,MATHEMATICAL BOLD ITALIC CAPITAL J,Latin Modern Math: adaptação de escala; licença GUST
U+1D472,𝑲,MATHEMATICAL BOLD ITALIC CAPITAL K,Latin Modern Math: adaptação de escala; licença GUST
U+1D473,𝑳,MATHEMATICAL BOLD ITALIC CAPITAL L,Latin Modern Math: adaptação de escala; licença GUST
U+1D474,𝑴,MATHEMATICAL BOLD ITALIC CAPITAL M,Latin Modern Math: adaptação de escala; licença GUST
U+1D475,𝑵,MATHEMATICAL BOLD ITALIC CAPITAL N,Latin Modern Math: adaptação de escala; licença GUST
U+1D476,𝑶,MATHEMATICAL BOLD ITALIC CAPITAL O,Latin Modern Math: adaptação de escala; licença GUST
U+1D477,𝑷,MATHEMATICAL BOLD ITALIC CAPITAL P,Latin Modern Math: adaptação de escala; licença GUST
U+1D478,𝑸,MATHEMATICAL BOLD ITALIC CAPITAL Q,Latin Modern Math: adaptação de escala; licença GUST
U+1D479,𝑹,MATHEMATICAL BOLD ITALIC CAPITAL R,Latin Modern Math: adaptação de escala; licença GUST
U+1D47A,𝑺,MATHEMATICAL BOLD ITALIC CAPITAL S,Latin Modern Math: adaptação de escala; licença GUST
U+1D47B,𝑻,MATHEMATICAL BOLD ITALIC CAPITAL T,Latin Modern Math: adaptação de escala; licença GUST
U+1D47C,𝑼,MATHEMATICAL BOLD ITALIC CAPITAL U,Latin Modern Math: adaptação de escala; licença GUST
U+1D47D,𝑽,MATHEMATICAL BOLD ITALIC CAPITAL V,Latin Modern Math: adaptação de escala; licença GUST
U+1D47E,𝑾,MATHEMATICAL BOLD ITALIC CAPITAL W,Latin Modern Math: adaptação de escala; licença GUST
U+1D47F,𝑿,MATHEMATICAL BOLD ITALIC CAPITAL X,Latin Modern Math: adaptação de escala; licença GUST
U+1D480,𝒀,MATHEMATICAL BOLD ITALIC CAPITAL Y,Latin Modern Math: adaptação de escala; licença GUST
U+1D481,𝒁,MATHEMATICAL BOLD ITALIC CAPITAL Z,Latin Modern Math: adaptação de escala; licença GUST
U+1D482,𝒂,MATHEMATICAL BOLD ITALIC SMALL A,Latin Modern Math: adaptação de escala; licença GUST
U+1D483,𝒃,MATHEMATICAL BOLD ITALIC SMALL B,Latin Modern Math: adaptação de escala; licença GUST
U+1D484,𝒄,MATHEMATICAL BOLD ITALIC SMALL C,Latin Modern Math: adaptação de escala; licença GUST
U+1D485,𝒅,MATHEMATICAL BOLD ITALIC SMALL D,Latin Modern Math: adaptação de escala; licença GUST
U+1D486,𝒆,MATHEMATICAL BOLD ITALIC SMALL E,Latin Modern Math: adaptação de escala; licença GUST
U+1D487,𝒇,MATHEMATICAL BOLD ITALIC SMALL F,Latin Modern Math: adaptação de escala; licença GUST
U+1D488,𝒈,MATHEMATICAL BOLD ITALIC SMALL G,Latin Modern Math: adaptação de escala; licença GUST
U+1D489,𝒉,MATHEMATICAL BOLD ITALIC SMALL H,Latin Modern Math: adaptação de escala; licença GUST
U+1D48A,𝒊,MATHEMATICAL BOLD ITALIC SMALL I,Latin Modern Math: adaptação de escala; licença GUST
U+1D48B,𝒋,MATHEMATICAL BOLD ITALIC SMALL J,Latin Modern Math: adaptação de escala; licença GUST
U+1D48C,𝒌,MATHEMATICAL BOLD ITALIC SMALL K,Latin Modern Math: adaptação de escala; licença GUST
U+1D48D,𝒍,MATHEMATICAL BOLD ITALIC SMALL L,Latin Modern Math: adaptação de escala; licença GUST
U+1D48E,𝒎,MATHEMATICAL BOLD ITALIC SMALL M,Latin Modern Math: adaptação de escala; licença GUST
U+1D48F,𝒏,MATHEMATICAL BOLD ITALIC SMALL N,Latin Modern Math: adaptação de escala; licença GUST
U+1D490,𝒐,MATHEMATICAL BOLD ITALIC SMALL O,Latin Modern Math: adaptação de escala; licença GUST
U+1D491,𝒑,MATHEMATICAL BOLD ITALIC SMALL P,Latin Modern Math: adaptação de escala; licença GUST
U+1D492,𝒒,MATHEMATICAL BOLD ITALIC SMALL Q,Latin Modern Math: adaptação de escala; licença GUST
U+1D493,𝒓,MATHEMATICAL BOLD ITALIC SMALL R,Latin Modern Math: adaptação de escala; licença GUST
U+1D494,𝒔,MATHEMATICAL BOLD ITALIC SMALL S,Latin Modern Math: adaptação de escala; licença GUST
U+1D495,𝒕,MATHEMATICAL BOLD ITALIC SMALL T,Latin Modern Math: adaptação de escala; licença GUST
U+1D496,𝒖,MATHEMATICAL BOLD ITALIC SMALL U,Latin Modern Math: adaptação de escala; licença GUST
U+1D497,𝒗,MATHEMATICAL BOLD ITALIC SMALL V,Latin Modern Math: adaptação de escala; licença GUST
U+1D498,𝒘,MATHEMATICAL BOLD ITALIC SMALL W,Latin Modern Math: adaptação de escala; licença GUST
U+1D499,𝒙,MATHEMATICAL BOLD ITALIC SMALL X,Latin Modern Math: adaptação de escala; licença GUST
U+1D49A,𝒚,MATHEMATICAL BOLD ITALIC SMALL Y,Latin Modern Math: adaptação de escala; licença GUST
U+1D49B,𝒛,MATHEMATICAL BOLD ITALIC SMALL Z,Latin Modern Math: adaptação de escala; licença GUST
U+1D49C,𝒜,MATHEMATICAL SCRIPT CAPITAL A,Latin Modern Math: adaptação de escala; licença GUST
U+1D49E,𝒞,MATHEMATICAL SCRIPT CAPITAL C,Latin Modern Math: adaptação de escala; licença GUST
U+1D49F,𝒟,MATHEMATICAL SCRIPT CAPITAL D,Latin Modern Math: adaptação de escala; licença GUST
U+1D4A2,𝒢,MATHEMATICAL SCRIPT CAPITAL G,Latin Modern Math: adaptação de escala; licença GUST
U+1D4A5,𝒥,MATHEMATICAL SCRIPT CAPITAL J,Latin Modern Math: adaptação de escala; licença GUST
U+1D4A6,𝒦,MATHEMATICAL SCRIPT CAPITAL K,Latin Modern Math: adaptação de escala; licença GUST
U+1D4A9,𝒩,MATHEMATICAL SCRIPT CAPITAL N,Latin Modern Math: adaptação de escala; licença GUST
U+1D4AA,𝒪,MATHEMATICAL SCRIPT CAPITAL O,Latin Modern Math: adaptação de escala; licença GUST
U+1D4AB,𝒫,MATHEMATICAL SCRIPT CAPITAL P,Latin Modern Math: adaptação de escala; licença GUST
U+1D4AC,𝒬,MATHEMATICAL SCRIPT CAPITAL Q,Latin Modern Math: adaptação de escala; licença GUST
U+1D4AE,𝒮,MATHEMATICAL SCRIPT CAPITAL S,Latin Modern Math: adaptação de escala; licença GUST
U+1D4AF,𝒯,MATHEMATICAL SCRIPT CAPITAL T,Latin Modern Math: adaptação de escala; licença GUST
U+1D4B0,𝒰,MATHEMATICAL SCRIPT CAPITAL U,Latin Modern Math: adaptação de escala; licença GUST
U+1D4B1,𝒱,MATHEMATICAL SCRIPT CAPITAL V,Latin Modern Math: adaptação de escala; licença GUST
U+1D4B2,𝒲,MATHEMATICAL SCRIPT CAPITAL W,Latin Modern Math: adaptação de escala; licença GUST
U+1D4B3,𝒳,MATHEMATICAL SCRIPT CAPITAL X,Latin Modern Math: adaptação de escala; licença GUST
U+1D4B4,𝒴,MATHEMATICAL SCRIPT CAPITAL Y,Latin Modern Math: adaptação de escala; licença GUST
U+1D4B5,𝒵,MATHEMATICAL SCRIPT CAPITAL Z,Latin Modern Math: adaptação de escala; licença GUST
U+1D4D0,𝓐,MATHEMATICAL BOLD SCRIPT CAPITAL A,Latin Modern Math: adaptação de escala; licença GUST
U+1D4D1,𝓑,MATHEMATICAL BOLD SCRIPT CAPITAL B,Latin Modern Math: adaptação de escala; licença GUST
U+1D4D2,𝓒,MATHEMATICAL BOLD SCRIPT CAPITAL C,Latin Modern Math: adaptação de escala; licença GUST
U+1D4D3,𝓓,MATHEMATICAL BOLD SCRIPT CAPITAL D,Latin Modern Math: adaptação de escala; licença GUST
U+1D4D4,𝓔,MATHEMATICAL BOLD SCRIPT CAPITAL E,Latin Modern Math: adaptação de escala; licença GUST
U+1D4D5,𝓕,MATHEMATICAL BOLD SCRIPT CAPITAL F,Latin Modern Math: adaptação de escala; licença GUST
U+1D4D6,𝓖,MATHEMATICAL BOLD SCRIPT CAPITAL G,Latin Modern Math: adaptação de escala; licença GUST
U+1D4D7,𝓗,MATHEMATICAL BOLD SCRIPT CAPITAL H,Latin Modern Math: adaptação de escala; licença GUST
U+1D4D8,𝓘,MATHEMATICAL BOLD SCRIPT CAPITAL I,Latin Modern Math: adaptação de escala; licença GUST
U+1D4D9,𝓙,MATHEMATICAL BOLD SCRIPT CAPITAL J,Latin Modern Math: adaptação de escala; licença GUST
U+1D4DA,𝓚,MATHEMATICAL BOLD SCRIPT CAPITAL K,Latin Modern Math: adaptação de escala; licença GUST
U+1D4DB,𝓛,MATHEMATICAL BOLD SCRIPT CAPITAL L,Latin Modern Math: adaptação de escala; licença GUST
U+1D4DC,𝓜,MATHEMATICAL BOLD SCRIPT CAPITAL M,Latin Modern Math: adaptação de escala; licença GUST
U+1D4DD,𝓝,MATHEMATICAL BOLD SCRIPT CAPITAL N,Latin Modern Math: adaptação de escala; licença GUST
U+1D4DE,𝓞,MATHEMATICAL BOLD SCRIPT CAPITAL O,Latin Modern Math: adaptação de escala; licença GUST
U+1D4DF,𝓟,MATHEMATICAL BOLD SCRIPT CAPITAL P,Latin Modern Math: adaptação de escala; licença GUST
U+1D4E0,𝓠,MATHEMATICAL BOLD SCRIPT CAPITAL Q,Latin Modern Math: adaptação de escala; licença GUST
U+1D4E1,𝓡,MATHEMATICAL BOLD SCRIPT CAPITAL R,Latin Modern Math: adaptação de escala; licença GUST
U+1D4E2,𝓢,MATHEMATICAL BOLD SCRIPT CAPITAL S,Latin Modern Math: adaptação de escala; licença GUST
U+1D4E3,𝓣,MATHEMATICAL BOLD SCRIPT CAPITAL T,Latin Modern Math: adaptação de escala; licença GUST
U+1D4E4,𝓤,MATHEMATICAL BOLD SCRIPT CAPITAL U,Latin Modern Math: adaptação de escala; licença GUST
U+1D4E5,𝓥,MATHEMATICAL BOLD SCRIPT CAPITAL V,Latin Modern Math: adaptação de escala; licença GUST
U+1D4E6,𝓦,MATHEMATICAL BOLD SCRIPT CAPITAL W,Latin Modern Math: adaptação de escala; licença GUST
U+1D4E7,𝓧,MATHEMATICAL BOLD SCRIPT CAPITAL X,Latin Modern Math: adaptação de escala; licença GUST
U+1D4E8,𝓨,MATHEMATICAL BOLD SCRIPT CAPITAL Y,Latin Modern Math: adaptação de escala; licença GUST
U+1D4E9,𝓩,MATHEMATICAL BOLD SCRIPT CAPITAL Z,Latin Modern Math: adaptação de escala; licença GUST
U+1D504,𝔄,MATHEMATICAL FRAKTUR CAPITAL A,Latin Modern Math: adaptação de escala; licença GUST
U+1D505,𝔅,MATHEMATICAL FRAKTUR CAPITAL B,Latin Modern Math: adaptação de escala; licença GUST
U+1D507,𝔇,MATHEMATICAL FRAKTUR CAPITAL D,Latin Modern Math: adaptação de escala; licença GUST
U+1D508,𝔈,MATHEMATICAL FRAKTUR CAPITAL E,Latin Modern Math: adaptação de escala; licença GUST
U+1D509,𝔉,MATHEMATICAL FRAKTUR CAPITAL F,Latin Modern Math: adaptação de escala; licença GUST
U+1D50A,𝔊,MATHEMATICAL FRAKTUR CAPITAL G,Latin Modern Math: adaptação de escala; licença GUST
U+1D50D,𝔍,MATHEMATICAL FRAKTUR CAPITAL J,Latin Modern Math: adaptação de escala; licença GUST
U+1D50E,𝔎,MATHEMATICAL FRAKTUR CAPITAL K,Latin Modern Math: adaptação de escala; licença GUST
U+1D50F,𝔏,MATHEMATICAL FRAKTUR CAPITAL L,Latin Modern Math: adaptação de escala; licença GUST
U+1D510,𝔐,MATHEMATICAL FRAKTUR CAPITAL M,Latin Modern Math: adaptação de escala; licença GUST
U+1D511,𝔑,MATHEMATICAL FRAKTUR CAPITAL N,Latin Modern Math: adaptação de escala; licença GUST
U+1D512,𝔒,MATHEMATICAL FRAKTUR CAPITAL O,Latin Modern Math: adaptação de escala; licença GUST
U+1D513,𝔓,MATHEMATICAL FRAKTUR CAPITAL P,Latin Modern Math: adaptação de escala; licença GUST
U+1D514,𝔔,MATHEMATICAL FRAKTUR CAPITAL Q,Latin Modern Math: adaptação de escala; licença GUST
U+1D516,𝔖,MATHEMATICAL FRAKTUR CAPITAL S,Latin Modern Math: adaptação de escala; licença GUST
U+1D517,𝔗,MATHEMATICAL FRAKTUR CAPITAL T,Latin Modern Math: adaptação de escala; licença GUST
U+1D518,𝔘,MATHEMATICAL FRAKTUR CAPITAL U,Latin Modern Math: adaptação de escala; licença GUST
U+1D519,𝔙,MATHEMATICAL FRAKTUR CAPITAL V,Latin Modern Math: adaptação de escala; licença GUST
U+1D51A,𝔚,MATHEMATICAL FRAKTUR CAPITAL W,Latin Modern Math: adaptação de escala; licença GUST
U+1D51B,𝔛,MATHEMATICAL FRAKTUR CAPITAL X,Latin Modern Math: adaptação de escala; licença GUST
U+1D51C,𝔜,MATHEMATICAL FRAKTUR CAPITAL Y,Latin Modern Math: adaptação de escala; licença GUST
U+1D51E,𝔞,MATHEMATICAL FRAKTUR SMALL A,Latin Modern Math: adaptação de escala; licença GUST
U+1D51F,𝔟,MATHEMATICAL FRAKTUR SMALL B,Latin Modern Math: adaptação de escala; licença GUST
U+1D520,𝔠,MATHEMATICAL FRAKTUR SMALL C,Latin Modern Math: adaptação de escala; licença GUST
U+1D521,𝔡,MATHEMATICAL FRAKTUR SMALL D,Latin Modern Math: adaptação de escala; licença GUST
U+1D522,𝔢,MATHEMATICAL FRAKTUR SMALL E,Latin Modern Math: adaptação de escala; licença GUST
U+1D523,𝔣,MATHEMATICAL FRAKTUR SMALL F,Latin Modern Math: adaptação de escala; licença GUST
U+1D524,𝔤,MATHEMATICAL FRAKTUR SMALL G,Latin Modern Math: adaptação de escala; licença GUST
U+1D525,𝔥,MATHEMATICAL FRAKTUR SMALL H,Latin Modern Math: adaptação de escala; licença GUST
U+1D526,𝔦,MATHEMATICAL FRAKTUR SMALL I,Latin Modern Math: adaptação de escala; licença GUST
U+1D527,𝔧,MATHEMATICAL FRAKTUR SMALL J,Latin Modern Math: adaptação de escala; licença GUST
U+1D528,𝔨,MATHEMATICAL FRAKTUR SMALL K,Latin Modern Math: adaptação de escala; licença GUST
U+1D529,𝔩,MATHEMATICAL FRAKTUR SMALL L,Latin Modern Math: adaptação de escala; licença GUST
U+1D52A,𝔪,MATHEMATICAL FRAKTUR SMALL M,Latin Modern Math: adaptação de escala; licença GUST
U+1D52B,𝔫,MATHEMATICAL FRAKTUR SMALL N,Latin Modern Math: adaptação de escala; licença GUST
U+1D52C,𝔬,MATHEMATICAL FRAKTUR SMALL O,Latin Modern Math: adaptação de escala; licença GUST
U+1D52D,𝔭,MATHEMATICAL FRAKTUR SMALL P,Latin Modern Math: adaptação de escala; licença GUST
U+1D52E,𝔮,MATHEMATICAL FRAKTUR SMALL Q,Latin Modern Math: adaptação de escala; licença GUST
U+1D52F,𝔯,MATHEMATICAL FRAKTUR SMALL R,Latin Modern Math: adaptação de escala; licença GUST
U+1D530,𝔰,MATHEMATICAL FRAKTUR SMALL S,Latin Modern Math: adaptação de escala; licença GUST
U+1D531,𝔱,MATHEMATICAL FRAKTUR SMALL T,Latin Modern Math: adaptação de escala; licença GUST
U+1D532,𝔲,MATHEMATICAL FRAKTUR SMALL U,Latin Modern Math: adaptação de escala; licença GUST
U+1D533,𝔳,MATHEMATICAL FRAKTUR SMALL V,Latin Modern Math: adaptação de escala; licença GUST
U+1D534,𝔴,MATHEMATICAL FRAKTUR SMALL W,Latin Modern Math: adaptação de escala; licença GUST
U+1D535,𝔵,MATHEMATICAL FRAKTUR SMALL X,Latin Modern Math: adaptação de escala; licença GUST
U+1D536,𝔶,MATHEMATICAL FRAKTUR SMALL Y,Latin Modern Math: adaptação de escala; licença GUST
U+1D537,𝔷,MATHEMATICAL FRAKTUR SMALL Z,Latin Modern Math: adaptação de escala; licença GUST
U+1D538,𝔸,MATHEMATICAL DOUBLE-STRUCK CAPITAL A,DejaVu Serif: base vetorial licenciada
U+1D539,𝔹,MATHEMATICAL DOUBLE-STRUCK CAPITAL B,DejaVu Serif: base vetorial licenciada
U+1D53B,𝔻,MATHEMATICAL DOUBLE-STRUCK CAPITAL D,DejaVu Serif: base vetorial licenciada
U+1D53C,𝔼,MATHEMATICAL DOUBLE-STRUCK CAPITAL E,DejaVu Serif: base vetorial licenciada
U+1D53D,𝔽,MATHEMATICAL DOUBLE-STRUCK CAPITAL F,DejaVu Serif: base vetorial licenciada
U+1D53E,𝔾,MATHEMATICAL DOUBLE-STRUCK CAPITAL G,DejaVu Serif: base vetorial licenciada
U+1D540,𝕀,MATHEMATICAL DOUBLE-STRUCK CAPITAL I,DejaVu Serif: base vetorial licenciada
U+1D541,𝕁,MATHEMATICAL DOUBLE-STRUCK CAPITAL J,DejaVu Serif: base vetorial licenciada
U+1D542,𝕂,MATHEMATICAL DOUBLE-STRUCK CAPITAL K,DejaVu Serif: base vetorial licenciada
U+1D543,𝕃,MATHEMATICAL DOUBLE-STRUCK CAPITAL L,DejaVu Serif: base vetorial licenciada
U+1D544,𝕄,MATHEMATICAL DOUBLE-STRUCK CAPITAL M,DejaVu Serif: base vetorial licenciada
U+1D546,𝕆,MATHEMATICAL DOUBLE-STRUCK CAPITAL O,DejaVu Serif: base vetorial licenciada
U+1D54A,𝕊,MATHEMATICAL DOUBLE-STRUCK CAPITAL S,DejaVu Serif: base vetorial licenciada
U+1D54B,𝕋,MATHEMATICAL DOUBLE-STRUCK CAPITAL T,DejaVu Serif: base vetorial licenciada
U+1D54C,𝕌,MATHEMATICAL DOUBLE-STRUCK CAPITAL U,DejaVu Serif: base vetorial licenciada
U+1D54D,𝕍,MATHEMATICAL DOUBLE-STRUCK CAPITAL V,DejaVu Serif: base vetorial licenciada
U+1D54E,𝕎,MATHEMATICAL DOUBLE-STRUCK CAPITAL W,DejaVu Serif: base vetorial licenciada
U+1D54F,𝕏,MATHEMATICAL DOUBLE-STRUCK CAPITAL X,DejaVu Serif: base vetorial licenciada
U+1D550,𝕐,MATHEMATICAL DOUBLE-STRUCK CAPITAL Y,DejaVu Serif: base vetorial licenciada
U+1D552,𝕒,MATHEMATICAL DOUBLE-STRUCK SMALL A,DejaVu Serif: base vetorial licenciada
U+1D553,𝕓,MATHEMATICAL DOUBLE-STRUCK SMALL B,DejaVu Serif: base vetorial licenciada
U+1D554,𝕔,MATHEMATICAL DOUBLE-STRUCK SMALL C,DejaVu Serif: base vetorial licenciada
U+1D555,𝕕,MATHEMATICAL DOUBLE-STRUCK SMALL D,DejaVu Serif: base vetorial licenciada
U+1D556,𝕖,MATHEMATICAL DOUBLE-STRUCK SMALL E,DejaVu Serif: base vetorial licenciada
U+1D557,𝕗,MATHEMATICAL DOUBLE-STRUCK SMALL F,DejaVu Serif: base vetorial licenciada
U+1D558,𝕘,MATHEMATICAL DOUBLE-STRUCK SMALL G,DejaVu Serif: base vetorial licenciada
U+1D559,𝕙,MATHEMATICAL DOUBLE-STRUCK SMALL H,DejaVu Serif: base vetorial licenciada
U+1D55A,𝕚,MATHEMATICAL DOUBLE-STRUCK SMALL I,DejaVu Serif: base vetorial licenciada
U+1D55B,𝕛,MATHEMATICAL DOUBLE-STRUCK SMALL J,DejaVu Serif: base vetorial licenciada
U+1D55C,𝕜,MATHEMATICAL DOUBLE-STRUCK SMALL K,DejaVu Serif: base vetorial licenciada
U+1D55D,𝕝,MATHEMATICAL DOUBLE-STRUCK SMALL L,DejaVu Serif: base vetorial licenciada
U+1D55E,𝕞,MATHEMATICAL DOUBLE-STRUCK SMALL M,DejaVu Serif: base vetorial licenciada
U+1D55F,𝕟,MATHEMATICAL DOUBLE-STRUCK SMALL N,DejaVu Serif: base vetorial licenciada
U+1D560,𝕠,MATHEMATICAL DOUBLE-STRUCK SMALL O,DejaVu Serif: base vetorial licenciada
U+1D561,𝕡,MATHEMATICAL DOUBLE-STRUCK SMALL P,DejaVu Serif: base vetorial licenciada
U+1D562,𝕢,MATHEMATICAL DOUBLE-STRUCK SMALL Q,DejaVu Serif: base vetorial licenciada
U+1D563,𝕣,MATHEMATICAL DOUBLE-STRUCK SMALL R,DejaVu Serif: base vetorial licenciada
U+1D564,𝕤,MATHEMATICAL DOUBLE-STRUCK SMALL S,DejaVu Serif: base vetorial licenciada
U+1D565,𝕥,MATHEMATICAL DOUBLE-STRUCK SMALL T,DejaVu Serif: base vetorial licenciada
U+1D566,𝕦,MATHEMATICAL DOUBLE-STRUCK SMALL U,DejaVu Serif: base vetorial licenciada
U+1D567,𝕧,MATHEMATICAL DOUBLE-STRUCK SMALL V,DejaVu Serif: base vetorial licenciada
U+1D568,𝕨,MATHEMATICAL DOUBLE-STRUCK SMALL W,DejaVu Serif: base vetorial licenciada
U+1D569,𝕩,MATHEMATICAL DOUBLE-STRUCK SMALL X,DejaVu Serif: base vetorial licenciada
U+1D56A,𝕪,MATHEMATICAL DOUBLE-STRUCK SMALL Y,DejaVu Serif: base vetorial licenciada
U+1D56B,𝕫,MATHEMATICAL DOUBLE-STRUCK SMALL Z,DejaVu Serif: base vetorial licenciada
U+1D56C,𝕬,MATHEMATICAL BOLD FRAKTUR CAPITAL A,Latin Modern Math: adaptação de escala; licença GUST
U+1D56D,𝕭,MATHEMATICAL BOLD FRAKTUR CAPITAL B,Latin Modern Math: adaptação de escala; licença GUST
U+1D56E,𝕮,MATHEMATICAL BOLD FRAKTUR CAPITAL C,Latin Modern Math: adaptação de escala; licença GUST
U+1D56F,𝕯,MATHEMATICAL BOLD FRAKTUR CAPITAL D,Latin Modern Math: adaptação de escala; licença GUST
U+1D570,𝕰,MATHEMATICAL BOLD FRAKTUR CAPITAL E,Latin Modern Math: adaptação de escala; licença GUST
U+1D571,𝕱,MATHEMATICAL BOLD FRAKTUR CAPITAL F,Latin Modern Math: adaptação de escala; licença GUST
U+1D572,𝕲,MATHEMATICAL BOLD FRAKTUR CAPITAL G,Latin Modern Math: adaptação de escala; licença GUST
U+1D573,𝕳,MATHEMATICAL BOLD FRAKTUR CAPITAL H,Latin Modern Math: adaptação de escala; licença GUST
U+1D574,𝕴,MATHEMATICAL BOLD FRAKTUR CAPITAL I,Latin Modern Math: adaptação de escala; licença GUST
U+1D575,𝕵,MATHEMATICAL BOLD FRAKTUR CAPITAL J,Latin Modern Math: adaptação de escala; licença GUST
U+1D576,𝕶,MATHEMATICAL BOLD FRAKTUR CAPITAL K,Latin Modern Math: adaptação de escala; licença GUST
U+1D577,𝕷,MATHEMATICAL BOLD FRAKTUR CAPITAL L,Latin Modern Math: adaptação de escala; licença GUST
U+1D578,𝕸,MATHEMATICAL BOLD FRAKTUR CAPITAL M,Latin Modern Math: adaptação de escala; licença GUST
U+1D579,𝕹,MATHEMATICAL BOLD FRAKTUR CAPITAL N,Latin Modern Math: adaptação de escala; licença GUST
U+1D57A,𝕺,MATHEMATICAL BOLD FRAKTUR CAPITAL O,Latin Modern Math: adaptação de escala; licença GUST
U+1D57B,𝕻,MATHEMATICAL BOLD FRAKTUR CAPITAL P,Latin Modern Math: adaptação de escala; licença GUST
U+1D57C,𝕼,MATHEMATICAL BOLD FRAKTUR CAPITAL Q,Latin Modern Math: adaptação de escala; licença GUST
U+1D57D,𝕽,MATHEMATICAL BOLD FRAKTUR CAPITAL R,Latin Modern Math: adaptação de escala; licença GUST
U+1D57E,𝕾,MATHEMATICAL BOLD FRAKTUR CAPITAL S,Latin Modern Math: adaptação de escala; licença GUST
U+1D57F,𝕿,MATHEMATICAL BOLD FRAKTUR CAPITAL T,Latin Modern Math: adaptação de escala; licença GUST
U+1D580,𝖀,MATHEMATICAL BOLD FRAKTUR CAPITAL U,Latin Modern Math: adaptação de escala; licença GUST
U+1D581,𝖁,MATHEMATICAL BOLD FRAKTUR CAPITAL V,Latin Modern Math: adaptação de escala; licença GUST
U+1D582,𝖂,MATHEMATICAL BOLD FRAKTUR CAPITAL W,Latin Modern Math: adaptação de escala; licença GUST
U+1D583,𝖃,MATHEMATICAL BOLD FRAKTUR CAPITAL X,Latin Modern Math: adaptação de escala; licença GUST
U+1D584,𝖄,MATHEMATICAL BOLD FRAKTUR CAPITAL Y,Latin Modern Math: adaptação de escala; licença GUST
U+1D585,𝖅,MATHEMATICAL BOLD FRAKTUR CAPITAL Z,Latin Modern Math: adaptação de escala; licença GUST
U+1D586,𝖆,MATHEMATICAL BOLD FRAKTUR SMALL A,Latin Modern Math: adaptação de escala; licença GUST
U+1D587,𝖇,MATHEMATICAL BOLD FRAKTUR SMALL B,Latin Modern Math: adaptação de escala; licença GUST
U+1D588,𝖈,MATHEMATICAL BOLD FRAKTUR SMALL C,Latin Modern Math: adaptação de escala; licença GUST
U+1D589,𝖉,MATHEMATICAL BOLD FRAKTUR SMALL D,Latin Modern Math: adaptação de escala; licença GUST
U+1D58A,𝖊,MATHEMATICAL BOLD FRAKTUR SMALL E,Latin Modern Math: adaptação de escala; licença GUST
U+1D58B,𝖋,MATHEMATICAL BOLD FRAKTUR SMALL F,Latin Modern Math: adaptação de escala; licença GUST
U+1D58C,𝖌,MATHEMATICAL BOLD FRAKTUR SMALL G,Latin Modern Math: adaptação de escala; licença GUST
U+1D58D,𝖍,MATHEMATICAL BOLD FRAKTUR SMALL H,Latin Modern Math: adaptação de escala; licença GUST
U+1D58E,𝖎,MATHEMATICAL BOLD FRAKTUR SMALL I,Latin Modern Math: adaptação de escala; licença GUST
U+1D58F,𝖏,MATHEMATICAL BOLD FRAKTUR SMALL J,Latin Modern Math: adaptação de escala; licença GUST
U+1D590,𝖐,MATHEMATICAL BOLD FRAKTUR SMALL K,Latin Modern Math: adaptação de escala; licença GUST
U+1D591,𝖑,MATHEMATICAL BOLD FRAKTUR SMALL L,Latin Modern Math: adaptação de escala; licença GUST
U+1D592,𝖒,MATHEMATICAL BOLD FRAKTUR SMALL M,Latin Modern Math: adaptação de escala; licença GUST
U+1D593,𝖓,MATHEMATICAL BOLD FRAKTUR SMALL N,Latin Modern Math: adaptação de escala; licença GUST
U+1D594,𝖔,MATHEMATICAL BOLD FRAKTUR SMALL O,Latin Modern Math: adaptação de escala; licença GUST
U+1D595,𝖕,MATHEMATICAL BOLD FRAKTUR SMALL P,Latin Modern Math: adaptação de escala; licença GUST
U+1D596,𝖖,MATHEMATICAL BOLD FRAKTUR SMALL Q,Latin Modern Math: adaptação de escala; licença GUST
U+1D597,𝖗,MATHEMATICAL BOLD FRAKTUR SMALL R,Latin Modern Math: adaptação de escala; licença GUST
U+1D598,𝖘,MATHEMATICAL BOLD FRAKTUR SMALL S,Latin Modern Math: adaptação de escala; licença GUST
U+1D599,𝖙,MATHEMATICAL BOLD FRAKTUR SMALL T,Latin Modern Math: adaptação de escala; licença GUST
U+1D59A,𝖚,MATHEMATICAL BOLD FRAKTUR SMALL U,Latin Modern Math: adaptação de escala; licença GUST
U+1D59B,𝖛,MATHEMATICAL BOLD FRAKTUR SMALL V,Latin Modern Math: adaptação de escala; licença GUST
U+1D59C,𝖜,MATHEMATICAL BOLD FRAKTUR SMALL W,Latin Modern Math: adaptação de escala; licença GUST
U+1D59D,𝖝,MATHEMATICAL BOLD FRAKTUR SMALL X,Latin Modern Math: adaptação de escala; licença GUST
U+1D59E,𝖞,MATHEMATICAL BOLD FRAKTUR SMALL Y,Latin Modern Math: adaptação de escala; licença GUST
U+1D59F,𝖟,MATHEMATICAL BOLD FRAKTUR SMALL Z,Latin Modern Math: adaptação de escala; licença GUST
U+1D5A0,𝖠,MATHEMATICAL SANS-SERIF CAPITAL A,Latin Modern Math: adaptação de escala; licença GUST
U+1D5A1,𝖡,MATHEMATICAL SANS-SERIF CAPITAL B,Latin Modern Math: adaptação de escala; licença GUST
U+1D5A2,𝖢,MATHEMATICAL SANS-SERIF CAPITAL C,Latin Modern Math: adaptação de escala; licença GUST
U+1D5A3,𝖣,MATHEMATICAL SANS-SERIF CAPITAL D,Latin Modern Math: adaptação de escala; licença GUST
U+1D5A4,𝖤,MATHEMATICAL SANS-SERIF CAPITAL E,Latin Modern Math: adaptação de escala; licença GUST
U+1D5A5,𝖥,MATHEMATICAL SANS-SERIF CAPITAL F,Latin Modern Math: adaptação de escala; licença GUST
U+1D5A6,𝖦,MATHEMATICAL SANS-SERIF CAPITAL G,Latin Modern Math: adaptação de escala; licença GUST
U+1D5A7,𝖧,MATHEMATICAL SANS-SERIF CAPITAL H,Latin Modern Math: adaptação de escala; licença GUST
U+1D5A8,𝖨,MATHEMATICAL SANS-SERIF CAPITAL I,Latin Modern Math: adaptação de escala; licença GUST
U+1D5A9,𝖩,MATHEMATICAL SANS-SERIF CAPITAL J,Latin Modern Math: adaptação de escala; licença GUST
U+1D5AA,𝖪,MATHEMATICAL SANS-SERIF CAPITAL K,Latin Modern Math: adaptação de escala; licença GUST
U+1D5AB,𝖫,MATHEMATICAL SANS-SERIF CAPITAL L,Latin Modern Math: adaptação de escala; licença GUST
U+1D5AC,𝖬,MATHEMATICAL SANS-SERIF CAPITAL M,Latin Modern Math: adaptação de escala; licença GUST
U+1D5AD,𝖭,MATHEMATICAL SANS-SERIF CAPITAL N,Latin Modern Math: adaptação de escala; licença GUST
U+1D5AE,𝖮,MATHEMATICAL SANS-SERIF CAPITAL O,Latin Modern Math: adaptação de escala; licença GUST
U+1D5AF,𝖯,MATHEMATICAL SANS-SERIF CAPITAL P,Latin Modern Math: adaptação de escala; licença GUST
U+1D5B0,𝖰,MATHEMATICAL SANS-SERIF CAPITAL Q,Latin Modern Math: adaptação de escala; licença GUST
U+1D5B1,𝖱,MATHEMATICAL SANS-SERIF CAPITAL R,Latin Modern Math: adaptação de escala; licença GUST
U+1D5B2,𝖲,MATHEMATICAL SANS-SERIF CAPITAL S,Latin Modern Math: adaptação de escala; licença GUST
U+1D5B3,𝖳,MATHEMATICAL SANS-SERIF CAPITAL T,Latin Modern Math: adaptação de escala; licença GUST
U+1D5B4,𝖴,MATHEMATICAL SANS-SERIF CAPITAL U,Latin Modern Math: adaptação de escala; licença GUST
U+1D5B5,𝖵,MATHEMATICAL SANS-SERIF CAPITAL V,Latin Modern Math: adaptação de escala; licença GUST
U+1D5B6,𝖶,MATHEMATICAL SANS-SERIF CAPITAL W,Latin Modern Math: adaptação de escala; licença GUST
U+1D5B7,𝖷,MATHEMATICAL SANS-SERIF CAPITAL X,Latin Modern Math: adaptação de escala; licença GUST
U+1D5B8,𝖸,MATHEMATICAL SANS-SERIF CAPITAL Y,Latin Modern Math: adaptação de escala; licença GUST
U+1D5B9,𝖹,MATHEMATICAL SANS-SERIF CAPITAL Z,Latin Modern Math: adaptação de escala; licença GUST
U+1D5BA,𝖺,MATHEMATICAL SANS-SERIF SMALL A,Latin Modern Math: adaptação de escala; licença GUST
U+1D5BB,𝖻,MATHEMATICAL SANS-SERIF SMALL B,Latin Modern Math: adaptação de escala; licença GUST
U+1D5BC,𝖼,MATHEMATICAL SANS-SERIF SMALL C,Latin Modern Math: adaptação de escala; licença GUST
U+1D5BD,𝖽,MATHEMATICAL SANS-SERIF SMALL D,Latin Modern Math: adaptação de escala; licença GUST
U+1D5BE,𝖾,MATHEMATICAL SANS-SERIF SMALL E,Latin Modern Math: adaptação de escala; licença GUST
U+1D5BF,𝖿,MATHEMATICAL SANS-SERIF SMALL F,Latin Modern Math: adaptação de escala; licença GUST
U+1D5C0,𝗀,MATHEMATICAL SANS-SERIF SMALL G,Latin Modern Math: adaptação de escala; licença GUST
U+1D5C1,𝗁,MATHEMATICAL SANS-SERIF SMALL H,Latin Modern Math: adaptação de escala; licença GUST
U+1D5C2,𝗂,MATHEMATICAL SANS-SERIF SMALL I,Latin Modern Math: adaptação de escala; licença GUST
U+1D5C3,𝗃,MATHEMATICAL SANS-SERIF SMALL J,Latin Modern Math: adaptação de escala; licença GUST
U+1D5C4,𝗄,MATHEMATICAL SANS-SERIF SMALL K,Latin Modern Math: adaptação de escala; licença GUST
U+1D5C5,𝗅,MATHEMATICAL SANS-SERIF SMALL L,Latin Modern Math: adaptação de escala; licença GUST
U+1D5C6,𝗆,MATHEMATICAL SANS-SERIF SMALL M,Latin Modern Math: adaptação de escala; licença GUST
U+1D5C7,𝗇,MATHEMATICAL SANS-SERIF SMALL N,Latin Modern Math: adaptação de escala; licença GUST
U+1D5C8,𝗈,MATHEMATICAL SANS-SERIF SMALL O,Latin Modern Math: adaptação de escala; licença GUST
U+1D5C9,𝗉,MATHEMATICAL SANS-SERIF SMALL P,Latin Modern Math: adaptação de escala; licença GUST
U+1D5CA,𝗊,MATHEMATICAL SANS-SERIF SMALL Q,Latin Modern Math: adaptação de escala; licença GUST
U+1D5CB,𝗋,MATHEMATICAL SANS-SERIF SMALL R,Latin Modern Math: adaptação de escala; licença GUST
U+1D5CC,𝗌,MATHEMATICAL SANS-SERIF SMALL S,Latin Modern Math: adaptação de escala; licença GUST
U+1D5CD,𝗍,MATHEMATICAL SANS-SERIF SMALL T,Latin Modern Math: adaptação de escala; licença GUST
U+1D5CE,𝗎,MATHEMATICAL SANS-SERIF SMALL U,Latin Modern Math: adaptação de escala; licença GUST
U+1D5CF,𝗏,MATHEMATICAL SANS-SERIF SMALL V,Latin Modern Math: adaptação de escala; licença GUST
U+1D5D0,𝗐,MATHEMATICAL SANS-SERIF SMALL W,Latin Modern Math: adaptação de escala; licença GUST
U+1D5D1,𝗑,MATHEMATICAL SANS-SERIF SMALL X,Latin Modern Math: adaptação de escala; licença GUST
U+1D5D2,𝗒,MATHEMATICAL SANS-SERIF SMALL Y,Latin Modern Math: adaptação de escala; licença GUST
U+1D5D3,𝗓,MATHEMATICAL SANS-SERIF SMALL Z,Latin Modern Math: adaptação de escala; licença GUST
U+1D5D4,𝗔,MATHEMATICAL SANS-SERIF BOLD CAPITAL A,Latin Modern Math: adaptação de escala; licença GUST
U+1D5D5,𝗕,MATHEMATICAL SANS-SERIF BOLD CAPITAL B,Latin Modern Math: adaptação de escala; licença GUST
U+1D5D6,𝗖,MATHEMATICAL SANS-SERIF BOLD CAPITAL C,Latin Modern Math: adaptação de escala; licença GUST
U+1D5D7,𝗗,MATHEMATICAL SANS-SERIF BOLD CAPITAL D,Latin Modern Math: adaptação de escala; licença GUST
U+1D5D8,𝗘,MATHEMATICAL SANS-SERIF BOLD CAPITAL E,Latin Modern Math: adaptação de escala; licença GUST
U+1D5D9,𝗙,MATHEMATICAL SANS-SERIF BOLD CAPITAL F,Latin Modern Math: adaptação de escala; licença GUST
U+1D5DA,𝗚,MATHEMATICAL SANS-SERIF BOLD CAPITAL G,Latin Modern Math: adaptação de escala; licença GUST
U+1D5DB,𝗛,MATHEMATICAL SANS-SERIF BOLD CAPITAL H,Latin Modern Math: adaptação de escala; licença GUST
U+1D5DC,𝗜,MATHEMATICAL SANS-SERIF BOLD CAPITAL I,Latin Modern Math: adaptação de escala; licença GUST
U+1D5DD,𝗝,MATHEMATICAL SANS-SERIF BOLD CAPITAL J,Latin Modern Math: adaptação de escala; licença GUST
U+1D5DE,𝗞,MATHEMATICAL SANS-SERIF BOLD CAPITAL K,Latin Modern Math: adaptação de escala; licença GUST
U+1D5DF,𝗟,MATHEMATICAL SANS-SERIF BOLD CAPITAL L,Latin Modern Math: adaptação de escala; licença GUST
U+1D5E0,𝗠,MATHEMATICAL SANS-SERIF BOLD CAPITAL M,Latin Modern Math: adaptação de escala; licença GUST
U+1D5E1,𝗡,MATHEMATICAL SANS-SERIF BOLD CAPITAL N,Latin Modern Math: adaptação de escala; licença GUST
U+1D5E2,𝗢,MATHEMATICAL SANS-SERIF BOLD CAPITAL O,Latin Modern Math: adaptação de escala; licença GUST
U+1D5E3,𝗣,MATHEMATICAL SANS-SERIF BOLD CAPITAL P,Latin Modern Math: adaptação de escala; licença GUST
U+1D5E4,𝗤,MATHEMATICAL SANS-SERIF BOLD CAPITAL Q,Latin Modern Math: adaptação de escala; licença GUST
U+1D5E5,𝗥,MATHEMATICAL SANS-SERIF BOLD CAPITAL R,Latin Modern Math: adaptação de escala; licença GUST
U+1D5E6,𝗦,MATHEMATICAL SANS-SERIF BOLD CAPITAL S,Latin Modern Math: adaptação de escala; licença GUST
U+1D5E7,𝗧,MATHEMATICAL SANS-SERIF BOLD CAPITAL T,Latin Modern Math: adaptação de escala; licença GUST
U+1D5E8,𝗨,MATHEMATICAL SANS-SERIF BOLD CAPITAL U,Latin Modern Math: adaptação de escala; licença GUST
U+1D5E9,𝗩,MATHEMATICAL SANS-SERIF BOLD CAPITAL V,Latin Modern Math: adaptação de escala; licença GUST
U+1D5EA,𝗪,MATHEMATICAL SANS-SERIF BOLD CAPITAL W,Latin Modern Math: adaptação de escala; licença GUST
U+1D5EB,𝗫,MATHEMATICAL SANS-SERIF BOLD CAPITAL X,Latin Modern Math: adaptação de escala; licença GUST
U+1D5EC,𝗬,MATHEMATICAL SANS-SERIF BOLD CAPITAL Y,Latin Modern Math: adaptação de escala; licença GUST
U+1D5ED,𝗭,MATHEMATICAL SANS-SERIF BOLD CAPITAL Z,Latin Modern Math: adaptação de escala; licença GUST
U+1D5EE,𝗮,MATHEMATICAL SANS-SERIF BOLD SMALL A,Latin Modern Math: adaptação de escala; licença GUST
U+1D5EF,𝗯,MATHEMATICAL SANS-SERIF BOLD SMALL B,Latin Modern Math: adaptação de escala; licença GUST
U+1D5F0,𝗰,MATHEMATICAL SANS-SERIF BOLD SMALL C,Latin Modern Math: adaptação de escala; licença GUST
U+1D5F1,𝗱,MATHEMATICAL SANS-SERIF BOLD SMALL D,Latin Modern Math: adaptação de escala; licença GUST
U+1D5F2,𝗲,MATHEMATICAL SANS-SERIF BOLD SMALL E,Latin Modern Math: adaptação de escala; licença GUST
U+1D5F3,𝗳,MATHEMATICAL SANS-SERIF BOLD SMALL F,Latin Modern Math: adaptação de escala; licença GUST
U+1D5F4,𝗴,MATHEMATICAL SANS-SERIF BOLD SMALL G,Latin Modern Math: adaptação de escala; licença GUST
U+1D5F5,𝗵,MATHEMATICAL SANS-SERIF BOLD SMALL H,Latin Modern Math: adaptação de escala; licença GUST
U+1D5F6,𝗶,MATHEMATICAL SANS-SERIF BOLD SMALL I,Latin Modern Math: adaptação de escala; licença GUST
U+1D5F7,𝗷,MATHEMATICAL SANS-SERIF BOLD SMALL J,Latin Modern Math: adaptação de escala; licença GUST
U+1D5F8,𝗸,MATHEMATICAL SANS-SERIF BOLD SMALL K,Latin Modern Math: adaptação de escala; licença GUST
U+1D5F9,𝗹,MATHEMATICAL SANS-SERIF BOLD SMALL L,Latin Modern Math: adaptação de escala; licença GUST
U+1D5FA,𝗺,MATHEMATICAL SANS-SERIF BOLD SMALL M,Latin Modern Math: adaptação de escala; licença GUST
U+1D5FB,𝗻,MATHEMATICAL SANS-SERIF BOLD SMALL N,Latin Modern Math: adaptação de escala; licença GUST
U+1D5FC,𝗼,MATHEMATICAL SANS-SERIF BOLD SMALL O,Latin Modern Math: adaptação de escala; licença GUST
U+1D5FD,𝗽,MATHEMATICAL SANS-SERIF BOLD SMALL P,Latin Modern Math: adaptação de escala; licença GUST
U+1D5FE,𝗾,MATHEMATICAL SANS-SERIF BOLD SMALL Q,Latin Modern Math: adaptação de escala; licença GUST
U+1D5FF,𝗿,MATHEMATICAL SANS-SERIF BOLD SMALL R,Latin Modern Math: adaptação de escala; licença GUST
U+1D600,𝘀,MATHEMATICAL SANS-SERIF BOLD SMALL S,Latin Modern Math: adaptação de escala; licença GUST
U+1D601,𝘁,MATHEMATICAL SANS-SERIF BOLD SMALL T,Latin Modern Math: adaptação de escala; licença GUST
U+1D602,𝘂,MATHEMATICAL SANS-SERIF BOLD SMALL U,Latin Modern Math: adaptação de escala; licença GUST
U+1D603,𝘃,MATHEMATICAL SANS-SERIF BOLD SMALL V,Latin Modern Math: adaptação de escala; licença GUST
U+1D604,𝘄,MATHEMATICAL SANS-SERIF BOLD SMALL W,Latin Modern Math: adaptação de escala; licença GUST
U+1D605,𝘅,MATHEMATICAL SANS-SERIF BOLD SMALL X,Latin Modern Math: adaptação de escala; licença GUST
U+1D606,𝘆,MATHEMATICAL SANS-SERIF BOLD SMALL Y,Latin Modern Math: adaptação de escala; licença GUST
U+1D607,𝘇,MATHEMATICAL SANS-SERIF BOLD SMALL Z,Latin Modern Math: adaptação de escala; licença GUST
U+1D608,𝘈,MATHEMATICAL SANS-SERIF ITALIC CAPITAL A,Latin Modern Math: adaptação de escala; licença GUST
U+1D609,𝘉,MATHEMATICAL SANS-SERIF ITALIC CAPITAL B,Latin Modern Math: adaptação de escala; licença GUST
U+1D60A,𝘊,MATHEMATICAL SANS-SERIF ITALIC CAPITAL C,Latin Modern Math: adaptação de escala; licença GUST
U+1D60B,𝘋,MATHEMATICAL SANS-SERIF ITALIC CAPITAL D,Latin Modern Math: adaptação de escala; licença GUST
U+1D60C,𝘌,MATHEMATICAL SANS-SERIF ITALIC CAPITAL E,Latin Modern Math: adaptação de escala; licença GUST
U+1D60D,𝘍,MATHEMATICAL SANS-SERIF ITALIC CAPITAL F,Latin Modern Math: adaptação de escala; licença GUST
U+1D60E,𝘎,MATHEMATICAL SANS-SERIF ITALIC CAPITAL G,Latin Modern Math: adaptação de escala; licença GUST
U+1D60F,𝘏,MATHEMATICAL SANS-SERIF ITALIC CAPITAL H,Latin Modern Math: adaptação de escala; licença GUST
U+1D610,𝘐,MATHEMATICAL SANS-SERIF ITALIC CAPITAL I,Latin Modern Math: adaptação de escala; licença GUST
U+1D611,𝘑,MATHEMATICAL SANS-SERIF ITALIC CAPITAL J,Latin Modern Math: adaptação de escala; licença GUST
U+1D612,𝘒,MATHEMATICAL SANS-SERIF ITALIC CAPITAL K,Latin Modern Math: adaptação de escala; licença GUST
U+1D613,𝘓,MATHEMATICAL SANS-SERIF ITALIC CAPITAL L,Latin Modern Math: adaptação de escala; licença GUST
U+1D614,𝘔,MATHEMATICAL SANS-SERIF ITALIC CAPITAL M,Latin Modern Math: adaptação de escala; licença GUST
U+1D615,𝘕,MATHEMATICAL SANS-SERIF ITALIC CAPITAL N,Latin Modern Math: adaptação de escala; licença GUST
U+1D616,𝘖,MATHEMATICAL SANS-SERIF ITALIC CAPITAL O,Latin Modern Math: adaptação de escala; licença GUST
U+1D617,𝘗,MATHEMATICAL SANS-SERIF ITALIC CAPITAL P,Latin Modern Math: adaptação de escala; licença GUST
U+1D618,𝘘,MATHEMATICAL SANS-SERIF ITALIC CAPITAL Q,Latin Modern Math: adaptação de escala; licença GUST
U+1D619,𝘙,MATHEMATICAL SANS-SERIF ITALIC CAPITAL R,Latin Modern Math: adaptação de escala; licença GUST
U+1D61A,𝘚,MATHEMATICAL SANS-SERIF ITALIC CAPITAL S,Latin Modern Math: adaptação de escala; licença GUST
U+1D61B,𝘛,MATHEMATICAL SANS-SERIF ITALIC CAPITAL T,Latin Modern Math: adaptação de escala; licença GUST
U+1D61C,𝘜,MATHEMATICAL SANS-SERIF ITALIC CAPITAL U,Latin Modern Math: adaptação de escala; licença GUST
U+1D61D,𝘝,MATHEMATICAL SANS-SERIF ITALIC CAPITAL V,Latin Modern Math: adaptação de escala; licença GUST
U+1D61E,𝘞,MATHEMATICAL SANS-SERIF ITALIC CAPITAL W,Latin Modern Math: adaptação de escala; licença GUST
U+1D61F,𝘟,MATHEMATICAL SANS-SERIF ITALIC CAPITAL X,Latin Modern Math: adaptação de escala; licença GUST
U+1D620,𝘠,MATHEMATICAL SANS-SERIF ITALIC CAPITAL Y,Latin Modern Math: adaptação de escala; licença GUST
U+1D621,𝘡,MATHEMATICAL SANS-SERIF ITALIC CAPITAL Z,Latin Modern Math: adaptação de escala; licença GUST
U+1D622,𝘢,MATHEMATICAL SANS-SERIF ITALIC SMALL A,Latin Modern Math: adaptação de escala; licença GUST
U+1D623,𝘣,MATHEMATICAL SANS-SERIF ITALIC SMALL B,Latin Modern Math: adaptação de escala; licença GUST
U+1D624,𝘤,MATHEMATICAL SANS-SERIF ITALIC SMALL C,Latin Modern Math: adaptação de escala; licença GUST
U+1D625,𝘥,MATHEMATICAL SANS-SERIF ITALIC SMALL D,Latin Modern Math: adaptação de escala; licença GUST
U+1D626,𝘦,MATHEMATICAL SANS-SERIF ITALIC SMALL E,Latin Modern Math: adaptação de escala; licença GUST
U+1D627,𝘧,MATHEMATICAL SANS-SERIF ITALIC SMALL F,Latin Modern Math: adaptação de escala; licença GUST
U+1D628,𝘨,MATHEMATICAL SANS-SERIF ITALIC SMALL G,Latin Modern Math: adaptação de escala; licença GUST
U+1D629,𝘩,MATHEMATICAL SANS-SERIF ITALIC SMALL H,Latin Modern Math: adaptação de escala; licença GUST
U+1D62A,𝘪,MATHEMATICAL SANS-SERIF ITALIC SMALL I,Latin Modern Math: adaptação de escala; licença GUST
U+1D62B,𝘫,MATHEMATICAL SANS-SERIF ITALIC SMALL J,Latin Modern Math: adaptação de escala; licença GUST
U+1D62C,𝘬,MATHEMATICAL SANS-SERIF ITALIC SMALL K,Latin Modern Math: adaptação de escala; licença GUST
U+1D62D,𝘭,MATHEMATICAL SANS-SERIF ITALIC SMALL L,Latin Modern Math: adaptação de escala; licença GUST
U+1D62E,𝘮,MATHEMATICAL SANS-SERIF ITALIC SMALL M,Latin Modern Math: adaptação de escala; licença GUST
U+1D62F,𝘯,MATHEMATICAL SANS-SERIF ITALIC SMALL N,Latin Modern Math: adaptação de escala; licença GUST
U+1D630,𝘰,MATHEMATICAL SANS-SERIF ITALIC SMALL O,Latin Modern Math: adaptação de escala; licença GUST
U+1D631,𝘱,MATHEMATICAL SANS-SERIF ITALIC SMALL P,Latin Modern Math: adaptação de escala; licença GUST
U+1D632,𝘲,MATHEMATICAL SANS-SERIF ITALIC SMALL Q,Latin Modern Math: adaptação de escala; licença GUST
U+1D633,𝘳,MATHEMATICAL SANS-SERIF ITALIC SMALL R,Latin Modern Math: adaptação de escala; licença GUST
U+1D634,𝘴,MATHEMATICAL SANS-SERIF ITALIC SMALL S,Latin Modern Math: adaptação de escala; licença GUST
U+1D635,𝘵,MATHEMATICAL SANS-SERIF ITALIC SMALL T,Latin Modern Math: adaptação de escala; licença GUST
U+1D636,𝘶,MATHEMATICAL SANS-SERIF ITALIC SMALL U,Latin Modern Math: adaptação de escala; licença GUST
U+1D637,𝘷,MATHEMATICAL SANS-SERIF ITALIC SMALL V,Latin Modern Math: adaptação de escala; licença GUST
U+1D638,𝘸,MATHEMATICAL SANS-SERIF ITALIC SMALL W,Latin Modern Math: adaptação de escala; licença GUST
U+1D639,𝘹,MATHEMATICAL SANS-SERIF ITALIC SMALL X,Latin Modern Math: adaptação de escala; licença GUST
U+1D63A,𝘺,MATHEMATICAL SANS-SERIF ITALIC SMALL Y,Latin Modern Math: adaptação de escala; licença GUST
U+1D63B,𝘻,MATHEMATICAL SANS-SERIF ITALIC SMALL Z,Latin Modern Math: adaptação de escala; licença GUST
U+1D63C,𝘼,MATHEMATICAL SANS-SERIF BOLD ITALIC CAPITAL A,Latin Modern Math: adaptação de escala; licença GUST
U+1D63D,𝘽,MATHEMATICAL SANS-SERIF BOLD ITALIC CAPITAL B,Latin Modern Math: adaptação de escala; licença GUST
U+1D63E,𝘾,MATHEMATICAL SANS-SERIF BOLD ITALIC CAPITAL C,Latin Modern Math: adaptação de escala; licença GUST
U+1D63F,𝘿,MATHEMATICAL SANS-SERIF BOLD ITALIC CAPITAL D,Latin Modern Math: adaptação de escala; licença GUST
U+1D640,𝙀,MATHEMATICAL SANS-SERIF BOLD ITALIC CAPITAL E,Latin Modern Math: adaptação de escala; licença GUST
U+1D641,𝙁,MATHEMATICAL SANS-SERIF BOLD ITALIC CAPITAL F,Latin Modern Math: adaptação de escala; licença GUST
U+1D642,𝙂,MATHEMATICAL SANS-SERIF BOLD ITALIC CAPITAL G,Latin Modern Math: adaptação de escala; licença GUST
U+1D643,𝙃,MATHEMATICAL SANS-SERIF BOLD ITALIC CAPITAL H,Latin Modern Math: adaptação de escala; licença GUST
U+1D644,𝙄,MATHEMATICAL SANS-SERIF BOLD ITALIC CAPITAL I,Latin Modern Math: adaptação de escala; licença GUST
U+1D645,𝙅,MATHEMATICAL SANS-SERIF BOLD ITALIC CAPITAL J,Latin Modern Math: adaptação de escala; licença GUST
U+1D646,𝙆,MATHEMATICAL SANS-SERIF BOLD ITALIC CAPITAL K,Latin Modern Math: adaptação de escala; licença GUST
U+1D647,𝙇,MATHEMATICAL SANS-SERIF BOLD ITALIC CAPITAL L,Latin Modern Math: adaptação de escala; licença GUST
U+1D648,𝙈,MATHEMATICAL SANS-SERIF BOLD ITALIC CAPITAL M,Latin Modern Math: adaptação de escala; licença GUST
U+1D649,𝙉,MATHEMATICAL SANS-SERIF BOLD ITALIC CAPITAL N,Latin Modern Math: adaptação de escala; licença GUST
U+1D64A,𝙊,MATHEMATICAL SANS-SERIF BOLD ITALIC CAPITAL O,Latin Modern Math: adaptação de escala; licença GUST
U+1D64B,𝙋,MATHEMATICAL SANS-SERIF BOLD ITALIC CAPITAL P,Latin Modern Math: adaptação de escala; licença GUST
U+1D64C,𝙌,MATHEMATICAL SANS-SERIF BOLD ITALIC CAPITAL Q,Latin Modern Math: adaptação de escala; licença GUST
U+1D64D,𝙍,MATHEMATICAL SANS-SERIF BOLD ITALIC CAPITAL R,Latin Modern Math: adaptação de escala; licença GUST
U+1D64E,𝙎,MATHEMATICAL SANS-SERIF BOLD ITALIC CAPITAL S,Latin Modern Math: adaptação de escala; licença GUST
U+1D64F,𝙏,MATHEMATICAL SANS-SERIF BOLD ITALIC CAPITAL T,Latin Modern Math: adaptação de escala; licença GUST
U+1D650,𝙐,MATHEMATICAL SANS-SERIF BOLD ITALIC CAPITAL U,Latin Modern Math: adaptação de escala; licença GUST
U+1D651,𝙑,MATHEMATICAL SANS-SERIF BOLD ITALIC CAPITAL V,Latin Modern Math: adaptação de escala; licença GUST
U+1D652,𝙒,MATHEMATICAL SANS-SERIF BOLD ITALIC CAPITAL W,Latin Modern Math: adaptação de escala; licença GUST
U+1D653,𝙓,MATHEMATICAL SANS-SERIF BOLD ITALIC CAPITAL X,Latin Modern Math: adaptação de escala; licença GUST
U+1D654,𝙔,MATHEMATICAL SANS-SERIF BOLD ITALIC CAPITAL Y,Latin Modern Math: adaptação de escala; licença GUST
U+1D655,𝙕,MATHEMATICAL SANS-SERIF BOLD ITALIC CAPITAL Z,Latin Modern Math: adaptação de escala; licença GUST
U+1D656,𝙖,MATHEMATICAL SANS-SERIF BOLD ITALIC SMALL A,Latin Modern Math: adaptação de escala; licença GUST
U+1D657,𝙗,MATHEMATICAL SANS-SERIF BOLD ITALIC SMALL B,Latin Modern Math: adaptação de escala; licença GUST
U+1D658,𝙘,MATHEMATICAL SANS-SERIF BOLD ITALIC SMALL C,Latin Modern Math: adaptação de escala; licença GUST
U+1D659,𝙙,MATHEMATICAL SANS-SERIF BOLD ITALIC SMALL D,Latin Modern Math: adaptação de escala; licença GUST
U+1D65A,𝙚,MATHEMATICAL SANS-SERIF BOLD ITALIC SMALL E,Latin Modern Math: adaptação de escala; licença GUST
U+1D65B,𝙛,MATHEMATICAL SANS-SERIF BOLD ITALIC SMALL F,Latin Modern Math: adaptação de escala; licença GUST
U+1D65C,𝙜,MATHEMATICAL SANS-SERIF BOLD ITALIC SMALL G,Latin Modern Math: adaptação de escala; licença GUST
U+1D65D,𝙝,MATHEMATICAL SANS-SERIF BOLD ITALIC SMALL H,Latin Modern Math: adaptação de escala; licença GUST
U+1D65E,𝙞,MATHEMATICAL SANS-SERIF BOLD ITALIC SMALL I,Latin Modern Math: adaptação de escala; licença GUST
U+1D65F,𝙟,MATHEMATICAL SANS-SERIF BOLD ITALIC SMALL J,Latin Modern Math: adaptação de escala; licença GUST
U+1D660,𝙠,MATHEMATICAL SANS-SERIF BOLD ITALIC SMALL K,Latin Modern Math: adaptação de escala; licença GUST
U+1D661,𝙡,MATHEMATICAL SANS-SERIF BOLD ITALIC SMALL L,Latin Modern Math: adaptação de escala; licença GUST
U+1D662,𝙢,MATHEMATICAL SANS-SERIF BOLD ITALIC SMALL M,Latin Modern Math: adaptação de escala; licença GUST
U+1D663,𝙣,MATHEMATICAL SANS-SERIF BOLD ITALIC SMALL N,Latin Modern Math: adaptação de escala; licença GUST
U+1D664,𝙤,MATHEMATICAL SANS-SERIF BOLD ITALIC SMALL O,Latin Modern Math: adaptação de escala; licença GUST
U+1D665,𝙥,MATHEMATICAL SANS-SERIF BOLD ITALIC SMALL P,Latin Modern Math: adaptação de escala; licença GUST
U+1D666,𝙦,MATHEMATICAL SANS-SERIF BOLD ITALIC SMALL Q,Latin Modern Math: adaptação de escala; licença GUST
U+1D667,𝙧,MATHEMATICAL SANS-SERIF BOLD ITALIC SMALL R,Latin Modern Math: adaptação de escala; licença GUST
U+1D668,𝙨,MATHEMATICAL SANS-SERIF BOLD ITALIC SMALL S,Latin Modern Math: adaptação de escala; licença GUST
U+1D669,𝙩,MATHEMATICAL SANS-SERIF BOLD ITALIC SMALL T,Latin Modern Math: adaptação de escala; licença GUST
U+1D66A,𝙪,MATHEMATICAL SANS-SERIF BOLD ITALIC SMALL U,Latin Modern Math: adaptação de escala; licença GUST
U+1D66B,𝙫,MATHEMATICAL SANS-SERIF BOLD ITALIC SMALL V,Latin Modern Math: adaptação de escala; licença GUST
U+1D66C,𝙬,MATHEMATICAL SANS-SERIF BOLD ITALIC SMALL W,Latin Modern Math: adaptação de escala; licença GUST
U+1D66D,𝙭,MATHEMATICAL SANS-SERIF BOLD ITALIC SMALL X,Latin Modern Math: adaptação de escala; licença GUST
U+1D66E,𝙮,MATHEMATICAL SANS-SERIF BOLD ITALIC SMALL Y,Latin Modern Math: adaptação de escala; licença GUST
U+1D66F,𝙯,MATHEMATICAL SANS-SERIF BOLD ITALIC SMALL Z,Latin Modern Math: adaptação de escala; licença GUST
U+1D670,𝙰,MATHEMATICAL MONOSPACE CAPITAL A,Latin Modern Math: adaptação de escala; licença GUST
U+1D671,𝙱,MATHEMATICAL MONOSPACE CAPITAL B,Latin Modern Math: adaptação de escala; licença GUST
U+1D672,𝙲,MATHEMATICAL MONOSPACE CAPITAL C,Latin Modern Math: adaptação de escala; licença GUST
U+1D673,𝙳,MATHEMATICAL MONOSPACE CAPITAL D,Latin Modern Math: adaptação de escala; licença GUST
U+1D674,𝙴,MATHEMATICAL MONOSPACE CAPITAL E,Latin Modern Math: adaptação de escala; licença GUST
U+1D675,𝙵,MATHEMATICAL MONOSPACE CAPITAL F,Latin Modern Math: adaptação de escala; licença GUST
U+1D676,𝙶,MATHEMATICAL MONOSPACE CAPITAL G,Latin Modern Math: adaptação de escala; licença GUST
U+1D677,𝙷,MATHEMATICAL MONOSPACE CAPITAL H,Latin Modern Math: adaptação de escala; licença GUST
U+1D678,𝙸,MATHEMATICAL MONOSPACE CAPITAL I,Latin Modern Math: adaptação de escala; licença GUST
U+1D679,𝙹,MATHEMATICAL MONOSPACE CAPITAL J,Latin Modern Math: adaptação de escala; licença GUST
U+1D67A,𝙺,MATHEMATICAL MONOSPACE CAPITAL K,Latin Modern Math: adaptação de escala; licença GUST
U+1D67B,𝙻,MATHEMATICAL MONOSPACE CAPITAL L,Latin Modern Math: adaptação de escala; licença GUST
U+1D67C,𝙼,MATHEMATICAL MONOSPACE CAPITAL M,Latin Modern Math: adaptação de escala; licença GUST
U+1D67D,𝙽,MATHEMATICAL MONOSPACE CAPITAL N,Latin Modern Math: adaptação de escala; licença GUST
U+1D67E,𝙾,MATHEMATICAL MONOSPACE CAPITAL O,Latin Modern Math: adaptação de escala; licença GUST
U+1D67F,𝙿,MATHEMATICAL MONOSPACE CAPITAL P,Latin Modern Math: adaptação de escala; licença GUST
U+1D680,𝚀,MATHEMATICAL MONOSPACE CAPITAL Q,Latin Modern Math: adaptação de escala; licença GUST
U+1D681,𝚁,MATHEMATICAL MONOSPACE CAPITAL R,Latin Modern Math: adaptação de escala; licença GUST
U+1D682,𝚂,MATHEMATICAL MONOSPACE CAPITAL S,Latin Modern Math: adaptação de escala; licença GUST
U+1D683,𝚃,MATHEMATICAL MONOSPACE CAPITAL T,Latin Modern Math: adaptação de escala; licença GUST
U+1D684,𝚄,MATHEMATICAL MONOSPACE CAPITAL U,Latin Modern Math: adaptação de escala; licença GUST
U+1D685,𝚅,MATHEMATICAL MONOSPACE CAPITAL V,Latin Modern Math: adaptação de escala; licença GUST
U+1D686,𝚆,MATHEMATICAL MONOSPACE CAPITAL W,Latin Modern Math: adaptação de escala; licença GUST
U+1D687,𝚇,MATHEMATICAL MONOSPACE CAPITAL X,Latin Modern Math: adaptação de escala; licença GUST
U+1D688,𝚈,MATHEMATICAL MONOSPACE CAPITAL Y,Latin Modern Math: adaptação de escala; licença GUST
U+1D689,𝚉,MATHEMATICAL MONOSPACE CAPITAL Z,Latin Modern Math: adaptação de escala; licença GUST
U+1D68A,𝚊,MATHEMATICAL MONOSPACE SMALL A,Latin Modern Math: adaptação de escala; licença GUST
U+1D68B,𝚋,MATHEMATICAL MONOSPACE SMALL B,Latin Modern Math: adaptação de escala; licença GUST
U+1D68C,𝚌,MATHEMATICAL MONOSPACE SMALL C,Latin Modern Math: adaptação de escala; licença GUST
U+1D68D,𝚍,MATHEMATICAL MONOSPACE SMALL D,Latin Modern Math: adaptação de escala; licença GUST
U+1D68E,𝚎,MATHEMATICAL MONOSPACE SMALL E,Latin Modern Math: adaptação de escala; licença GUST
U+1D68F,𝚏,MATHEMATICAL MONOSPACE SMALL F,Latin Modern Math: adaptação de escala; licença GUST
U+1D690,𝚐,MATHEMATICAL MONOSPACE SMALL G,Latin Modern Math: adaptação de escala; licença GUST
U+1D691,𝚑,MATHEMATICAL MONOSPACE SMALL H,Latin Modern Math: adaptação de escala; licença GUST
U+1D692,𝚒,MATHEMATICAL MONOSPACE SMALL I,Latin Modern Math: adaptação de escala; licença GUST
U+1D693,𝚓,MATHEMATICAL MONOSPACE SMALL J,Latin Modern Math: adaptação de escala; licença GUST
U+1D694,𝚔,MATHEMATICAL MONOSPACE SMALL K,Latin Modern Math: adaptação de escala; licença GUST
U+1D695,𝚕,MATHEMATICAL MONOSPACE SMALL L,Latin Modern Math: adaptação de escala; licença GUST
U+1D696,𝚖,MATHEMATICAL MONOSPACE SMALL M,Latin Modern Math: adaptação de escala; licença GUST
U+1D697,𝚗,MATHEMATICAL MONOSPACE SMALL N,Latin Modern Math: adaptação de escala; licença GUST
U+1D698,𝚘,MATHEMATICAL MONOSPACE SMALL O,Latin Modern Math: adaptação de escala; licença GUST
U+1D699,𝚙,MATHEMATICAL MONOSPACE SMALL P,Latin Modern Math: adaptação de escala; licença GUST
U+1D69A,𝚚,MATHEMATICAL MONOSPACE SMALL Q,Latin Modern Math: adaptação de escala; licença GUST
U+1D69B,𝚛,MATHEMATICAL MONOSPACE SMALL R,Latin Modern Math: adaptação de escala; licença GUST
U+1D69C,𝚜,MATHEMATICAL MONOSPACE SMALL S,Latin Modern Math: adaptação de escala; licença GUST
U+1D69D,𝚝,MATHEMATICAL MONOSPACE SMALL T,Latin Modern Math: adaptação de escala; licença GUST
U+1D69E,𝚞,MATHEMATICAL MONOSPACE SMALL U,Latin Modern Math: adaptação de escala; licença GUST
U+1D69F,𝚟,MATHEMATICAL MONOSPACE SMALL V,Latin Modern Math: adaptação de escala; licença GUST
U+1D6A0,𝚠,MATHEMATICAL MONOSPACE SMALL W,Latin Modern Math: adaptação de escala; licença GUST
U+1D6A1,𝚡,MATHEMATICAL MONOSPACE SMALL X,Latin Modern Math: adaptação de escala; licença GUST
U+1D6A2,𝚢,MATHEMATICAL MONOSPACE SMALL Y,Latin Modern Math: adaptação de escala; licença GUST
U+1D6A3,𝚣,MATHEMATICAL MONOSPACE SMALL Z,Latin Modern Math: adaptação de escala; licença GUST
U+1D6A4,𝚤,MATHEMATICAL ITALIC SMALL DOTLESS I,DejaVu Serif: base vetorial licenciada
U+1D6A5,𝚥,MATHEMATICAL ITALIC SMALL DOTLESS J,DejaVu Serif: base vetorial licenciada
U+1D6A8,𝚨,MATHEMATICAL BOLD CAPITAL ALPHA,Latin Modern Math: adaptação de escala; licença GUST
U+1D6A9,𝚩,MATHEMATICAL BOLD CAPITAL BETA,Latin Modern Math: adaptação de escala; licença GUST
U+1D6AA,𝚪,MATHEMATICAL BOLD CAPITAL GAMMA,Latin Modern Math: adaptação de escala; licença GUST
U+1D6AB,𝚫,MATHEMATICAL BOLD CAPITAL DELTA,Latin Modern Math: adaptação de escala; licença GUST
U+1D6AC,𝚬,MATHEMATICAL BOLD CAPITAL EPSILON,Latin Modern Math: adaptação de escala; licença GUST
U+1D6AD,𝚭,MATHEMATICAL BOLD CAPITAL ZETA,Latin Modern Math: adaptação de escala; licença GUST
U+1D6AE,𝚮,MATHEMATICAL BOLD CAPITAL ETA,Latin Modern Math: adaptação de escala; licença GUST
U+1D6AF,𝚯,MATHEMATICAL BOLD CAPITAL THETA,Latin Modern Math: adaptação de escala; licença GUST
U+1D6B0,𝚰,MATHEMATICAL BOLD CAPITAL IOTA,Latin Modern Math: adaptação de escala; licença GUST
U+1D6B1,𝚱,MATHEMATICAL BOLD CAPITAL KAPPA,Latin Modern Math: adaptação de escala; licença GUST
U+1D6B2,𝚲,MATHEMATICAL BOLD CAPITAL LAMDA,Latin Modern Math: adaptação de escala; licença GUST
U+1D6B3,𝚳,MATHEMATICAL BOLD CAPITAL MU,Latin Modern Math: adaptação de escala; licença GUST
U+1D6B4,𝚴,MATHEMATICAL BOLD CAPITAL NU,Latin Modern Math: adaptação de escala; licença GUST
U+1D6B5,𝚵,MATHEMATICAL BOLD CAPITAL XI,Latin Modern Math: adaptação de escala; licença GUST
U+1D6B6,𝚶,MATHEMATICAL BOLD CAPITAL OMICRON,Latin Modern Math: adaptação de escala; licença GUST
U+1D6B7,𝚷,MATHEMATICAL BOLD CAPITAL PI,Latin Modern Math: adaptação de escala; licença GUST
U+1D6B8,𝚸,MATHEMATICAL BOLD CAPITAL RHO,Latin Modern Math: adaptação de escala; licença GUST
U+1D6B9,𝚹,MATHEMATICAL BOLD CAPITAL THETA SYMBOL,Latin Modern Math: adaptação de escala; licença GUST
U+1D6BA,𝚺,MATHEMATICAL BOLD CAPITAL SIGMA,Latin Modern Math: adaptação de escala; licença GUST
U+1D6BB,𝚻,MATHEMATICAL BOLD CAPITAL TAU,Latin Modern Math: adaptação de escala; licença GUST
U+1D6BC,𝚼,MATHEMATICAL BOLD CAPITAL UPSILON,Latin Modern Math: adaptação de escala; licença GUST
U+1D6BD,𝚽,MATHEMATICAL BOLD CAPITAL PHI,Latin Modern Math: adaptação de escala; licença GUST
U+1D6BE,𝚾,MATHEMATICAL BOLD CAPITAL CHI,Latin Modern Math: adaptação de escala; licença GUST
U+1D6BF,𝚿,MATHEMATICAL BOLD CAPITAL PSI,Latin Modern Math: adaptação de escala; licença GUST
U+1D6C0,𝛀,MATHEMATICAL BOLD CAPITAL OMEGA,Latin Modern Math: adaptação de escala; licença GUST
U+1D6C1,𝛁,MATHEMATICAL BOLD NABLA,Latin Modern Math: adaptação de escala; licença GUST
U+1D6C2,𝛂,MATHEMATICAL BOLD SMALL ALPHA,Latin Modern Math: adaptação de escala; licença GUST
U+1D6C3,𝛃,MATHEMATICAL BOLD SMALL BETA,Latin Modern Math: adaptação de escala; licença GUST
U+1D6C4,𝛄,MATHEMATICAL BOLD SMALL GAMMA,Latin Modern Math: adaptação de escala; licença GUST
U+1D6C5,𝛅,MATHEMATICAL BOLD SMALL DELTA,Latin Modern Math: adaptação de escala; licença GUST
U+1D6C6,𝛆,MATHEMATICAL BOLD SMALL EPSILON,Latin Modern Math: adaptação de escala; licença GUST
U+1D6C7,𝛇,MATHEMATICAL BOLD SMALL ZETA,Latin Modern Math: adaptação de escala; licença GUST
U+1D6C8,𝛈,MATHEMATICAL BOLD SMALL ETA,Latin Modern Math: adaptação de escala; licença GUST
U+1D6C9,𝛉,MATHEMATICAL BOLD SMALL THETA,Latin Modern Math: adaptação de escala; licença GUST
U+1D6CA,𝛊,MATHEMATICAL BOLD SMALL IOTA,Latin Modern Math: adaptação de escala; licença GUST
U+1D6CB,𝛋,MATHEMATICAL BOLD SMALL KAPPA,Latin Modern Math: adaptação de escala; licença GUST
U+1D6CC,𝛌,MATHEMATICAL BOLD SMALL LAMDA,Latin Modern Math: adaptação de escala; licença GUST
U+1D6CD,𝛍,MATHEMATICAL BOLD SMALL MU,Latin Modern Math: adaptação de escala; licença GUST
U+1D6CE,𝛎,MATHEMATICAL BOLD SMALL NU,Latin Modern Math: adaptação de escala; licença GUST
U+1D6CF,𝛏,MATHEMATICAL BOLD SMALL XI,Latin Modern Math: adaptação de escala; licença GUST
U+1D6D0,𝛐,MATHEMATICAL BOLD SMALL OMICRON,Latin Modern Math: adaptação de escala; licença GUST
U+1D6D1,𝛑,MATHEMATICAL BOLD SMALL PI,Latin Modern Math: adaptação de escala; licença GUST
U+1D6D2,𝛒,MATHEMATICAL BOLD SMALL RHO,Latin Modern Math: adaptação de escala; licença GUST
U+1D6D3,𝛓,MATHEMATICAL BOLD SMALL FINAL SIGMA,Latin Modern Math: adaptação de escala; licença GUST
U+1D6D4,𝛔,MATHEMATICAL BOLD SMALL SIGMA,Latin Modern Math: adaptação de escala; licença GUST
U+1D6D5,𝛕,MATHEMATICAL BOLD SMALL TAU,Latin Modern Math: adaptação de escala; licença GUST
U+1D6D6,𝛖,MATHEMATICAL BOLD SMALL UPSILON,Latin Modern Math: adaptação de escala; licença GUST
U+1D6D7,𝛗,MATHEMATICAL BOLD SMALL PHI,Latin Modern Math: adaptação de escala; licença GUST
U+1D6D8,𝛘,MATHEMATICAL BOLD SMALL CHI,Latin Modern Math: adaptação de escala; licença GUST
U+1D6D9,𝛙,MATHEMATICAL BOLD SMALL PSI,Latin Modern Math: adaptação de escala; licença GUST
U+1D6DA,𝛚,MATHEMATICAL BOLD SMALL OMEGA,Latin Modern Math: adaptação de escala; licença GUST
U+1D6DB,𝛛,MATHEMATICAL BOLD PARTIAL DIFFERENTIAL,Latin Modern Math: adaptação de escala; licença GUST
U+1D6DC,𝛜,MATHEMATICAL BOLD EPSILON SYMBOL,Latin Modern Math: adaptação de escala; licença GUST
U+1D6DD,𝛝,MATHEMATICAL BOLD THETA SYMBOL,Latin Modern Math: adaptação de escala; licença GUST
U+1D6DE,𝛞,MATHEMATICAL BOLD KAPPA SYMBOL,Latin Modern Math: adaptação de escala; licença GUST
U+1D6DF,𝛟,MATHEMATICAL BOLD PHI SYMBOL,Latin Modern Math: adaptação de escala; licença GUST
U+1D6E0,𝛠,MATHEMATICAL BOLD RHO SYMBOL,Latin Modern Math: adaptação de escala; licença GUST
U+1D6E1,𝛡,MATHEMATICAL BOLD PI SYMBOL,Latin Modern Math: adaptação de escala; licença GUST
U+1D6E2,𝛢,MATHEMATICAL ITALIC CAPITAL ALPHA,Latin Modern Math: adaptação de escala; licença GUST
U+1D6E3,𝛣,MATHEMATICAL ITALIC CAPITAL BETA,Latin Modern Math: adaptação de escala; licença GUST
U+1D6E4,𝛤,MATHEMATICAL ITALIC CAPITAL GAMMA,Latin Modern Math: adaptação de escala; licença GUST
U+1D6E5,𝛥,MATHEMATICAL ITALIC CAPITAL DELTA,Latin Modern Math: adaptação de escala; licença GUST
U+1D6E6,𝛦,MATHEMATICAL ITALIC CAPITAL EPSILON,Latin Modern Math: adaptação de escala; licença GUST
U+1D6E7,𝛧,MATHEMATICAL ITALIC CAPITAL ZETA,Latin Modern Math: adaptação de escala; licença GUST
U+1D6E8,𝛨,MATHEMATICAL ITALIC CAPITAL ETA,Latin Modern Math: adaptação de escala; licença GUST
U+1D6E9,𝛩,MATHEMATICAL ITALIC CAPITAL THETA,Latin Modern Math: adaptação de escala; licença GUST
U+1D6EA,𝛪,MATHEMATICAL ITALIC CAPITAL IOTA,Latin Modern Math: adaptação de escala; licença GUST
U+1D6EB,𝛫,MATHEMATICAL ITALIC CAPITAL KAPPA,Latin Modern Math: adaptação de escala; licença GUST
U+1D6EC,𝛬,MATHEMATICAL ITALIC CAPITAL LAMDA,Latin Modern Math: adaptação de escala; licença GUST
U+1D6ED,𝛭,MATHEMATICAL ITALIC CAPITAL MU,Latin Modern Math: adaptação de escala; licença GUST
U+1D6EE,𝛮,MATHEMATICAL ITALIC CAPITAL NU,Latin Modern Math: adaptação de escala; licença GUST
U+1D6EF,𝛯,MATHEMATICAL ITALIC CAPITAL XI,Latin Modern Math: adaptação de escala; licença GUST
U+1D6F0,𝛰,MATHEMATICAL ITALIC CAPITAL OMICRON,Latin Modern Math: adaptação de escala; licença GUST
U+1D6F1,𝛱,MATHEMATICAL ITALIC CAPITAL PI,Latin Modern Math: adaptação de escala; licença GUST
U+1D6F2,𝛲,MATHEMATICAL ITALIC CAPITAL RHO,Latin Modern Math: adaptação de escala; licença GUST
U+1D6F3,𝛳,MATHEMATICAL ITALIC CAPITAL THETA SYMBOL,Latin Modern Math: adaptação de escala; licença GUST
U+1D6F4,𝛴,MATHEMATICAL ITALIC CAPITAL SIGMA,Latin Modern Math: adaptação de escala; licença GUST
U+1D6F5,𝛵,MATHEMATICAL ITALIC CAPITAL TAU,Latin Modern Math: adaptação de escala; licença GUST
U+1D6F6,𝛶,MATHEMATICAL ITALIC CAPITAL UPSILON,Latin Modern Math: adaptação de escala; licença GUST
U+1D6F7,𝛷,MATHEMATICAL ITALIC CAPITAL PHI,Latin Modern Math: adaptação de escala; licença GUST
U+1D6F8,𝛸,MATHEMATICAL ITALIC CAPITAL CHI,Latin Modern Math: adaptação de escala; licença GUST
U+1D6F9,𝛹,MATHEMATICAL ITALIC CAPITAL PSI,Latin Modern Math: adaptação de escala; licença GUST
U+1D6FA,𝛺,MATHEMATICAL ITALIC CAPITAL OMEGA,Latin Modern Math: adaptação de escala; licença GUST
U+1D6FB,𝛻,MATHEMATICAL ITALIC NABLA,Latin Modern Math: adaptação de escala; licença GUST
U+1D6FC,𝛼,MATHEMATICAL ITALIC SMALL ALPHA,Latin Modern Math: adaptação de escala; licença GUST
U+1D6FD,𝛽,MATHEMATICAL ITALIC SMALL BETA,Latin Modern Math: adaptação de escala; licença GUST
U+1D6FE,𝛾,MATHEMATICAL ITALIC SMALL GAMMA,Latin Modern Math: adaptação de escala; licença GUST
U+1D6FF,𝛿,MATHEMATICAL ITALIC SMALL DELTA,Latin Modern Math: adaptação de escala; licença GUST
U+1D700,𝜀,MATHEMATICAL ITALIC SMALL EPSILON,Latin Modern Math: adaptação de escala; licença GUST
U+1D701,𝜁,MATHEMATICAL ITALIC SMALL ZETA,Latin Modern Math: adaptação de escala; licença GUST
U+1D702,𝜂,MATHEMATICAL ITALIC SMALL ETA,Latin Modern Math: adaptação de escala; licença GUST
U+1D703,𝜃,MATHEMATICAL ITALIC SMALL THETA,Latin Modern Math: adaptação de escala; licença GUST
U+1D704,𝜄,MATHEMATICAL ITALIC SMALL IOTA,Latin Modern Math: adaptação de escala; licença GUST
U+1D705,𝜅,MATHEMATICAL ITALIC SMALL KAPPA,Latin Modern Math: adaptação de escala; licença GUST
U+1D706,𝜆,MATHEMATICAL ITALIC SMALL LAMDA,Latin Modern Math: adaptação de escala; licença GUST
U+1D707,𝜇,MATHEMATICAL ITALIC SMALL MU,Latin Modern Math: adaptação de escala; licença GUST
U+1D708,𝜈,MATHEMATICAL ITALIC SMALL NU,Latin Modern Math: adaptação de escala; licença GUST
U+1D709,𝜉,MATHEMATICAL ITALIC SMALL XI,Latin Modern Math: adaptação de escala; licença GUST
U+1D70A,𝜊,MATHEMATICAL ITALIC SMALL OMICRON,Latin Modern Math: adaptação de escala; licença GUST
U+1D70B,𝜋,MATHEMATICAL ITALIC SMALL PI,Latin Modern Math: adaptação de escala; licença GUST
U+1D70C,𝜌,MATHEMATICAL ITALIC SMALL RHO,Latin Modern Math: adaptação de escala; licença GUST
U+1D70D,𝜍,MATHEMATICAL ITALIC SMALL FINAL SIGMA,Latin Modern Math: adaptação de escala; licença GUST
U+1D70E,𝜎,MATHEMATICAL ITALIC SMALL SIGMA,Latin Modern Math: adaptação de escala; licença GUST
U+1D70F,𝜏,MATHEMATICAL ITALIC SMALL TAU,Latin Modern Math: adaptação de escala; licença GUST
U+1D710,𝜐,MATHEMATICAL ITALIC SMALL UPSILON,Latin Modern Math: adaptação de escala; licença GUST
U+1D711,𝜑,MATHEMATICAL ITALIC SMALL PHI,Latin Modern Math: adaptação de escala; licença GUST
U+1D712,𝜒,MATHEMATICAL ITALIC SMALL CHI,Latin Modern Math: adaptação de escala; licença GUST
U+1D713,𝜓,MATHEMATICAL ITALIC SMALL PSI,Latin Modern Math: adaptação de escala; licença GUST
U+1D714,𝜔,MATHEMATICAL ITALIC SMALL OMEGA,Latin Modern Math: adaptação de escala; licença GUST
U+1D715,𝜕,MATHEMATICAL ITALIC PARTIAL DIFFERENTIAL,Latin Modern Math: adaptação de escala; licença GUST
U+1D716,𝜖,MATHEMATICAL ITALIC EPSILON SYMBOL,Latin Modern Math: adaptação de escala; licença GUST
U+1D717,𝜗,MATHEMATICAL ITALIC THETA SYMBOL,Latin Modern Math: adaptação de escala; licença GUST
U+1D718,𝜘,MATHEMATICAL ITALIC KAPPA SYMBOL,Latin Modern Math: adaptação de escala; licença GUST
U+1D719,𝜙,MATHEMATICAL ITALIC PHI SYMBOL,Latin Modern Math: adaptação de escala; licença GUST
U+1D71A,𝜚,MATHEMATICAL ITALIC RHO SYMBOL,Latin Modern Math: adaptação de escala; licença GUST
U+1D71B,𝜛,MATHEMATICAL ITALIC PI SYMBOL,Latin Modern Math: adaptação de escala; licença GUST
U+1D71C,𝜜,MATHEMATICAL BOLD ITALIC CAPITAL ALPHA,Latin Modern Math: adaptação de escala; licença GUST
U+1D71D,𝜝,MATHEMATICAL BOLD ITALIC CAPITAL BETA,Latin Modern Math: adaptação de escala; licença GUST
U+1D71E,𝜞,MATHEMATICAL BOLD ITALIC CAPITAL GAMMA,Latin Modern Math: adaptação de escala; licença GUST
U+1D71F,𝜟,MATHEMATICAL BOLD ITALIC CAPITAL DELTA,Latin Modern Math: adaptação de escala; licença GUST
U+1D720,𝜠,MATHEMATICAL BOLD ITALIC CAPITAL EPSILON,Latin Modern Math: adaptação de escala; licença GUST
U+1D721,𝜡,MATHEMATICAL BOLD ITALIC CAPITAL ZETA,Latin Modern Math: adaptação de escala; licença GUST
U+1D722,𝜢,MATHEMATICAL BOLD ITALIC CAPITAL ETA,Latin Modern Math: adaptação de escala; licença GUST
U+1D723,𝜣,MATHEMATICAL BOLD ITALIC CAPITAL THETA,Latin Modern Math: adaptação de escala; licença GUST
U+1D724,𝜤,MATHEMATICAL BOLD ITALIC CAPITAL IOTA,Latin Modern Math: adaptação de escala; licença GUST
U+1D725,𝜥,MATHEMATICAL BOLD ITALIC CAPITAL KAPPA,Latin Modern Math: adaptação de escala; licença GUST
U+1D726,𝜦,MATHEMATICAL BOLD ITALIC CAPITAL LAMDA,Latin Modern Math: adaptação de escala; licença GUST
U+1D727,𝜧,MATHEMATICAL BOLD ITALIC CAPITAL MU,Latin Modern Math: adaptação de escala; licença GUST
U+1D728,𝜨,MATHEMATICAL BOLD ITALIC CAPITAL NU,Latin Modern Math: adaptação de escala; licença GUST
U+1D729,𝜩,MATHEMATICAL BOLD ITALIC CAPITAL XI,Latin Modern Math: adaptação de escala; licença GUST
U+1D72A,𝜪,MATHEMATICAL BOLD ITALIC CAPITAL OMICRON,Latin Modern Math: adaptação de escala; licença GUST
U+1D72B,𝜫,MATHEMATICAL BOLD ITALIC CAPITAL PI,Latin Modern Math: adaptação de escala; licença GUST
U+1D72C,𝜬,MATHEMATICAL BOLD ITALIC CAPITAL RHO,Latin Modern Math: adaptação de escala; licença GUST
U+1D72D,𝜭,MATHEMATICAL BOLD ITALIC CAPITAL THETA SYMBOL,Latin Modern Math: adaptação de escala; licença GUST
U+1D72E,𝜮,MATHEMATICAL BOLD ITALIC CAPITAL SIGMA,Latin Modern Math: adaptação de escala; licença GUST
U+1D72F,𝜯,MATHEMATICAL BOLD ITALIC CAPITAL TAU,Latin Modern Math: adaptação de escala; licença GUST
U+1D730,𝜰,MATHEMATICAL BOLD ITALIC CAPITAL UPSILON,Latin Modern Math: adaptação de escala; licença GUST
U+1D731,𝜱,MATHEMATICAL BOLD ITALIC CAPITAL PHI,Latin Modern Math: adaptação de escala; licença GUST
U+1D732,𝜲,MATHEMATICAL BOLD ITALIC CAPITAL CHI,Latin Modern Math: adaptação de escala; licença GUST
U+1D733,𝜳,MATHEMATICAL BOLD ITALIC CAPITAL PSI,Latin Modern Math: adaptação de escala; licença GUST
U+1D734,𝜴,MATHEMATICAL BOLD ITALIC CAPITAL OMEGA,Latin Modern Math: adaptação de escala; licença GUST
U+1D735,𝜵,MATHEMATICAL BOLD ITALIC NABLA,Latin Modern Math: adaptação de escala; licença GUST
U+1D736,𝜶,MATHEMATICAL BOLD ITALIC SMALL ALPHA,Latin Modern Math: adaptação de escala; licença GUST
U+1D737,𝜷,MATHEMATICAL BOLD ITALIC SMALL BETA,Latin Modern Math: adaptação de escala; licença GUST
U+1D738,𝜸,MATHEMATICAL BOLD ITALIC SMALL GAMMA,Latin Modern Math: adaptação de escala; licença GUST
U+1D739,𝜹,MATHEMATICAL BOLD ITALIC SMALL DELTA,Latin Modern Math: adaptação de escala; licença GUST
U+1D73A,𝜺,MATHEMATICAL BOLD ITALIC SMALL EPSILON,Latin Modern Math: adaptação de escala; licença GUST
U+1D73B,𝜻,MATHEMATICAL BOLD ITALIC SMALL ZETA,Latin Modern Math: adaptação de escala; licença GUST
U+1D73C,𝜼,MATHEMATICAL BOLD ITALIC SMALL ETA,Latin Modern Math: adaptação de escala; licença GUST
U+1D73D,𝜽,MATHEMATICAL BOLD ITALIC SMALL THETA,Latin Modern Math: adaptação de escala; licença GUST
U+1D73E,𝜾,MATHEMATICAL BOLD ITALIC SMALL IOTA,Latin Modern Math: adaptação de escala; licença GUST
U+1D73F,𝜿,MATHEMATICAL BOLD ITALIC SMALL KAPPA,Latin Modern Math: adaptação de escala; licença GUST
U+1D740,𝝀,MATHEMATICAL BOLD ITALIC SMALL LAMDA,Latin Modern Math: adaptação de escala; licença GUST
U+1D741,𝝁,MATHEMATICAL BOLD ITALIC SMALL MU,Latin Modern Math: adaptação de escala; licença GUST
U+1D742,𝝂,MATHEMATICAL BOLD ITALIC SMALL NU,Latin Modern Math: adaptação de escala; licença GUST
U+1D743,𝝃,MATHEMATICAL BOLD ITALIC SMALL XI,Latin Modern Math: adaptação de escala; licença GUST
U+1D744,𝝄,MATHEMATICAL BOLD ITALIC SMALL OMICRON,Latin Modern Math: adaptação de escala; licença GUST
U+1D745,𝝅,MATHEMATICAL BOLD ITALIC SMALL PI,Latin Modern Math: adaptação de escala; licença GUST
U+1D746,𝝆,MATHEMATICAL BOLD ITALIC SMALL RHO,Latin Modern Math: adaptação de escala; licença GUST
U+1D747,𝝇,MATHEMATICAL BOLD ITALIC SMALL FINAL SIGMA,Latin Modern Math: adaptação de escala; licença GUST
U+1D748,𝝈,MATHEMATICAL BOLD ITALIC SMALL SIGMA,Latin Modern Math: adaptação de escala; licença GUST
U+1D749,𝝉,MATHEMATICAL BOLD ITALIC SMALL TAU,Latin Modern Math: adaptação de escala; licença GUST
U+1D74A,𝝊,MATHEMATICAL BOLD ITALIC SMALL UPSILON,Latin Modern Math: adaptação de escala; licença GUST
U+1D74B,𝝋,MATHEMATICAL BOLD ITALIC SMALL PHI,Latin Modern Math: adaptação de escala; licença GUST
U+1D74C,𝝌,MATHEMATICAL BOLD ITALIC SMALL CHI,Latin Modern Math: adaptação de escala; licença GUST
U+1D74D,𝝍,MATHEMATICAL BOLD ITALIC SMALL PSI,Latin Modern Math: adaptação de escala; licença GUST
U+1D74E,𝝎,MATHEMATICAL BOLD ITALIC SMALL OMEGA,Latin Modern Math: adaptação de escala; licença GUST
U+1D74F,𝝏,MATHEMATICAL BOLD ITALIC PARTIAL DIFFERENTIAL,Latin Modern Math: adaptação de escala; licença GUST
U+1D750,𝝐,MATHEMATICAL BOLD ITALIC EPSILON SYMBOL,Latin Modern Math: adaptação de escala; licença GUST
U+1D751,𝝑,MATHEMATICAL BOLD ITALIC THETA SYMBOL,Latin Modern Math: adaptação de escala; licença GUST
U+1D752,𝝒,MATHEMATICAL BOLD ITALIC KAPPA SYMBOL,Latin Modern Math: adaptação de escala; licença GUST
U+1D753,𝝓,MATHEMATICAL BOLD ITALIC PHI SYMBOL,Latin Modern Math: adaptação de escala; licença GUST
U+1D754,𝝔,MATHEMATICAL BOLD ITALIC RHO SYMBOL,Latin Modern Math: adaptação de escala; licença GUST
U+1D755,𝝕,MATHEMATICAL BOLD ITALIC PI SYMBOL,Latin Modern Math: adaptação de escala; licença GUST
U+1D756,𝝖,MATHEMATICAL SANS-SERIF BOLD CAPITAL ALPHA,Latin Modern Math: adaptação de escala; licença GUST
U+1D757,𝝗,MATHEMATICAL SANS-SERIF BOLD CAPITAL BETA,Latin Modern Math: adaptação de escala; licença GUST
U+1D758,𝝘,MATHEMATICAL SANS-SERIF BOLD CAPITAL GAMMA,Latin Modern Math: adaptação de escala; licença GUST
U+1D759,𝝙,MATHEMATICAL SANS-SERIF BOLD CAPITAL DELTA,Latin Modern Math: adaptação de escala; licença GUST
U+1D75A,𝝚,MATHEMATICAL SANS-SERIF BOLD CAPITAL EPSILON,Latin Modern Math: adaptação de escala; licença GUST
U+1D75B,𝝛,MATHEMATICAL SANS-SERIF BOLD CAPITAL ZETA,Latin Modern Math: adaptação de escala; licença GUST
U+1D75C,𝝜,MATHEMATICAL SANS-SERIF BOLD CAPITAL ETA,Latin Modern Math: adaptação de escala; licença GUST
U+1D75D,𝝝,MATHEMATICAL SANS-SERIF BOLD CAPITAL THETA,Latin Modern Math: adaptação de escala; licença GUST
U+1D75E,𝝞,MATHEMATICAL SANS-SERIF BOLD CAPITAL IOTA,Latin Modern Math: adaptação de escala; licença GUST
U+1D75F,𝝟,MATHEMATICAL SANS-SERIF BOLD CAPITAL KAPPA,Latin Modern Math: adaptação de escala; licença GUST
U+1D760,𝝠,MATHEMATICAL SANS-SERIF BOLD CAPITAL LAMDA,Latin Modern Math: adaptação de escala; licença GUST
U+1D761,𝝡,MATHEMATICAL SANS-SERIF BOLD CAPITAL MU,Latin Modern Math: adaptação de escala; licença GUST
U+1D762,𝝢,MATHEMATICAL SANS-SERIF BOLD CAPITAL NU,Latin Modern Math: adaptação de escala; licença GUST
U+1D763,𝝣,MATHEMATICAL SANS-SERIF BOLD CAPITAL XI,Latin Modern Math: adaptação de escala; licença GUST
U+1D764,𝝤,MATHEMATICAL SANS-SERIF BOLD CAPITAL OMICRON,Latin Modern Math: adaptação de escala; licença GUST
U+1D765,𝝥,MATHEMATICAL SANS-SERIF BOLD CAPITAL PI,Latin Modern Math: adaptação de escala; licença GUST
U+1D766,𝝦,MATHEMATICAL SANS-SERIF BOLD CAPITAL RHO,Latin Modern Math: adaptação de escala; licença GUST
U+1D767,𝝧,MATHEMATICAL SANS-SERIF BOLD CAPITAL THETA SYMBOL,Latin Modern Math: adaptação de escala; licença GUST
U+1D768,𝝨,MATHEMATICAL SANS-SERIF BOLD CAPITAL SIGMA,Latin Modern Math: adaptação de escala; licença GUST
U+1D769,𝝩,MATHEMATICAL SANS-SERIF BOLD CAPITAL TAU,Latin Modern Math: adaptação de escala; licença GUST
U+1D76A,𝝪,MATHEMATICAL SANS-SERIF BOLD CAPITAL UPSILON,Latin Modern Math: adaptação de escala; licença GUST
U+1D76B,𝝫,MATHEMATICAL SANS-SERIF BOLD CAPITAL PHI,Latin Modern Math: adaptação de escala; licença GUST
U+1D76C,𝝬,MATHEMATICAL SANS-SERIF BOLD CAPITAL CHI,Latin Modern Math: adaptação de escala; licença GUST
U+1D76D,𝝭,MATHEMATICAL SANS-SERIF BOLD CAPITAL PSI,Latin Modern Math: adaptação de escala; licença GUST
U+1D76E,𝝮,MATHEMATICAL SANS-SERIF BOLD CAPITAL OMEGA,Latin Modern Math: adaptação de escala; licença GUST
U+1D76F,𝝯,MATHEMATICAL SANS-SERIF BOLD NABLA,Latin Modern Math: adaptação de escala; licença GUST
U+1D770,𝝰,MATHEMATICAL SANS-SERIF BOLD SMALL ALPHA,Latin Modern Math: adaptação de escala; licença GUST
U+1D771,𝝱,MATHEMATICAL SANS-SERIF BOLD SMALL BETA,Latin Modern Math: adaptação de escala; licença GUST
U+1D772,𝝲,MATHEMATICAL SANS-SERIF BOLD SMALL GAMMA,Latin Modern Math: adaptação de escala; licença GUST
U+1D773,𝝳,MATHEMATICAL SANS-SERIF BOLD SMALL DELTA,Latin Modern Math: adaptação de escala; licença GUST
U+1D774,𝝴,MATHEMATICAL SANS-SERIF BOLD SMALL EPSILON,Latin Modern Math: adaptação de escala; licença GUST
U+1D775,𝝵,MATHEMATICAL SANS-SERIF BOLD SMALL ZETA,Latin Modern Math: adaptação de escala; licença GUST
U+1D776,𝝶,MATHEMATICAL SANS-SERIF BOLD SMALL ETA,Latin Modern Math: adaptação de escala; licença GUST
U+1D777,𝝷,MATHEMATICAL SANS-SERIF BOLD SMALL THETA,Latin Modern Math: adaptação de escala; licença GUST
U+1D778,𝝸,MATHEMATICAL SANS-SERIF BOLD SMALL IOTA,Latin Modern Math: adaptação de escala; licença GUST
U+1D779,𝝹,MATHEMATICAL SANS-SERIF BOLD SMALL KAPPA,Latin Modern Math: adaptação de escala; licença GUST
U+1D77A,𝝺,MATHEMATICAL SANS-SERIF BOLD SMALL LAMDA,Latin Modern Math: adaptação de escala; licença GUST
U+1D77B,𝝻,MATHEMATICAL SANS-SERIF BOLD SMALL MU,Latin Modern Math: adaptação de escala; licença GUST
U+1D77C,𝝼,MATHEMATICAL SANS-SERIF BOLD SMALL NU,Latin Modern Math: adaptação de escala; licença GUST
U+1D77D,𝝽,MATHEMATICAL SANS-SERIF BOLD SMALL XI,Latin Modern Math: adaptação de escala; licença GUST
U+1D77E,𝝾,MATHEMATICAL SANS-SERIF BOLD SMALL OMICRON,Latin Modern Math: adaptação de escala; licença GUST
U+1D77F,𝝿,MATHEMATICAL SANS-SERIF BOLD SMALL PI,Latin Modern Math: adaptação de escala; licença GUST
U+1D780,𝞀,MATHEMATICAL SANS-SERIF BOLD SMALL RHO,Latin Modern Math: adaptação de escala; licença GUST
U+1D781,𝞁,MATHEMATICAL SANS-SERIF BOLD SMALL FINAL SIGMA,Latin Modern Math: adaptação de escala; licença GUST
U+1D782,𝞂,MATHEMATICAL SANS-SERIF BOLD SMALL SIGMA,Latin Modern Math: adaptação de escala; licença GUST
U+1D783,𝞃,MATHEMATICAL SANS-SERIF BOLD SMALL TAU,Latin Modern Math: adaptação de escala; licença GUST
U+1D784,𝞄,MATHEMATICAL SANS-SERIF BOLD SMALL UPSILON,Latin Modern Math: adaptação de escala; licença GUST
U+1D785,𝞅,MATHEMATICAL SANS-SERIF BOLD SMALL PHI,Latin Modern Math: adaptação de escala; licença GUST
U+1D786,𝞆,MATHEMATICAL SANS-SERIF BOLD SMALL CHI,Latin Modern Math: adaptação de escala; licença GUST
U+1D787,𝞇,MATHEMATICAL SANS-SERIF BOLD SMALL PSI,Latin Modern Math: adaptação de escala; licença GUST
U+1D788,𝞈,MATHEMATICAL SANS-SERIF BOLD SMALL OMEGA,Latin Modern Math: adaptação de escala; licença GUST
U+1D789,𝞉,MATHEMATICAL SANS-SERIF BOLD PARTIAL DIFFERENTIAL,Latin Modern Math: adaptação de escala; licença GUST
U+1D78A,𝞊,MATHEMATICAL SANS-SERIF BOLD EPSILON SYMBOL,Latin Modern Math: adaptação de escala; licença GUST
U+1D78B,𝞋,MATHEMATICAL SANS-SERIF BOLD THETA SYMBOL,Latin Modern Math: adaptação de escala; licença GUST
U+1D78C,𝞌,MATHEMATICAL SANS-SERIF BOLD KAPPA SYMBOL,Latin Modern Math: adaptação de escala; licença GUST
U+1D78D,𝞍,MATHEMATICAL SANS-SERIF BOLD PHI SYMBOL,Latin Modern Math: adaptação de escala; licença GUST
U+1D78E,𝞎,MATHEMATICAL SANS-SERIF BOLD RHO SYMBOL,Latin Modern Math: adaptação de escala; licença GUST
U+1D78F,𝞏,MATHEMATICAL SANS-SERIF BOLD PI SYMBOL,Latin Modern Math: adaptação de escala; licença GUST
U+1D790,𝞐,MATHEMATICAL SANS-SERIF BOLD ITALIC CAPITAL ALPHA,Latin Modern Math: adaptação de escala; licença GUST
U+1D791,𝞑,MATHEMATICAL SANS-SERIF BOLD ITALIC CAPITAL BETA,Latin Modern Math: adaptação de escala; licença GUST
U+1D792,𝞒,MATHEMATICAL SANS-SERIF BOLD ITALIC CAPITAL GAMMA,Latin Modern Math: adaptação de escala; licença GUST
U+1D793,𝞓,MATHEMATICAL SANS-SERIF BOLD ITALIC CAPITAL DELTA,Latin Modern Math: adaptação de escala; licença GUST
U+1D794,𝞔,MATHEMATICAL SANS-SERIF BOLD ITALIC CAPITAL EPSILON,Latin Modern Math: adaptação de escala; licença GUST
U+1D795,𝞕,MATHEMATICAL SANS-SERIF BOLD ITALIC CAPITAL ZETA,Latin Modern Math: adaptação de escala; licença GUST
U+1D796,𝞖,MATHEMATICAL SANS-SERIF BOLD ITALIC CAPITAL ETA,Latin Modern Math: adaptação de escala; licença GUST
U+1D797,𝞗,MATHEMATICAL SANS-SERIF BOLD ITALIC CAPITAL THETA,Latin Modern Math: adaptação de escala; licença GUST
U+1D798,𝞘,MATHEMATICAL SANS-SERIF BOLD ITALIC CAPITAL IOTA,Latin Modern Math: adaptação de escala; licença GUST
U+1D799,𝞙,MATHEMATICAL SANS-SERIF BOLD ITALIC CAPITAL KAPPA,Latin Modern Math: adaptação de escala; licença GUST
U+1D79A,𝞚,MATHEMATICAL SANS-SERIF BOLD ITALIC CAPITAL LAMDA,Latin Modern Math: adaptação de escala; licença GUST
U+1D79B,𝞛,MATHEMATICAL SANS-SERIF BOLD ITALIC CAPITAL MU,Latin Modern Math: adaptação de escala; licença GUST
U+1D79C,𝞜,MATHEMATICAL SANS-SERIF BOLD ITALIC CAPITAL NU,Latin Modern Math: adaptação de escala; licença GUST
U+1D79D,𝞝,MATHEMATICAL SANS-SERIF BOLD ITALIC CAPITAL XI,Latin Modern Math: adaptação de escala; licença GUST
U+1D79E,𝞞,MATHEMATICAL SANS-SERIF BOLD ITALIC CAPITAL OMICRON,Latin Modern Math: adaptação de escala; licença GUST
U+1D79F,𝞟,MATHEMATICAL SANS-SERIF BOLD ITALIC CAPITAL PI,Latin Modern Math: adaptação de escala; licença GUST
U+1D7A0,𝞠,MATHEMATICAL SANS-SERIF BOLD ITALIC CAPITAL RHO,Latin Modern Math: adaptação de escala; licença GUST
U+1D7A1,𝞡,MATHEMATICAL SANS-SERIF BOLD ITALIC CAPITAL THETA SYMBOL,Latin Modern Math: adaptação de escala; licença GUST
U+1D7A2,𝞢,MATHEMATICAL SANS-SERIF BOLD ITALIC CAPITAL SIGMA,Latin Modern Math: adaptação de escala; licença GUST
U+1D7A3,𝞣,MATHEMATICAL SANS-SERIF BOLD ITALIC CAPITAL TAU,Latin Modern Math: adaptação de escala; licença GUST
U+1D7A4,𝞤,MATHEMATICAL SANS-SERIF BOLD ITALIC CAPITAL UPSILON,Latin Modern Math: adaptação de escala; licença GUST
U+1D7A5,𝞥,MATHEMATICAL SANS-SERIF BOLD ITALIC CAPITAL PHI,Latin Modern Math: adaptação de escala; licença GUST
U+1D7A6,𝞦,MATHEMATICAL SANS-SERIF BOLD ITALIC CAPITAL CHI,Latin Modern Math: adaptação de escala; licença GUST
U+1D7A7,𝞧,MATHEMATICAL SANS-SERIF BOLD ITALIC CAPITAL PSI,Latin Modern Math: adaptação de escala; licença GUST
U+1D7A8,𝞨,MATHEMATICAL SANS-SERIF BOLD ITALIC CAPITAL OMEGA,Latin Modern Math: adaptação de escala; licença GUST
U+1D7A9,𝞩,MATHEMATICAL SANS-SERIF BOLD ITALIC NABLA,Latin Modern Math: adaptação de escala; licença GUST
U+1D7AA,𝞪,MATHEMATICAL SANS-SERIF BOLD ITALIC SMALL ALPHA,Latin Modern Math: adaptação de escala; licença GUST
U+1D7AB,𝞫,MATHEMATICAL SANS-SERIF BOLD ITALIC SMALL BETA,Latin Modern Math: adaptação de escala; licença GUST
U+1D7AC,𝞬,MATHEMATICAL SANS-SERIF BOLD ITALIC SMALL GAMMA,Latin Modern Math: adaptação de escala; licença GUST
U+1D7AD,𝞭,MATHEMATICAL SANS-SERIF BOLD ITALIC SMALL DELTA,Latin Modern Math: adaptação de escala; licença GUST
U+1D7AE,𝞮,MATHEMATICAL SANS-SERIF BOLD ITALIC SMALL EPSILON,Latin Modern Math: adaptação de escala; licença GUST
U+1D7AF,𝞯,MATHEMATICAL SANS-SERIF BOLD ITALIC SMALL ZETA,Latin Modern Math: adaptação de escala; licença GUST
U+1D7B0,𝞰,MATHEMATICAL SANS-SERIF BOLD ITALIC SMALL ETA,Latin Modern Math: adaptação de escala; licença GUST
U+1D7B1,𝞱,MATHEMATICAL SANS-SERIF BOLD ITALIC SMALL THETA,Latin Modern Math: adaptação de escala; licença GUST
U+1D7B2,𝞲,MATHEMATICAL SANS-SERIF BOLD ITALIC SMALL IOTA,Latin Modern Math: adaptação de escala; licença GUST
U+1D7B3,𝞳,MATHEMATICAL SANS-SERIF BOLD ITALIC SMALL KAPPA,Latin Modern Math: adaptação de escala; licença GUST
U+1D7B4,𝞴,MATHEMATICAL SANS-SERIF BOLD ITALIC SMALL LAMDA,Latin Modern Math: adaptação de escala; licença GUST
U+1D7B5,𝞵,MATHEMATICAL SANS-SERIF BOLD ITALIC SMALL MU,Latin Modern Math: adaptação de escala; licença GUST
U+1D7B6,𝞶,MATHEMATICAL SANS-SERIF BOLD ITALIC SMALL NU,Latin Modern Math: adaptação de escala; licença GUST
U+1D7B7,𝞷,MATHEMATICAL SANS-SERIF BOLD ITALIC SMALL XI,Latin Modern Math: adaptação de escala; licença GUST
U+1D7B8,𝞸,MATHEMATICAL SANS-SERIF BOLD ITALIC SMALL OMICRON,Latin Modern Math: adaptação de escala; licença GUST
U+1D7B9,𝞹,MATHEMATICAL SANS-SERIF BOLD ITALIC SMALL PI,Latin Modern Math: adaptação de escala; licença GUST
U+1D7BA,𝞺,MATHEMATICAL SANS-SERIF BOLD ITALIC SMALL RHO,Latin Modern Math: adaptação de escala; licença GUST
U+1D7BB,𝞻,MATHEMATICAL SANS-SERIF BOLD ITALIC SMALL FINAL SIGMA,Latin Modern Math: adaptação de escala; licença GUST
U+1D7BC,𝞼,MATHEMATICAL SANS-SERIF BOLD ITALIC SMALL SIGMA,Latin Modern Math: adaptação de escala; licença GUST
U+1D7BD,𝞽,MATHEMATICAL SANS-SERIF BOLD ITALIC SMALL TAU,Latin Modern Math: adaptação de escala; licença GUST
U+1D7BE,𝞾,MATHEMATICAL SANS-SERIF BOLD ITALIC SMALL UPSILON,Latin Modern Math: adaptação de escala; licença GUST
U+1D7BF,𝞿,MATHEMATICAL SANS-SERIF BOLD ITALIC SMALL PHI,Latin Modern Math: adaptação de escala; licença GUST
U+1D7C0,𝟀,MATHEMATICAL SANS-SERIF BOLD ITALIC SMALL CHI,Latin Modern Math: adaptação de escala; licença GUST
U+1D7C1,𝟁,MATHEMATICAL SANS-SERIF BOLD ITALIC SMALL PSI,Latin Modern Math: adaptação de escala; licença GUST
U+1D7C2,𝟂,MATHEMATICAL SANS-SERIF BOLD ITALIC SMALL OMEGA,Latin Modern Math: adaptação de escala; licença GUST
U+1D7C3,𝟃,MATHEMATICAL SANS-SERIF BOLD ITALIC PARTIAL DIFFERENTIAL,Latin Modern Math: adaptação de escala; licença GUST
U+1D7C4,𝟄,MATHEMATICAL SANS-SERIF BOLD ITALIC EPSILON SYMBOL,Latin Modern Math: adaptação de escala; licença GUST
U+1D7C5,𝟅,MATHEMATICAL SANS-SERIF BOLD ITALIC THETA SYMBOL,Latin Modern Math: adaptação de escala; licença GUST
U+1D7C6,𝟆,MATHEMATICAL SANS-SERIF BOLD ITALIC KAPPA SYMBOL,Latin Modern Math: adaptação de escala; licença GUST
U+1D7C7,𝟇,MATHEMATICAL SANS-SERIF BOLD ITALIC PHI SYMBOL,Latin Modern Math: adaptação de escala; licença GUST
U+1D7C8,𝟈,MATHEMATICAL SANS-SERIF BOLD ITALIC RHO SYMBOL,Latin Modern Math: adaptação de escala; licença GUST
U+1D7C9,𝟉,MATHEMATICAL SANS-SERIF BOLD ITALIC PI SYMBOL,Latin Modern Math: adaptação de escala; licença GUST
U+1D7CE,𝟎,MATHEMATICAL BOLD DIGIT ZERO,Latin Modern Math: adaptação de escala; licença GUST
U+1D7CF,𝟏,MATHEMATICAL BOLD DIGIT ONE,Latin Modern Math: adaptação de escala; licença GUST
U+1D7D0,𝟐,MATHEMATICAL BOLD DIGIT TWO,Latin Modern Math: adaptação de escala; licença GUST
U+1D7D1,𝟑,MATHEMATICAL BOLD DIGIT THREE,Latin Modern Math: adaptação de escala; licença GUST
U+1D7D2,𝟒,MATHEMATICAL BOLD DIGIT FOUR,Latin Modern Math: adaptação de escala; licença GUST
U+1D7D3,𝟓,MATHEMATICAL BOLD DIGIT FIVE,Latin Modern Math: adaptação de escala; licença GUST
U+1D7D4,𝟔,MATHEMATICAL BOLD DIGIT SIX,Latin Modern Math: adaptação de escala; licença GUST
U+1D7D5,𝟕,MATHEMATICAL BOLD DIGIT SEVEN,Latin Modern Math: adaptação de escala; licença GUST
U+1D7D6,𝟖,MATHEMATICAL BOLD DIGIT EIGHT,Latin Modern Math: adaptação de escala; licença GUST
U+1D7D7,𝟗,MATHEMATICAL BOLD DIGIT NINE,Latin Modern Math: adaptação de escala; licença GUST
U+1D7D8,𝟘,MATHEMATICAL DOUBLE-STRUCK DIGIT ZERO,DejaVu Serif: base vetorial licenciada
U+1D7D9,𝟙,MATHEMATICAL DOUBLE-STRUCK DIGIT ONE,DejaVu Serif: base vetorial licenciada
U+1D7DA,𝟚,MATHEMATICAL DOUBLE-STRUCK DIGIT TWO,DejaVu Serif: base vetorial licenciada
U+1D7DB,𝟛,MATHEMATICAL DOUBLE-STRUCK DIGIT THREE,DejaVu Serif: base vetorial licenciada
U+1D7DC,𝟜,MATHEMATICAL DOUBLE-STRUCK DIGIT FOUR,DejaVu Serif: base vetorial licenciada
U+1D7DD,𝟝,MATHEMATICAL DOUBLE-STRUCK DIGIT FIVE,DejaVu Serif: base vetorial licenciada
U+1D7DE,𝟞,MATHEMATICAL DOUBLE-STRUCK DIGIT SIX,DejaVu Serif: base vetorial licenciada
U+1D7DF,𝟟,MATHEMATICAL DOUBLE-STRUCK DIGIT SEVEN,DejaVu Serif: base vetorial licenciada
U+1D7E0,𝟠,MATHEMATICAL DOUBLE-STRUCK DIGIT EIGHT,DejaVu Serif: base vetorial licenciada
U+1D7E1,𝟡,MATHEMATICAL DOUBLE-STRUCK DIGIT NINE,DejaVu Serif: base vetorial licenciada
U+1D7E2,𝟢,MATHEMATICAL SANS-SERIF DIGIT ZERO,Latin Modern Math: adaptação de escala; licença GUST
U+1D7E3,𝟣,MATHEMATICAL SANS-SERIF DIGIT ONE,Latin Modern Math: adaptação de escala; licença GUST
U+1D7E4,𝟤,MATHEMATICAL SANS-SERIF DIGIT TWO,Latin Modern Math: adaptação de escala; licença GUST
U+1D7E5,𝟥,MATHEMATICAL SANS-SERIF DIGIT THREE,Latin Modern Math: adaptação de escala; licença GUST
U+1D7E6,𝟦,MATHEMATICAL SANS-SERIF DIGIT FOUR,Latin Modern Math: adaptação de escala; licença GUST
U+1D7E7,𝟧,MATHEMATICAL SANS-SERIF DIGIT FIVE,Latin Modern Math: adaptação de escala; licença GUST
U+1D7E8,𝟨,MATHEMATICAL SANS-SERIF DIGIT SIX,Latin Modern Math: adaptação de escala; licença GUST
U+1D7E9,𝟩,MATHEMATICAL SANS-SERIF DIGIT SEVEN,Latin Modern Math: adaptação de escala; licença GUST
U+1D7EA,𝟪,MATHEMATICAL SANS-SERIF DIGIT EIGHT,Latin Modern Math: adaptação de escala; licença GUST
U+1D7EB,𝟫,MATHEMATICAL SANS-SERIF DIGIT NINE,Latin Modern Math: adaptação de escala; licença GUST
U+1D7EC,𝟬,MATHEMATICAL SANS-SERIF BOLD DIGIT ZERO,Latin Modern Math: adaptação de escala; licença GUST
U+1D7ED,𝟭,MATHEMATICAL SANS-SERIF BOLD DIGIT ONE,Latin Modern Math: adaptação de escala; licença GUST
U+1D7EE,𝟮,MATHEMATICAL SANS-SERIF BOLD DIGIT TWO,Latin Modern Math: adaptação de escala; licença GUST
U+1D7EF,𝟯,MATHEMATICAL SANS-SERIF BOLD DIGIT THREE,Latin Modern Math: adaptação de escala; licença GUST
U+1D7F0,𝟰,MATHEMATICAL SANS-SERIF BOLD DIGIT FOUR,Latin Modern Math: adaptação de escala; licença GUST
U+1D7F1,𝟱,MATHEMATICAL SANS-SERIF BOLD DIGIT FIVE,Latin Modern Math: adaptação de escala; licença GUST
U+1D7F2,𝟲,MATHEMATICAL SANS-SERIF BOLD DIGIT SIX,Latin Modern Math: adaptação de escala; licença GUST
U+1D7F3,𝟳,MATHEMATICAL SANS-SERIF BOLD DIGIT SEVEN,Latin Modern Math: adaptação de escala; licença GUST
U+1D7F4,𝟴,MATHEMATICAL SANS-SERIF BOLD DIGIT EIGHT,Latin Modern Math: adaptação de escala; licença GUST
U+1D7F5,𝟵,MATHEMATICAL SANS-SERIF BOLD DIGIT NINE,Latin Modern Math: adaptação de escala; licença GUST
U+1D7F6,𝟶,MATHEMATICAL MONOSPACE DIGIT ZERO,Latin Modern Math: adaptação de escala; licença GUST
U+1D7F7,𝟷,MATHEMATICAL MONOSPACE DIGIT ONE,Latin Modern Math: adaptação de escala; licença GUST
U+1D7F8,𝟸,MATHEMATICAL MONOSPACE DIGIT TWO,Latin Modern Math: adaptação de escala; licença GUST
U+1D7F9,𝟹,MATHEMATICAL MONOSPACE DIGIT THREE,Latin Modern Math: adaptação de escala; licença GUST
U+1D7FA,𝟺,MATHEMATICAL MONOSPACE DIGIT FOUR,Latin Modern Math: adaptação de escala; licença GUST
U+1D7FB,𝟻,MATHEMATICAL MONOSPACE DIGIT FIVE,Latin Modern Math: adaptação de escala; licença GUST
U+1D7FC,𝟼,MATHEMATICAL MONOSPACE DIGIT SIX,Latin Modern Math: adaptação de escala; licença GUST
U+1D7FD,𝟽,MATHEMATICAL MONOSPACE DIGIT SEVEN,Latin Modern Math: adaptação de escala; licença GUST
U+1D7FE,𝟾,MATHEMATICAL MONOSPACE DIGIT EIGHT,Latin Modern Math: adaptação de escala; licença GUST
U+1D7FF,𝟿,MATHEMATICAL MONOSPACE DIGIT NINE,Latin Modern Math: adaptação de escala; licença GUST
